poll_id,cycle,pollster,publisher,fieldwork_end,sample_size,party_id,seats,vote_pct,sums_ok,page,section,source_row
2026_20221223_panelspolitics,2026,Panels Politics,Maariv,2022-12-23,,balad,4,,True,2026_2223,Polls,2026_2223:0:128
2026_20221223_panelspolitics,2026,Panels Politics,Maariv,2022-12-23,,blue_white,10,,True,2026_2223,Polls,2026_2223:0:128
2026_20221223_panelspolitics,2026,Panels Politics,Maariv,2022-12-23,,labor,4,,True,2026_2223,Polls,2026_2223:0:128
2026_20221223_panelspolitics,2026,Panels Politics,Maariv,2022-12-23,,likud,35,,True,2026_2223,Polls,2026_2223:0:128
2026_20221223_panelspolitics,2026,Panels Politics,Maariv,2022-12-23,,meretz,4,,True,2026_2223,Polls,2026_2223:0:128
2026_20221223_panelspolitics,2026,Panels Politics,Maariv,2022-12-23,,otzma+rzp,12,,True,2026_2223,Polls,2026_2223:0:128
2026_20221223_panelspolitics,2026,Panels Politics,Maariv,2022-12-23,,raam,4,,True,2026_2223,Polls,2026_2223:0:128
2026_20221223_panelspolitics,2026,Panels Politics,Maariv,2022-12-23,,shas,9,,True,2026_2223,Polls,2026_2223:0:128
2026_20221223_panelspolitics,2026,Panels Politics,Maariv,2022-12-23,,utj,8,,True,2026_2223,Polls,2026_2223:0:128
2026_20221223_panelspolitics,2026,Panels Politics,Maariv,2022-12-23,,yesh_atid,26,,True,2026_2223,Polls,2026_2223:0:128
2026_20221223_panelspolitics,2026,Panels Politics,Maariv,2022-12-23,,yisrael_beytenu,4,,True,2026_2223,Polls,2026_2223:0:128
2026_20230101_camilfuchs,2026,Camil Fuchs,Channel 13,2023-01-01,,blue_white,12,,True,2026_2223,Polls,2026_2223:0:126
2026_20230101_camilfuchs,2026,Camil Fuchs,Channel 13,2023-01-01,,hadash_taal,4,,True,2026_2223,Polls,2026_2223:0:126
2026_20230101_camilfuchs,2026,Camil Fuchs,Channel 13,2023-01-01,,labor,4,,True,2026_2223,Polls,2026_2223:0:126
2026_20230101_camilfuchs,2026,Camil Fuchs,Channel 13,2023-01-01,,likud,31,,True,2026_2223,Polls,2026_2223:0:126
2026_20230101_camilfuchs,2026,Camil Fuchs,Channel 13,2023-01-01,,meretz,4,,True,2026_2223,Polls,2026_2223:0:126
2026_20230101_camilfuchs,2026,Camil Fuchs,Channel 13,2023-01-01,,otzma+rzp,12,,True,2026_2223,Polls,2026_2223:0:126
2026_20230101_camilfuchs,2026,Camil Fuchs,Channel 13,2023-01-01,,raam,6,,True,2026_2223,Polls,2026_2223:0:126
2026_20230101_camilfuchs,2026,Camil Fuchs,Channel 13,2023-01-01,,shas,8,,True,2026_2223,Polls,2026_2223:0:126
2026_20230101_camilfuchs,2026,Camil Fuchs,Channel 13,2023-01-01,,utj,7,,True,2026_2223,Polls,2026_2223:0:126
2026_20230101_camilfuchs,2026,Camil Fuchs,Channel 13,2023-01-01,,yesh_atid,26,,True,2026_2223,Polls,2026_2223:0:126
2026_20230101_camilfuchs,2026,Camil Fuchs,Channel 13,2023-01-01,,yisrael_beytenu,6,,True,2026_2223,Polls,2026_2223:0:126
2026_20230126_panelspolitics,2026,Panels Politics,Maariv,2023-01-26,,balad,0,2.4,True,2026_2223,Polls,2026_2223:0:125
2026_20230126_panelspolitics,2026,Panels Politics,Maariv,2023-01-26,,blue_white,15,,True,2026_2223,Polls,2026_2223:0:125
2026_20230126_panelspolitics,2026,Panels Politics,Maariv,2023-01-26,,hadash_taal,4,,True,2026_2223,Polls,2026_2223:0:125
2026_20230126_panelspolitics,2026,Panels Politics,Maariv,2023-01-26,,labor,4,,True,2026_2223,Polls,2026_2223:0:125
2026_20230126_panelspolitics,2026,Panels Politics,Maariv,2023-01-26,,likud,31,,True,2026_2223,Polls,2026_2223:0:125
2026_20230126_panelspolitics,2026,Panels Politics,Maariv,2023-01-26,,meretz,5,,True,2026_2223,Polls,2026_2223:0:125
2026_20230126_panelspolitics,2026,Panels Politics,Maariv,2023-01-26,,otzma,8,,True,2026_2223,Polls,2026_2223:0:125
2026_20230126_panelspolitics,2026,Panels Politics,Maariv,2023-01-26,,raam,0,2.0,True,2026_2223,Polls,2026_2223:0:125
2026_20230126_panelspolitics,2026,Panels Politics,Maariv,2023-01-26,,rzp,5,,True,2026_2223,Polls,2026_2223:0:125
2026_20230126_panelspolitics,2026,Panels Politics,Maariv,2023-01-26,,shas,9,,True,2026_2223,Polls,2026_2223:0:125
2026_20230126_panelspolitics,2026,Panels Politics,Maariv,2023-01-26,,utj,7,,True,2026_2223,Polls,2026_2223:0:125
2026_20230126_panelspolitics,2026,Panels Politics,Maariv,2023-01-26,,yesh_atid,27,,True,2026_2223,Polls,2026_2223:0:125
2026_20230126_panelspolitics,2026,Panels Politics,Maariv,2023-01-26,,yisrael_beytenu,5,,True,2026_2223,Polls,2026_2223:0:125
2026_20230202_directpolls,2026,Direct Polls,Channel 14,2023-02-02,,blue_white,12,,True,2026_2223,Polls,2026_2223:0:124
2026_20230202_directpolls,2026,Direct Polls,Channel 14,2023-02-02,,hadash_taal,5,,True,2026_2223,Polls,2026_2223:0:124
2026_20230202_directpolls,2026,Direct Polls,Channel 14,2023-02-02,,labor,4,,True,2026_2223,Polls,2026_2223:0:124
2026_20230202_directpolls,2026,Direct Polls,Channel 14,2023-02-02,,likud,30,,True,2026_2223,Polls,2026_2223:0:124
2026_20230202_directpolls,2026,Direct Polls,Channel 14,2023-02-02,,otzma,8,,True,2026_2223,Polls,2026_2223:0:124
2026_20230202_directpolls,2026,Direct Polls,Channel 14,2023-02-02,,raam,5,,True,2026_2223,Polls,2026_2223:0:124
2026_20230202_directpolls,2026,Direct Polls,Channel 14,2023-02-02,,rzp,6,,True,2026_2223,Polls,2026_2223:0:124
2026_20230202_directpolls,2026,Direct Polls,Channel 14,2023-02-02,,shas,12,,True,2026_2223,Polls,2026_2223:0:124
2026_20230202_directpolls,2026,Direct Polls,Channel 14,2023-02-02,,utj,8,,True,2026_2223,Polls,2026_2223:0:124
2026_20230202_directpolls,2026,Direct Polls,Channel 14,2023-02-02,,yesh_atid,24,,True,2026_2223,Polls,2026_2223:0:124
2026_20230202_directpolls,2026,Direct Polls,Channel 14,2023-02-02,,yisrael_beytenu,6,,True,2026_2223,Polls,2026_2223:0:124
2026_20230203_midgam,2026,Midgam,HaHadashot 12,2023-02-03,,balad,0,1.8,True,2026_2223,Polls,2026_2223:0:123
2026_20230203_midgam,2026,Midgam,HaHadashot 12,2023-02-03,,blue_white,14,,True,2026_2223,Polls,2026_2223:0:123
2026_20230203_midgam,2026,Midgam,HaHadashot 12,2023-02-03,,hadash_taal,5,,True,2026_2223,Polls,2026_2223:0:123
2026_20230203_midgam,2026,Midgam,HaHadashot 12,2023-02-03,,labor,0,2.4,True,2026_2223,Polls,2026_2223:0:123
2026_20230203_midgam,2026,Midgam,HaHadashot 12,2023-02-03,,likud,30,,True,2026_2223,Polls,2026_2223:0:123
2026_20230203_midgam,2026,Midgam,HaHadashot 12,2023-02-03,,meretz,4,,True,2026_2223,Polls,2026_2223:0:123
2026_20230203_midgam,2026,Midgam,HaHadashot 12,2023-02-03,,otzma+rzp,14,,True,2026_2223,Polls,2026_2223:0:123
2026_20230203_midgam,2026,Midgam,HaHadashot 12,2023-02-03,,raam,5,,True,2026_2223,Polls,2026_2223:0:123
2026_20230203_midgam,2026,Midgam,HaHadashot 12,2023-02-03,,shas,11,,True,2026_2223,Polls,2026_2223:0:123
2026_20230203_midgam,2026,Midgam,HaHadashot 12,2023-02-03,,utj,7,,True,2026_2223,Polls,2026_2223:0:123
2026_20230203_midgam,2026,Midgam,HaHadashot 12,2023-02-03,,yesh_atid,24,,True,2026_2223,Polls,2026_2223:0:123
2026_20230203_midgam,2026,Midgam,HaHadashot 12,2023-02-03,,yisrael_beytenu,6,,True,2026_2223,Polls,2026_2223:0:123
2026_20230220_camilfuchs,2026,Camil Fuchs,Channel 13,2023-02-20,,balad,4,,True,2026_2223,Polls,2026_2223:0:122
2026_20230220_camilfuchs,2026,Camil Fuchs,Channel 13,2023-02-20,,blue_white,14,,True,2026_2223,Polls,2026_2223:0:122
2026_20230220_camilfuchs,2026,Camil Fuchs,Channel 13,2023-02-20,,hadash_taal,5,,True,2026_2223,Polls,2026_2223:0:122
2026_20230220_camilfuchs,2026,Camil Fuchs,Channel 13,2023-02-20,,labor,4,,True,2026_2223,Polls,2026_2223:0:122
2026_20230220_camilfuchs,2026,Camil Fuchs,Channel 13,2023-02-20,,likud,27,,True,2026_2223,Polls,2026_2223:0:122
2026_20230220_camilfuchs,2026,Camil Fuchs,Channel 13,2023-02-20,,otzma+rzp,12,,True,2026_2223,Polls,2026_2223:0:122
2026_20230220_camilfuchs,2026,Camil Fuchs,Channel 13,2023-02-20,,raam,6,,True,2026_2223,Polls,2026_2223:0:122
2026_20230220_camilfuchs,2026,Camil Fuchs,Channel 13,2023-02-20,,shas,10,,True,2026_2223,Polls,2026_2223:0:122
2026_20230220_camilfuchs,2026,Camil Fuchs,Channel 13,2023-02-20,,utj,7,,True,2026_2223,Polls,2026_2223:0:122
2026_20230220_camilfuchs,2026,Camil Fuchs,Channel 13,2023-02-20,,yesh_atid,26,,True,2026_2223,Polls,2026_2223:0:122
2026_20230220_camilfuchs,2026,Camil Fuchs,Channel 13,2023-02-20,,yisrael_beytenu,5,,True,2026_2223,Polls,2026_2223:0:122
2026_20230222_directpolls,2026,Direct Polls,Channel 14,2023-02-22,,blue_white,13,,True,2026_2223,Polls,2026_2223:0:121
2026_20230222_directpolls,2026,Direct Polls,Channel 14,2023-02-22,,hadash_taal,5,,True,2026_2223,Polls,2026_2223:0:121
2026_20230222_directpolls,2026,Direct Polls,Channel 14,2023-02-22,,labor,4,,True,2026_2223,Polls,2026_2223:0:121
2026_20230222_directpolls,2026,Direct Polls,Channel 14,2023-02-22,,likud,31,,True,2026_2223,Polls,2026_2223:0:121
2026_20230222_directpolls,2026,Direct Polls,Channel 14,2023-02-22,,meretz,0,3.2,True,2026_2223,Polls,2026_2223:0:121
2026_20230222_directpolls,2026,Direct Polls,Channel 14,2023-02-22,,otzma,7,,True,2026_2223,Polls,2026_2223:0:121
2026_20230222_directpolls,2026,Direct Polls,Channel 14,2023-02-22,,raam,5,,True,2026_2223,Polls,2026_2223:0:121
2026_20230222_directpolls,2026,Direct Polls,Channel 14,2023-02-22,,rzp,7,,True,2026_2223,Polls,2026_2223:0:121
2026_20230222_directpolls,2026,Direct Polls,Channel 14,2023-02-22,,shas,11,,True,2026_2223,Polls,2026_2223:0:121
2026_20230222_directpolls,2026,Direct Polls,Channel 14,2023-02-22,,utj,8,,True,2026_2223,Polls,2026_2223:0:121
2026_20230222_directpolls,2026,Direct Polls,Channel 14,2023-02-22,,yesh_atid,23,,True,2026_2223,Polls,2026_2223:0:121
2026_20230222_directpolls,2026,Direct Polls,Channel 14,2023-02-22,,yisrael_beytenu,6,,True,2026_2223,Polls,2026_2223:0:121
2026_20230224_panelspolitics,2026,Panels Politics,Maariv,2023-02-24,,balad,0,2.1,True,2026_2223,Polls,2026_2223:0:120
2026_20230224_panelspolitics,2026,Panels Politics,Maariv,2023-02-24,,blue_white,19,,True,2026_2223,Polls,2026_2223:0:120
2026_20230224_panelspolitics,2026,Panels Politics,Maariv,2023-02-24,,hadash_taal,5,,True,2026_2223,Polls,2026_2223:0:120
2026_20230224_panelspolitics,2026,Panels Politics,Maariv,2023-02-24,,labor,5,,True,2026_2223,Polls,2026_2223:0:120
2026_20230224_panelspolitics,2026,Panels Politics,Maariv,2023-02-24,,likud,26,,True,2026_2223,Polls,2026_2223:0:120
2026_20230224_panelspolitics,2026,Panels Politics,Maariv,2023-02-24,,meretz,4,,True,2026_2223,Polls,2026_2223:0:120
2026_20230224_panelspolitics,2026,Panels Politics,Maariv,2023-02-24,,otzma,7,,True,2026_2223,Polls,2026_2223:0:120
2026_20230224_panelspolitics,2026,Panels Politics,Maariv,2023-02-24,,raam,0,2.6,True,2026_2223,Polls,2026_2223:0:120
2026_20230224_panelspolitics,2026,Panels Politics,Maariv,2023-02-24,,rzp,5,,True,2026_2223,Polls,2026_2223:0:120
2026_20230224_panelspolitics,2026,Panels Politics,Maariv,2023-02-24,,shas,10,,True,2026_2223,Polls,2026_2223:0:120
2026_20230224_panelspolitics,2026,Panels Politics,Maariv,2023-02-24,,utj,7,,True,2026_2223,Polls,2026_2223:0:120
2026_20230224_panelspolitics,2026,Panels Politics,Maariv,2023-02-24,,yesh_atid,27,,True,2026_2223,Polls,2026_2223:0:120
2026_20230224_panelspolitics,2026,Panels Politics,Maariv,2023-02-24,,yisrael_beytenu,5,,True,2026_2223,Polls,2026_2223:0:120
2026_20230227_kantar,2026,Kantar,Kan 11,2023-02-27,,balad,0,3.0,True,2026_2223,Polls,2026_2223:0:119
2026_20230227_kantar,2026,Kantar,Kan 11,2023-02-27,,blue_white,15,,True,2026_2223,Polls,2026_2223:0:119
2026_20230227_kantar,2026,Kantar,Kan 11,2023-02-27,,hadash_taal,5,,True,2026_2223,Polls,2026_2223:0:119
2026_20230227_kantar,2026,Kantar,Kan 11,2023-02-27,,labor,0,3.1,True,2026_2223,Polls,2026_2223:0:119
2026_20230227_kantar,2026,Kantar,Kan 11,2023-02-27,,likud,29,,True,2026_2223,Polls,2026_2223:0:119
2026_20230227_kantar,2026,Kantar,Kan 11,2023-02-27,,meretz,4,,True,2026_2223,Polls,2026_2223:0:119
2026_20230227_kantar,2026,Kantar,Kan 11,2023-02-27,,otzma+rzp,13,,True,2026_2223,Polls,2026_2223:0:119
2026_20230227_kantar,2026,Kantar,Kan 11,2023-02-27,,raam,6,,True,2026_2223,Polls,2026_2223:0:119
2026_20230227_kantar,2026,Kantar,Kan 11,2023-02-27,,shas,10,,True,2026_2223,Polls,2026_2223:0:119
2026_20230227_kantar,2026,Kantar,Kan 11,2023-02-27,,utj,7,,True,2026_2223,Polls,2026_2223:0:119
2026_20230227_kantar,2026,Kantar,Kan 11,2023-02-27,,yesh_atid,26,,True,2026_2223,Polls,2026_2223:0:119
2026_20230227_kantar,2026,Kantar,Kan 11,2023-02-27,,yisrael_beytenu,5,,True,2026_2223,Polls,2026_2223:0:119
2026_20230228_midgam,2026,Midgam,HaHadashot 12,2023-02-28,,balad,0,2.0,True,2026_2223,Polls,2026_2223:0:118
2026_20230228_midgam,2026,Midgam,HaHadashot 12,2023-02-28,,blue_white,14,,True,2026_2223,Polls,2026_2223:0:118
2026_20230228_midgam,2026,Midgam,HaHadashot 12,2023-02-28,,hadash_taal,5,,True,2026_2223,Polls,2026_2223:0:118
2026_20230228_midgam,2026,Midgam,HaHadashot 12,2023-02-28,,labor,0,2.8,True,2026_2223,Polls,2026_2223:0:118
2026_20230228_midgam,2026,Midgam,HaHadashot 12,2023-02-28,,likud,29,,True,2026_2223,Polls,2026_2223:0:118
2026_20230228_midgam,2026,Midgam,HaHadashot 12,2023-02-28,,meretz,4,,True,2026_2223,Polls,2026_2223:0:118
2026_20230228_midgam,2026,Midgam,HaHadashot 12,2023-02-28,,otzma+rzp,12,,True,2026_2223,Polls,2026_2223:0:118
2026_20230228_midgam,2026,Midgam,HaHadashot 12,2023-02-28,,raam,6,,True,2026_2223,Polls,2026_2223:0:118
2026_20230228_midgam,2026,Midgam,HaHadashot 12,2023-02-28,,shas,11,,True,2026_2223,Polls,2026_2223:0:118
2026_20230228_midgam,2026,Midgam,HaHadashot 12,2023-02-28,,utj,7,,True,2026_2223,Polls,2026_2223:0:118
2026_20230228_midgam,2026,Midgam,HaHadashot 12,2023-02-28,,yesh_atid,26,,True,2026_2223,Polls,2026_2223:0:118
2026_20230228_midgam,2026,Midgam,HaHadashot 12,2023-02-28,,yisrael_beytenu,6,,True,2026_2223,Polls,2026_2223:0:118
2026_20230305_camilfuchs,2026,Camil Fuchs,Channel 13,2023-03-05,,blue_white,14,,True,2026_2223,Polls,2026_2223:0:117
2026_20230305_camilfuchs,2026,Camil Fuchs,Channel 13,2023-03-05,,hadash_taal,5,,True,2026_2223,Polls,2026_2223:0:117
2026_20230305_camilfuchs,2026,Camil Fuchs,Channel 13,2023-03-05,,labor,6,,True,2026_2223,Polls,2026_2223:0:117
2026_20230305_camilfuchs,2026,Camil Fuchs,Channel 13,2023-03-05,,likud,28,,True,2026_2223,Polls,2026_2223:0:117
2026_20230305_camilfuchs,2026,Camil Fuchs,Channel 13,2023-03-05,,otzma+rzp,12,,True,2026_2223,Polls,2026_2223:0:117
2026_20230305_camilfuchs,2026,Camil Fuchs,Channel 13,2023-03-05,,raam,6,,True,2026_2223,Polls,2026_2223:0:117
2026_20230305_camilfuchs,2026,Camil Fuchs,Channel 13,2023-03-05,,shas,9,,True,2026_2223,Polls,2026_2223:0:117
2026_20230305_camilfuchs,2026,Camil Fuchs,Channel 13,2023-03-05,,utj,7,,True,2026_2223,Polls,2026_2223:0:117
2026_20230305_camilfuchs,2026,Camil Fuchs,Channel 13,2023-03-05,,yesh_atid,27,,True,2026_2223,Polls,2026_2223:0:117
2026_20230305_camilfuchs,2026,Camil Fuchs,Channel 13,2023-03-05,,yisrael_beytenu,6,,True,2026_2223,Polls,2026_2223:0:117
2026_20230305_directpolls,2026,Direct Polls,Channel 14,2023-03-05,,balad,0,2.9,True,2026_2223,Polls,2026_2223:0:116
2026_20230305_directpolls,2026,Direct Polls,Channel 14,2023-03-05,,blue_white,15,,True,2026_2223,Polls,2026_2223:0:116
2026_20230305_directpolls,2026,Direct Polls,Channel 14,2023-03-05,,hadash_taal,5,,True,2026_2223,Polls,2026_2223:0:116
2026_20230305_directpolls,2026,Direct Polls,Channel 14,2023-03-05,,labor,0,2.9,True,2026_2223,Polls,2026_2223:0:116
2026_20230305_directpolls,2026,Direct Polls,Channel 14,2023-03-05,,likud,32,,True,2026_2223,Polls,2026_2223:0:116
2026_20230305_directpolls,2026,Direct Polls,Channel 14,2023-03-05,,meretz,4,,True,2026_2223,Polls,2026_2223:0:116
2026_20230305_directpolls,2026,Direct Polls,Channel 14,2023-03-05,,otzma,6,,True,2026_2223,Polls,2026_2223:0:116
2026_20230305_directpolls,2026,Direct Polls,Channel 14,2023-03-05,,raam,5,,True,2026_2223,Polls,2026_2223:0:116
2026_20230305_directpolls,2026,Direct Polls,Channel 14,2023-03-05,,rzp,6,,True,2026_2223,Polls,2026_2223:0:116
2026_20230305_directpolls,2026,Direct Polls,Channel 14,2023-03-05,,shas,11,,True,2026_2223,Polls,2026_2223:0:116
2026_20230305_directpolls,2026,Direct Polls,Channel 14,2023-03-05,,utj,7,,True,2026_2223,Polls,2026_2223:0:116
2026_20230305_directpolls,2026,Direct Polls,Channel 14,2023-03-05,,yesh_atid,22,,True,2026_2223,Polls,2026_2223:0:116
2026_20230305_directpolls,2026,Direct Polls,Channel 14,2023-03-05,,yisrael_beytenu,7,,True,2026_2223,Polls,2026_2223:0:116
2026_20230309_panelspolitics,2026,Panels Politics,Maariv,2023-03-09,,blue_white,16,,True,2026_2223,Polls,2026_2223:0:115
2026_20230309_panelspolitics,2026,Panels Politics,Maariv,2023-03-09,,hadash_taal,5,,True,2026_2223,Polls,2026_2223:0:115
2026_20230309_panelspolitics,2026,Panels Politics,Maariv,2023-03-09,,labor,4,,True,2026_2223,Polls,2026_2223:0:115
2026_20230309_panelspolitics,2026,Panels Politics,Maariv,2023-03-09,,likud,27,,True,2026_2223,Polls,2026_2223:0:115
2026_20230309_panelspolitics,2026,Panels Politics,Maariv,2023-03-09,,meretz,4,,True,2026_2223,Polls,2026_2223:0:115
2026_20230309_panelspolitics,2026,Panels Politics,Maariv,2023-03-09,,otzma,7,,True,2026_2223,Polls,2026_2223:0:115
2026_20230309_panelspolitics,2026,Panels Politics,Maariv,2023-03-09,,raam,4,,True,2026_2223,Polls,2026_2223:0:115
2026_20230309_panelspolitics,2026,Panels Politics,Maariv,2023-03-09,,rzp,5,,True,2026_2223,Polls,2026_2223:0:115
2026_20230309_panelspolitics,2026,Panels Politics,Maariv,2023-03-09,,shas,10,,True,2026_2223,Polls,2026_2223:0:115
2026_20230309_panelspolitics,2026,Panels Politics,Maariv,2023-03-09,,utj,7,,True,2026_2223,Polls,2026_2223:0:115
2026_20230309_panelspolitics,2026,Panels Politics,Maariv,2023-03-09,,yesh_atid,25,,True,2026_2223,Polls,2026_2223:0:115
2026_20230309_panelspolitics,2026,Panels Politics,Maariv,2023-03-09,,yisrael_beytenu,6,,True,2026_2223,Polls,2026_2223:0:115
2026_20230316_camilfuchs,2026,Camil Fuchs,Channel 13,2023-03-16,,blue_white,13,,True,2026_2223,Polls,2026_2223:0:110
2026_20230316_camilfuchs,2026,Camil Fuchs,Channel 13,2023-03-16,,hadash_taal,5,,True,2026_2223,Polls,2026_2223:0:110
2026_20230316_camilfuchs,2026,Camil Fuchs,Channel 13,2023-03-16,,labor,5,,True,2026_2223,Polls,2026_2223:0:110
2026_20230316_camilfuchs,2026,Camil Fuchs,Channel 13,2023-03-16,,likud,28,,True,2026_2223,Polls,2026_2223:0:110
2026_20230316_camilfuchs,2026,Camil Fuchs,Channel 13,2023-03-16,,otzma+rzp,13,,True,2026_2223,Polls,2026_2223:0:110
2026_20230316_camilfuchs,2026,Camil Fuchs,Channel 13,2023-03-16,,raam,6,,True,2026_2223,Polls,2026_2223:0:110
2026_20230316_camilfuchs,2026,Camil Fuchs,Channel 13,2023-03-16,,shas,10,,True,2026_2223,Polls,2026_2223:0:110
2026_20230316_camilfuchs,2026,Camil Fuchs,Channel 13,2023-03-16,,utj,7,,True,2026_2223,Polls,2026_2223:0:110
2026_20230316_camilfuchs,2026,Camil Fuchs,Channel 13,2023-03-16,,yesh_atid,27,,True,2026_2223,Polls,2026_2223:0:110
2026_20230316_camilfuchs,2026,Camil Fuchs,Channel 13,2023-03-16,,yisrael_beytenu,6,,True,2026_2223,Polls,2026_2223:0:110
2026_20230316_directpolls,2026,Direct Polls,Channel 14,2023-03-16,,balad,0,2.7,True,2026_2223,Polls,2026_2223:0:112
2026_20230316_directpolls,2026,Direct Polls,Channel 14,2023-03-16,,blue_white,15,,True,2026_2223,Polls,2026_2223:0:112
2026_20230316_directpolls,2026,Direct Polls,Channel 14,2023-03-16,,hadash_taal,5,,True,2026_2223,Polls,2026_2223:0:112
2026_20230316_directpolls,2026,Direct Polls,Channel 14,2023-03-16,,labor,0,2.8,True,2026_2223,Polls,2026_2223:0:112
2026_20230316_directpolls,2026,Direct Polls,Channel 14,2023-03-16,,likud,32,,True,2026_2223,Polls,2026_2223:0:112
2026_20230316_directpolls,2026,Direct Polls,Channel 14,2023-03-16,,meretz,4,,True,2026_2223,Polls,2026_2223:0:112
2026_20230316_directpolls,2026,Direct Polls,Channel 14,2023-03-16,,otzma,6,,True,2026_2223,Polls,2026_2223:0:112
2026_20230316_directpolls,2026,Direct Polls,Channel 14,2023-03-16,,raam,5,,True,2026_2223,Polls,2026_2223:0:112
2026_20230316_directpolls,2026,Direct Polls,Channel 14,2023-03-16,,rzp,6,,True,2026_2223,Polls,2026_2223:0:112
2026_20230316_directpolls,2026,Direct Polls,Channel 14,2023-03-16,,shas,11,,True,2026_2223,Polls,2026_2223:0:112
2026_20230316_directpolls,2026,Direct Polls,Channel 14,2023-03-16,,utj,7,,True,2026_2223,Polls,2026_2223:0:112
2026_20230316_directpolls,2026,Direct Polls,Channel 14,2023-03-16,,yesh_atid,23,,True,2026_2223,Polls,2026_2223:0:112
2026_20230316_directpolls,2026,Direct Polls,Channel 14,2023-03-16,,yisrael_beytenu,6,,True,2026_2223,Polls,2026_2223:0:112
2026_20230316_kantar,2026,Kantar,Kan 11,2023-03-16,,balad,0,2.6,True,2026_2223,Polls,2026_2223:0:113
2026_20230316_kantar,2026,Kantar,Kan 11,2023-03-16,,blue_white,17,,True,2026_2223,Polls,2026_2223:0:113
2026_20230316_kantar,2026,Kantar,Kan 11,2023-03-16,,hadash_taal,5,,True,2026_2223,Polls,2026_2223:0:113
2026_20230316_kantar,2026,Kantar,Kan 11,2023-03-16,,labor,0,2.9,True,2026_2223,Polls,2026_2223:0:113
2026_20230316_kantar,2026,Kantar,Kan 11,2023-03-16,,likud,28,,True,2026_2223,Polls,2026_2223:0:113
2026_20230316_kantar,2026,Kantar,Kan 11,2023-03-16,,meretz,4,,True,2026_2223,Polls,2026_2223:0:113
2026_20230316_kantar,2026,Kantar,Kan 11,2023-03-16,,otzma+rzp,12,,True,2026_2223,Polls,2026_2223:0:113
2026_20230316_kantar,2026,Kantar,Kan 11,2023-03-16,,raam,6,,True,2026_2223,Polls,2026_2223:0:113
2026_20230316_kantar,2026,Kantar,Kan 11,2023-03-16,,shas,11,,True,2026_2223,Polls,2026_2223:0:113
2026_20230316_kantar,2026,Kantar,Kan 11,2023-03-16,,utj,7,,True,2026_2223,Polls,2026_2223:0:113
2026_20230316_kantar,2026,Kantar,Kan 11,2023-03-16,,yesh_atid,24,,True,2026_2223,Polls,2026_2223:0:113
2026_20230316_kantar,2026,Kantar,Kan 11,2023-03-16,,yisrael_beytenu,6,,True,2026_2223,Polls,2026_2223:0:113
2026_20230316_midgam,2026,Midgam,HaHadashot 12,2023-03-16,,balad,0,1.0,True,2026_2223,Polls,2026_2223:0:111
2026_20230316_midgam,2026,Midgam,HaHadashot 12,2023-03-16,,blue_white,17,,True,2026_2223,Polls,2026_2223:0:111
2026_20230316_midgam,2026,Midgam,HaHadashot 12,2023-03-16,,hadash_taal,5,,True,2026_2223,Polls,2026_2223:0:111
2026_20230316_midgam,2026,Midgam,HaHadashot 12,2023-03-16,,labor,0,3.0,True,2026_2223,Polls,2026_2223:0:111
2026_20230316_midgam,2026,Midgam,HaHadashot 12,2023-03-16,,likud,29,,True,2026_2223,Polls,2026_2223:0:111
2026_20230316_midgam,2026,Midgam,HaHadashot 12,2023-03-16,,meretz,5,,True,2026_2223,Polls,2026_2223:0:111
2026_20230316_midgam,2026,Midgam,HaHadashot 12,2023-03-16,,otzma+rzp,12,,True,2026_2223,Polls,2026_2223:0:111
2026_20230316_midgam,2026,Midgam,HaHadashot 12,2023-03-16,,raam,6,,True,2026_2223,Polls,2026_2223:0:111
2026_20230316_midgam,2026,Midgam,HaHadashot 12,2023-03-16,,shas,10,,True,2026_2223,Polls,2026_2223:0:111
2026_20230316_midgam,2026,Midgam,HaHadashot 12,2023-03-16,,utj,7,,True,2026_2223,Polls,2026_2223:0:111
2026_20230316_midgam,2026,Midgam,HaHadashot 12,2023-03-16,,yesh_atid,23,,True,2026_2223,Polls,2026_2223:0:111
2026_20230316_midgam,2026,Midgam,HaHadashot 12,2023-03-16,,yisrael_beytenu,6,,True,2026_2223,Polls,2026_2223:0:111
2026_20230316_panelspolitics,2026,Panels Politics,Maariv,2023-03-16,,blue_white,16,,True,2026_2223,Polls,2026_2223:0:114
2026_20230316_panelspolitics,2026,Panels Politics,Maariv,2023-03-16,,hadash_taal,4,,True,2026_2223,Polls,2026_2223:0:114
2026_20230316_panelspolitics,2026,Panels Politics,Maariv,2023-03-16,,labor,4,,True,2026_2223,Polls,2026_2223:0:114
2026_20230316_panelspolitics,2026,Panels Politics,Maariv,2023-03-16,,likud,29,,True,2026_2223,Polls,2026_2223:0:114
2026_20230316_panelspolitics,2026,Panels Politics,Maariv,2023-03-16,,meretz,5,,True,2026_2223,Polls,2026_2223:0:114
2026_20230316_panelspolitics,2026,Panels Politics,Maariv,2023-03-16,,otzma,5,,True,2026_2223,Polls,2026_2223:0:114
2026_20230316_panelspolitics,2026,Panels Politics,Maariv,2023-03-16,,raam,4,,True,2026_2223,Polls,2026_2223:0:114
2026_20230316_panelspolitics,2026,Panels Politics,Maariv,2023-03-16,,rzp,6,,True,2026_2223,Polls,2026_2223:0:114
2026_20230316_panelspolitics,2026,Panels Politics,Maariv,2023-03-16,,shas,9,,True,2026_2223,Polls,2026_2223:0:114
2026_20230316_panelspolitics,2026,Panels Politics,Maariv,2023-03-16,,utj,8,,True,2026_2223,Polls,2026_2223:0:114
2026_20230316_panelspolitics,2026,Panels Politics,Maariv,2023-03-16,,yesh_atid,24,,True,2026_2223,Polls,2026_2223:0:114
2026_20230316_panelspolitics,2026,Panels Politics,Maariv,2023-03-16,,yisrael_beytenu,6,,True,2026_2223,Polls,2026_2223:0:114
2026_20230323_panelspolitics,2026,Panels Politics,Maariv,2023-03-23,,blue_white,19,,True,2026_2223,Polls,2026_2223:0:109
2026_20230323_panelspolitics,2026,Panels Politics,Maariv,2023-03-23,,hadash_taal,5,,True,2026_2223,Polls,2026_2223:0:109
2026_20230323_panelspolitics,2026,Panels Politics,Maariv,2023-03-23,,labor,0,2.6,True,2026_2223,Polls,2026_2223:0:109
2026_20230323_panelspolitics,2026,Panels Politics,Maariv,2023-03-23,,likud,28,,True,2026_2223,Polls,2026_2223:0:109
2026_20230323_panelspolitics,2026,Panels Politics,Maariv,2023-03-23,,meretz,5,,True,2026_2223,Polls,2026_2223:0:109
2026_20230323_panelspolitics,2026,Panels Politics,Maariv,2023-03-23,,otzma,6,,True,2026_2223,Polls,2026_2223:0:109
2026_20230323_panelspolitics,2026,Panels Politics,Maariv,2023-03-23,,raam,4,,True,2026_2223,Polls,2026_2223:0:109
2026_20230323_panelspolitics,2026,Panels Politics,Maariv,2023-03-23,,rzp,5,,True,2026_2223,Polls,2026_2223:0:109
2026_20230323_panelspolitics,2026,Panels Politics,Maariv,2023-03-23,,shas,10,,True,2026_2223,Polls,2026_2223:0:109
2026_20230323_panelspolitics,2026,Panels Politics,Maariv,2023-03-23,,utj,7,,True,2026_2223,Polls,2026_2223:0:109
2026_20230323_panelspolitics,2026,Panels Politics,Maariv,2023-03-23,,yesh_atid,26,,True,2026_2223,Polls,2026_2223:0:109
2026_20230323_panelspolitics,2026,Panels Politics,Maariv,2023-03-23,,yisrael_beytenu,5,,True,2026_2223,Polls,2026_2223:0:109
2026_20230326_camilfuchs,2026,Camil Fuchs,Channel 13,2023-03-26,,balad,4,,True,2026_2223,Polls,2026_2223:0:108
2026_20230326_camilfuchs,2026,Camil Fuchs,Channel 13,2023-03-26,,blue_white,18,,True,2026_2223,Polls,2026_2223:0:108
2026_20230326_camilfuchs,2026,Camil Fuchs,Channel 13,2023-03-26,,hadash_taal,5,,True,2026_2223,Polls,2026_2223:0:108
2026_20230326_camilfuchs,2026,Camil Fuchs,Channel 13,2023-03-26,,labor,4,,True,2026_2223,Polls,2026_2223:0:108
2026_20230326_camilfuchs,2026,Camil Fuchs,Channel 13,2023-03-26,,likud,28,,True,2026_2223,Polls,2026_2223:0:108
2026_20230326_camilfuchs,2026,Camil Fuchs,Channel 13,2023-03-26,,otzma+rzp,11,,True,2026_2223,Polls,2026_2223:0:108
2026_20230326_camilfuchs,2026,Camil Fuchs,Channel 13,2023-03-26,,raam,5,,True,2026_2223,Polls,2026_2223:0:108
2026_20230326_camilfuchs,2026,Camil Fuchs,Channel 13,2023-03-26,,shas,9,,True,2026_2223,Polls,2026_2223:0:108
2026_20230326_camilfuchs,2026,Camil Fuchs,Channel 13,2023-03-26,,utj,7,,True,2026_2223,Polls,2026_2223:0:108
2026_20230326_camilfuchs,2026,Camil Fuchs,Channel 13,2023-03-26,,yesh_atid,24,,True,2026_2223,Polls,2026_2223:0:108
2026_20230326_camilfuchs,2026,Camil Fuchs,Channel 13,2023-03-26,,yisrael_beytenu,5,,True,2026_2223,Polls,2026_2223:0:108
2026_20230327_kantar,2026,Kantar,Kan 11,2023-03-27,,balad,0,3.1,True,2026_2223,Polls,2026_2223:0:106
2026_20230327_kantar,2026,Kantar,Kan 11,2023-03-27,,blue_white,21,,True,2026_2223,Polls,2026_2223:0:106
2026_20230327_kantar,2026,Kantar,Kan 11,2023-03-27,,hadash_taal,5,,True,2026_2223,Polls,2026_2223:0:106
2026_20230327_kantar,2026,Kantar,Kan 11,2023-03-27,,labor,4,,True,2026_2223,Polls,2026_2223:0:106
2026_20230327_kantar,2026,Kantar,Kan 11,2023-03-27,,likud,25,,True,2026_2223,Polls,2026_2223:0:106
2026_20230327_kantar,2026,Kantar,Kan 11,2023-03-27,,meretz,4,,True,2026_2223,Polls,2026_2223:0:106
2026_20230327_kantar,2026,Kantar,Kan 11,2023-03-27,,otzma+rzp,11,,True,2026_2223,Polls,2026_2223:0:106
2026_20230327_kantar,2026,Kantar,Kan 11,2023-03-27,,raam,6,,True,2026_2223,Polls,2026_2223:0:106
2026_20230327_kantar,2026,Kantar,Kan 11,2023-03-27,,shas,10,,True,2026_2223,Polls,2026_2223:0:106
2026_20230327_kantar,2026,Kantar,Kan 11,2023-03-27,,utj,7,,True,2026_2223,Polls,2026_2223:0:106
2026_20230327_kantar,2026,Kantar,Kan 11,2023-03-27,,yesh_atid,22,,True,2026_2223,Polls,2026_2223:0:106
2026_20230327_kantar,2026,Kantar,Kan 11,2023-03-27,,yisrael_beytenu,5,,True,2026_2223,Polls,2026_2223:0:106
2026_20230327_midgam,2026,Midgam,HaHadashot 12,2023-03-27,,balad,0,2.1,True,2026_2223,Polls,2026_2223:0:107
2026_20230327_midgam,2026,Midgam,HaHadashot 12,2023-03-27,,blue_white,23,,True,2026_2223,Polls,2026_2223:0:107
2026_20230327_midgam,2026,Midgam,HaHadashot 12,2023-03-27,,hadash_taal,5,,True,2026_2223,Polls,2026_2223:0:107
2026_20230327_midgam,2026,Midgam,HaHadashot 12,2023-03-27,,labor,0,3.1,True,2026_2223,Polls,2026_2223:0:107
2026_20230327_midgam,2026,Midgam,HaHadashot 12,2023-03-27,,likud,25,,True,2026_2223,Polls,2026_2223:0:107
2026_20230327_midgam,2026,Midgam,HaHadashot 12,2023-03-27,,meretz,5,,True,2026_2223,Polls,2026_2223:0:107
2026_20230327_midgam,2026,Midgam,HaHadashot 12,2023-03-27,,otzma+rzp,12,,True,2026_2223,Polls,2026_2223:0:107
2026_20230327_midgam,2026,Midgam,HaHadashot 12,2023-03-27,,raam,5,,True,2026_2223,Polls,2026_2223:0:107
2026_20230327_midgam,2026,Midgam,HaHadashot 12,2023-03-27,,shas,10,,True,2026_2223,Polls,2026_2223:0:107
2026_20230327_midgam,2026,Midgam,HaHadashot 12,2023-03-27,,utj,7,,True,2026_2223,Polls,2026_2223:0:107
2026_20230327_midgam,2026,Midgam,HaHadashot 12,2023-03-27,,yesh_atid,22,,True,2026_2223,Polls,2026_2223:0:107
2026_20230327_midgam,2026,Midgam,HaHadashot 12,2023-03-27,,yisrael_beytenu,6,,True,2026_2223,Polls,2026_2223:0:107
2026_20230328_directpolls,2026,Direct Polls,Channel 14,2023-03-28,,balad,0,1.9,True,2026_2223,Polls,2026_2223:0:105
2026_20230328_directpolls,2026,Direct Polls,Channel 14,2023-03-28,,blue_white,23,,True,2026_2223,Polls,2026_2223:0:105
2026_20230328_directpolls,2026,Direct Polls,Channel 14,2023-03-28,,hadash_taal,5,,True,2026_2223,Polls,2026_2223:0:105
2026_20230328_directpolls,2026,Direct Polls,Channel 14,2023-03-28,,labor,0,2.5,True,2026_2223,Polls,2026_2223:0:105
2026_20230328_directpolls,2026,Direct Polls,Channel 14,2023-03-28,,likud,30,,True,2026_2223,Polls,2026_2223:0:105
2026_20230328_directpolls,2026,Direct Polls,Channel 14,2023-03-28,,meretz,4,,True,2026_2223,Polls,2026_2223:0:105
2026_20230328_directpolls,2026,Direct Polls,Channel 14,2023-03-28,,otzma,5,,True,2026_2223,Polls,2026_2223:0:105
2026_20230328_directpolls,2026,Direct Polls,Channel 14,2023-03-28,,raam,5,,True,2026_2223,Polls,2026_2223:0:105
2026_20230328_directpolls,2026,Direct Polls,Channel 14,2023-03-28,,rzp,6,,True,2026_2223,Polls,2026_2223:0:105
2026_20230328_directpolls,2026,Direct Polls,Channel 14,2023-03-28,,shas,10,,True,2026_2223,Polls,2026_2223:0:105
2026_20230328_directpolls,2026,Direct Polls,Channel 14,2023-03-28,,utj,7,,True,2026_2223,Polls,2026_2223:0:105
2026_20230328_directpolls,2026,Direct Polls,Channel 14,2023-03-28,,yesh_atid,19,,True,2026_2223,Polls,2026_2223:0:105
2026_20230328_directpolls,2026,Direct Polls,Channel 14,2023-03-28,,yisrael_beytenu,6,,True,2026_2223,Polls,2026_2223:0:105
2026_20230402_directpolls,2026,Direct Polls,Channel 14,2023-04-02,,balad,0,2.9,True,2026_2223,Polls,2026_2223:0:104
2026_20230402_directpolls,2026,Direct Polls,Channel 14,2023-04-02,,blue_white,24,,True,2026_2223,Polls,2026_2223:0:104
2026_20230402_directpolls,2026,Direct Polls,Channel 14,2023-04-02,,hadash_taal,5,,True,2026_2223,Polls,2026_2223:0:104
2026_20230402_directpolls,2026,Direct Polls,Channel 14,2023-04-02,,labor,0,2.5,True,2026_2223,Polls,2026_2223:0:104
2026_20230402_directpolls,2026,Direct Polls,Channel 14,2023-04-02,,likud,31,,True,2026_2223,Polls,2026_2223:0:104
2026_20230402_directpolls,2026,Direct Polls,Channel 14,2023-04-02,,meretz,4,,True,2026_2223,Polls,2026_2223:0:104
2026_20230402_directpolls,2026,Direct Polls,Channel 14,2023-04-02,,otzma,5,,True,2026_2223,Polls,2026_2223:0:104
2026_20230402_directpolls,2026,Direct Polls,Channel 14,2023-04-02,,raam,5,,True,2026_2223,Polls,2026_2223:0:104
2026_20230402_directpolls,2026,Direct Polls,Channel 14,2023-04-02,,rzp,5,,True,2026_2223,Polls,2026_2223:0:104
2026_20230402_directpolls,2026,Direct Polls,Channel 14,2023-04-02,,shas,10,,True,2026_2223,Polls,2026_2223:0:104
2026_20230402_directpolls,2026,Direct Polls,Channel 14,2023-04-02,,utj,7,,True,2026_2223,Polls,2026_2223:0:104
2026_20230402_directpolls,2026,Direct Polls,Channel 14,2023-04-02,,yesh_atid,17,,True,2026_2223,Polls,2026_2223:0:104
2026_20230402_directpolls,2026,Direct Polls,Channel 14,2023-04-02,,yisrael_beytenu,7,,True,2026_2223,Polls,2026_2223:0:104
2026_20230405_panelspolitics,2026,Panels Politics,Maariv,2023-04-05,,balad,0,1.8,True,2026_2223,Polls,2026_2223:0:103
2026_20230405_panelspolitics,2026,Panels Politics,Maariv,2023-04-05,,blue_white,25,,True,2026_2223,Polls,2026_2223:0:103
2026_20230405_panelspolitics,2026,Panels Politics,Maariv,2023-04-05,,hadash_taal,6,,True,2026_2223,Polls,2026_2223:0:103
2026_20230405_panelspolitics,2026,Panels Politics,Maariv,2023-04-05,,labor,0,2.6,True,2026_2223,Polls,2026_2223:0:103
2026_20230405_panelspolitics,2026,Panels Politics,Maariv,2023-04-05,,likud,25,,True,2026_2223,Polls,2026_2223:0:103
2026_20230405_panelspolitics,2026,Panels Politics,Maariv,2023-04-05,,meretz,5,,True,2026_2223,Polls,2026_2223:0:103
2026_20230405_panelspolitics,2026,Panels Politics,Maariv,2023-04-05,,otzma,6,,True,2026_2223,Polls,2026_2223:0:103
2026_20230405_panelspolitics,2026,Panels Politics,Maariv,2023-04-05,,raam,4,,True,2026_2223,Polls,2026_2223:0:103
2026_20230405_panelspolitics,2026,Panels Politics,Maariv,2023-04-05,,rzp,6,,True,2026_2223,Polls,2026_2223:0:103
2026_20230405_panelspolitics,2026,Panels Politics,Maariv,2023-04-05,,shas,10,,True,2026_2223,Polls,2026_2223:0:103
2026_20230405_panelspolitics,2026,Panels Politics,Maariv,2023-04-05,,utj,7,,True,2026_2223,Polls,2026_2223:0:103
2026_20230405_panelspolitics,2026,Panels Politics,Maariv,2023-04-05,,yesh_atid,20,,True,2026_2223,Polls,2026_2223:0:103
2026_20230405_panelspolitics,2026,Panels Politics,Maariv,2023-04-05,,yisrael_beytenu,6,,True,2026_2223,Polls,2026_2223:0:103
2026_20230409_camilfuchs,2026,Camil Fuchs,Channel 13,2023-04-09,,balad,4,,True,2026_2223,Polls,2026_2223:0:102
2026_20230409_camilfuchs,2026,Camil Fuchs,Channel 13,2023-04-09,,blue_white,29,,True,2026_2223,Polls,2026_2223:0:102
2026_20230409_camilfuchs,2026,Camil Fuchs,Channel 13,2023-04-09,,hadash_taal,6,,True,2026_2223,Polls,2026_2223:0:102
2026_20230409_camilfuchs,2026,Camil Fuchs,Channel 13,2023-04-09,,labor,4,,True,2026_2223,Polls,2026_2223:0:102
2026_20230409_camilfuchs,2026,Camil Fuchs,Channel 13,2023-04-09,,likud,20,,True,2026_2223,Polls,2026_2223:0:102
2026_20230409_camilfuchs,2026,Camil Fuchs,Channel 13,2023-04-09,,otzma+rzp,11,,True,2026_2223,Polls,2026_2223:0:102
2026_20230409_camilfuchs,2026,Camil Fuchs,Channel 13,2023-04-09,,raam,5,,True,2026_2223,Polls,2026_2223:0:102
2026_20230409_camilfuchs,2026,Camil Fuchs,Channel 13,2023-04-09,,shas,9,,True,2026_2223,Polls,2026_2223:0:102
2026_20230409_camilfuchs,2026,Camil Fuchs,Channel 13,2023-04-09,,utj,6,,True,2026_2223,Polls,2026_2223:0:102
2026_20230409_camilfuchs,2026,Camil Fuchs,Channel 13,2023-04-09,,yesh_atid,21,,True,2026_2223,Polls,2026_2223:0:102
2026_20230409_camilfuchs,2026,Camil Fuchs,Channel 13,2023-04-09,,yisrael_beytenu,5,,True,2026_2223,Polls,2026_2223:0:102
2026_20230413_panelspolitics,2026,Panels Politics,Maariv,2023-04-13,,balad,0,2.3,True,2026_2223,Polls,2026_2223:0:101
2026_20230413_panelspolitics,2026,Panels Politics,Maariv,2023-04-13,,blue_white,26,,True,2026_2223,Polls,2026_2223:0:101
2026_20230413_panelspolitics,2026,Panels Politics,Maariv,2023-04-13,,hadash_taal,6,,True,2026_2223,Polls,2026_2223:0:101
2026_20230413_panelspolitics,2026,Panels Politics,Maariv,2023-04-13,,labor,4,,True,2026_2223,Polls,2026_2223:0:101
2026_20230413_panelspolitics,2026,Panels Politics,Maariv,2023-04-13,,likud,26,,True,2026_2223,Polls,2026_2223:0:101
2026_20230413_panelspolitics,2026,Panels Politics,Maariv,2023-04-13,,meretz,4,,True,2026_2223,Polls,2026_2223:0:101
2026_20230413_panelspolitics,2026,Panels Politics,Maariv,2023-04-13,,otzma,4,,True,2026_2223,Polls,2026_2223:0:101
2026_20230413_panelspolitics,2026,Panels Politics,Maariv,2023-04-13,,raam,4,,True,2026_2223,Polls,2026_2223:0:101
2026_20230413_panelspolitics,2026,Panels Politics,Maariv,2023-04-13,,rzp,5,,True,2026_2223,Polls,2026_2223:0:101
2026_20230413_panelspolitics,2026,Panels Politics,Maariv,2023-04-13,,shas,9,,True,2026_2223,Polls,2026_2223:0:101
2026_20230413_panelspolitics,2026,Panels Politics,Maariv,2023-04-13,,utj,7,,True,2026_2223,Polls,2026_2223:0:101
2026_20230413_panelspolitics,2026,Panels Politics,Maariv,2023-04-13,,yesh_atid,19,,True,2026_2223,Polls,2026_2223:0:101
2026_20230413_panelspolitics,2026,Panels Politics,Maariv,2023-04-13,,yisrael_beytenu,6,,True,2026_2223,Polls,2026_2223:0:101
2026_20230416_directpolls,2026,Direct Polls,Channel 14,2023-04-16,,balad,0,2.6,True,2026_2223,Polls,2026_2223:0:98
2026_20230416_directpolls,2026,Direct Polls,Channel 14,2023-04-16,,blue_white,29,,True,2026_2223,Polls,2026_2223:0:98
2026_20230416_directpolls,2026,Direct Polls,Channel 14,2023-04-16,,hadash_taal,5,,True,2026_2223,Polls,2026_2223:0:98
2026_20230416_directpolls,2026,Direct Polls,Channel 14,2023-04-16,,labor,0,1.7,True,2026_2223,Polls,2026_2223:0:98
2026_20230416_directpolls,2026,Direct Polls,Channel 14,2023-04-16,,likud,30,,True,2026_2223,Polls,2026_2223:0:98
2026_20230416_directpolls,2026,Direct Polls,Channel 14,2023-04-16,,meretz,4,,True,2026_2223,Polls,2026_2223:0:98
2026_20230416_directpolls,2026,Direct Polls,Channel 14,2023-04-16,,otzma,4,,True,2026_2223,Polls,2026_2223:0:98
2026_20230416_directpolls,2026,Direct Polls,Channel 14,2023-04-16,,raam,5,,True,2026_2223,Polls,2026_2223:0:98
2026_20230416_directpolls,2026,Direct Polls,Channel 14,2023-04-16,,rzp,5,,True,2026_2223,Polls,2026_2223:0:98
2026_20230416_directpolls,2026,Direct Polls,Channel 14,2023-04-16,,shas,10,,True,2026_2223,Polls,2026_2223:0:98
2026_20230416_directpolls,2026,Direct Polls,Channel 14,2023-04-16,,utj,8,,True,2026_2223,Polls,2026_2223:0:98
2026_20230416_directpolls,2026,Direct Polls,Channel 14,2023-04-16,,yesh_atid,14,,True,2026_2223,Polls,2026_2223:0:98
2026_20230416_directpolls,2026,Direct Polls,Channel 14,2023-04-16,,yisrael_beytenu,6,,True,2026_2223,Polls,2026_2223:0:98
2026_20230416_midgama,2026,Midgam,HaHadashot 12,2023-04-16,,balad,0,2.8,True,2026_2223,Polls,2026_2223:0:100
2026_20230416_midgama,2026,Midgam,HaHadashot 12,2023-04-16,,blue_white,26,,True,2026_2223,Polls,2026_2223:0:100
2026_20230416_midgama,2026,Midgam,HaHadashot 12,2023-04-16,,hadash_taal,5,,True,2026_2223,Polls,2026_2223:0:100
2026_20230416_midgama,2026,Midgam,HaHadashot 12,2023-04-16,,labor+meretz,9,,True,2026_2223,Polls,2026_2223:0:100
2026_20230416_midgama,2026,Midgam,HaHadashot 12,2023-04-16,,likud,24,,True,2026_2223,Polls,2026_2223:0:100
2026_20230416_midgama,2026,Midgam,HaHadashot 12,2023-04-16,,otzma+rzp,11,,True,2026_2223,Polls,2026_2223:0:100
2026_20230416_midgama,2026,Midgam,HaHadashot 12,2023-04-16,,raam,5,,True,2026_2223,Polls,2026_2223:0:100
2026_20230416_midgama,2026,Midgam,HaHadashot 12,2023-04-16,,shas,10,,True,2026_2223,Polls,2026_2223:0:100
2026_20230416_midgama,2026,Midgam,HaHadashot 12,2023-04-16,,utj,7,,True,2026_2223,Polls,2026_2223:0:100
2026_20230416_midgama,2026,Midgam,HaHadashot 12,2023-04-16,,yesh_atid,18,,True,2026_2223,Polls,2026_2223:0:100
2026_20230416_midgama,2026,Midgam,HaHadashot 12,2023-04-16,,yisrael_beytenu,5,,True,2026_2223,Polls,2026_2223:0:100
2026_20230416_midgamb,2026,Midgam,HaHadashot 12,2023-04-16,,balad,0,2.8,True,2026_2223,Polls,2026_2223:0:99
2026_20230416_midgamb,2026,Midgam,HaHadashot 12,2023-04-16,,blue_white,28,,True,2026_2223,Polls,2026_2223:0:99
2026_20230416_midgamb,2026,Midgam,HaHadashot 12,2023-04-16,,hadash_taal,5,,True,2026_2223,Polls,2026_2223:0:99
2026_20230416_midgamb,2026,Midgam,HaHadashot 12,2023-04-16,,labor,0,2.6,True,2026_2223,Polls,2026_2223:0:99
2026_20230416_midgamb,2026,Midgam,HaHadashot 12,2023-04-16,,likud,24,,True,2026_2223,Polls,2026_2223:0:99
2026_20230416_midgamb,2026,Midgam,HaHadashot 12,2023-04-16,,meretz,5,,True,2026_2223,Polls,2026_2223:0:99
2026_20230416_midgamb,2026,Midgam,HaHadashot 12,2023-04-16,,otzma+rzp,11,,True,2026_2223,Polls,2026_2223:0:99
2026_20230416_midgamb,2026,Midgam,HaHadashot 12,2023-04-16,,raam,5,,True,2026_2223,Polls,2026_2223:0:99
2026_20230416_midgamb,2026,Midgam,HaHadashot 12,2023-04-16,,shas,10,,True,2026_2223,Polls,2026_2223:0:99
2026_20230416_midgamb,2026,Midgam,HaHadashot 12,2023-04-16,,utj,7,,True,2026_2223,Polls,2026_2223:0:99
2026_20230416_midgamb,2026,Midgam,HaHadashot 12,2023-04-16,,yesh_atid,20,,True,2026_2223,Polls,2026_2223:0:99
2026_20230416_midgamb,2026,Midgam,HaHadashot 12,2023-04-16,,yisrael_beytenu,5,,True,2026_2223,Polls,2026_2223:0:99
2026_20230421_panelspolitics,2026,Panels Politics,Maariv,2023-04-21,,blue_white,27,,True,2026_2223,Polls,2026_2223:0:97
2026_20230421_panelspolitics,2026,Panels Politics,Maariv,2023-04-21,,hadash_taal,6,,True,2026_2223,Polls,2026_2223:0:97
2026_20230421_panelspolitics,2026,Panels Politics,Maariv,2023-04-21,,labor,0,2.6,True,2026_2223,Polls,2026_2223:0:97
2026_20230421_panelspolitics,2026,Panels Politics,Maariv,2023-04-21,,likud,26,,True,2026_2223,Polls,2026_2223:0:97
2026_20230421_panelspolitics,2026,Panels Politics,Maariv,2023-04-21,,meretz,6,,True,2026_2223,Polls,2026_2223:0:97
2026_20230421_panelspolitics,2026,Panels Politics,Maariv,2023-04-21,,otzma,5,,True,2026_2223,Polls,2026_2223:0:97
2026_20230421_panelspolitics,2026,Panels Politics,Maariv,2023-04-21,,raam,4,,True,2026_2223,Polls,2026_2223:0:97
2026_20230421_panelspolitics,2026,Panels Politics,Maariv,2023-04-21,,rzp,5,,True,2026_2223,Polls,2026_2223:0:97
2026_20230421_panelspolitics,2026,Panels Politics,Maariv,2023-04-21,,shas,9,,True,2026_2223,Polls,2026_2223:0:97
2026_20230421_panelspolitics,2026,Panels Politics,Maariv,2023-04-21,,utj,7,,True,2026_2223,Polls,2026_2223:0:97
2026_20230421_panelspolitics,2026,Panels Politics,Maariv,2023-04-21,,yesh_atid,19,,True,2026_2223,Polls,2026_2223:0:97
2026_20230421_panelspolitics,2026,Panels Politics,Maariv,2023-04-21,,yisrael_beytenu,6,,True,2026_2223,Polls,2026_2223:0:97
2026_20230427_panelspolitics,2026,Panels Politics,Maariv,2023-04-27,,balad,0,2.2,True,2026_2223,Polls,2026_2223:0:96
2026_20230427_panelspolitics,2026,Panels Politics,Maariv,2023-04-27,,blue_white,28,,True,2026_2223,Polls,2026_2223:0:96
2026_20230427_panelspolitics,2026,Panels Politics,Maariv,2023-04-27,,hadash_taal,6,,True,2026_2223,Polls,2026_2223:0:96
2026_20230427_panelspolitics,2026,Panels Politics,Maariv,2023-04-27,,labor,4,,True,2026_2223,Polls,2026_2223:0:96
2026_20230427_panelspolitics,2026,Panels Politics,Maariv,2023-04-27,,likud,23,,True,2026_2223,Polls,2026_2223:0:96
2026_20230427_panelspolitics,2026,Panels Politics,Maariv,2023-04-27,,meretz,4,,True,2026_2223,Polls,2026_2223:0:96
2026_20230427_panelspolitics,2026,Panels Politics,Maariv,2023-04-27,,otzma,4,,True,2026_2223,Polls,2026_2223:0:96
2026_20230427_panelspolitics,2026,Panels Politics,Maariv,2023-04-27,,raam,5,,True,2026_2223,Polls,2026_2223:0:96
2026_20230427_panelspolitics,2026,Panels Politics,Maariv,2023-04-27,,rzp,6,,True,2026_2223,Polls,2026_2223:0:96
2026_20230427_panelspolitics,2026,Panels Politics,Maariv,2023-04-27,,shas,10,,True,2026_2223,Polls,2026_2223:0:96
2026_20230427_panelspolitics,2026,Panels Politics,Maariv,2023-04-27,,utj,7,,True,2026_2223,Polls,2026_2223:0:96
2026_20230427_panelspolitics,2026,Panels Politics,Maariv,2023-04-27,,yesh_atid,17,,True,2026_2223,Polls,2026_2223:0:96
2026_20230427_panelspolitics,2026,Panels Politics,Maariv,2023-04-27,,yisrael_beytenu,6,,True,2026_2223,Polls,2026_2223:0:96
2026_20230430_camilfuchs,2026,Camil Fuchs,Channel 13,2023-04-30,,balad,4,,True,2026_2223,Polls,2026_2223:0:93
2026_20230430_camilfuchs,2026,Camil Fuchs,Channel 13,2023-04-30,,blue_white,28,,True,2026_2223,Polls,2026_2223:0:93
2026_20230430_camilfuchs,2026,Camil Fuchs,Channel 13,2023-04-30,,hadash_taal,5,,True,2026_2223,Polls,2026_2223:0:93
2026_20230430_camilfuchs,2026,Camil Fuchs,Channel 13,2023-04-30,,likud,22,,True,2026_2223,Polls,2026_2223:0:93
2026_20230430_camilfuchs,2026,Camil Fuchs,Channel 13,2023-04-30,,meretz,5,,True,2026_2223,Polls,2026_2223:0:93
2026_20230430_camilfuchs,2026,Camil Fuchs,Channel 13,2023-04-30,,otzma,5,,True,2026_2223,Polls,2026_2223:0:93
2026_20230430_camilfuchs,2026,Camil Fuchs,Channel 13,2023-04-30,,raam,5,,True,2026_2223,Polls,2026_2223:0:93
2026_20230430_camilfuchs,2026,Camil Fuchs,Channel 13,2023-04-30,,rzp,6,,True,2026_2223,Polls,2026_2223:0:93
2026_20230430_camilfuchs,2026,Camil Fuchs,Channel 13,2023-04-30,,shas,9,,True,2026_2223,Polls,2026_2223:0:93
2026_20230430_camilfuchs,2026,Camil Fuchs,Channel 13,2023-04-30,,utj,7,,True,2026_2223,Polls,2026_2223:0:93
2026_20230430_camilfuchs,2026,Camil Fuchs,Channel 13,2023-04-30,,yesh_atid,18,,True,2026_2223,Polls,2026_2223:0:93
2026_20230430_camilfuchs,2026,Camil Fuchs,Channel 13,2023-04-30,,yisrael_beytenu,6,,True,2026_2223,Polls,2026_2223:0:93
2026_20230430_directpolls,2026,Direct Polls,Channel 14,2023-04-30,,balad,0,2.8,True,2026_2223,Polls,2026_2223:0:94
2026_20230430_directpolls,2026,Direct Polls,Channel 14,2023-04-30,,blue_white,28,,True,2026_2223,Polls,2026_2223:0:94
2026_20230430_directpolls,2026,Direct Polls,Channel 14,2023-04-30,,hadash_taal,5,,True,2026_2223,Polls,2026_2223:0:94
2026_20230430_directpolls,2026,Direct Polls,Channel 14,2023-04-30,,labor,0,1.9,True,2026_2223,Polls,2026_2223:0:94
2026_20230430_directpolls,2026,Direct Polls,Channel 14,2023-04-30,,likud,31,,True,2026_2223,Polls,2026_2223:0:94
2026_20230430_directpolls,2026,Direct Polls,Channel 14,2023-04-30,,meretz,4,,True,2026_2223,Polls,2026_2223:0:94
2026_20230430_directpolls,2026,Direct Polls,Channel 14,2023-04-30,,otzma,4,,True,2026_2223,Polls,2026_2223:0:94
2026_20230430_directpolls,2026,Direct Polls,Channel 14,2023-04-30,,raam,5,,True,2026_2223,Polls,2026_2223:0:94
2026_20230430_directpolls,2026,Direct Polls,Channel 14,2023-04-30,,rzp,5,,True,2026_2223,Polls,2026_2223:0:94
2026_20230430_directpolls,2026,Direct Polls,Channel 14,2023-04-30,,shas,11,,True,2026_2223,Polls,2026_2223:0:94
2026_20230430_directpolls,2026,Direct Polls,Channel 14,2023-04-30,,utj,7,,True,2026_2223,Polls,2026_2223:0:94
2026_20230430_directpolls,2026,Direct Polls,Channel 14,2023-04-30,,yesh_atid,14,,True,2026_2223,Polls,2026_2223:0:94
2026_20230430_directpolls,2026,Direct Polls,Channel 14,2023-04-30,,yisrael_beytenu,6,,True,2026_2223,Polls,2026_2223:0:94
2026_20230430_kantar,2026,Kantar,Kan 11,2023-04-30,,balad,0,2.6,True,2026_2223,Polls,2026_2223:0:95
2026_20230430_kantar,2026,Kantar,Kan 11,2023-04-30,,blue_white,30,,True,2026_2223,Polls,2026_2223:0:95
2026_20230430_kantar,2026,Kantar,Kan 11,2023-04-30,,hadash_taal,6,,True,2026_2223,Polls,2026_2223:0:95
2026_20230430_kantar,2026,Kantar,Kan 11,2023-04-30,,labor,0,2.5,True,2026_2223,Polls,2026_2223:0:95
2026_20230430_kantar,2026,Kantar,Kan 11,2023-04-30,,likud,25,,True,2026_2223,Polls,2026_2223:0:95
2026_20230430_kantar,2026,Kantar,Kan 11,2023-04-30,,meretz,4,,True,2026_2223,Polls,2026_2223:0:95
2026_20230430_kantar,2026,Kantar,Kan 11,2023-04-30,,otzma+rzp,9,,True,2026_2223,Polls,2026_2223:0:95
2026_20230430_kantar,2026,Kantar,Kan 11,2023-04-30,,raam,5,,True,2026_2223,Polls,2026_2223:0:95
2026_20230430_kantar,2026,Kantar,Kan 11,2023-04-30,,shas,10,,True,2026_2223,Polls,2026_2223:0:95
2026_20230430_kantar,2026,Kantar,Kan 11,2023-04-30,,utj,7,,True,2026_2223,Polls,2026_2223:0:95
2026_20230430_kantar,2026,Kantar,Kan 11,2023-04-30,,yesh_atid,18,,True,2026_2223,Polls,2026_2223:0:95
2026_20230430_kantar,2026,Kantar,Kan 11,2023-04-30,,yisrael_beytenu,6,,True,2026_2223,Polls,2026_2223:0:95
2026_20230505_panelspolitics,2026,Panels Politics,Maariv,2023-05-05,,balad,0,2.4,True,2026_2223,Polls,2026_2223:0:92
2026_20230505_panelspolitics,2026,Panels Politics,Maariv,2023-05-05,,blue_white,31,,True,2026_2223,Polls,2026_2223:0:92
2026_20230505_panelspolitics,2026,Panels Politics,Maariv,2023-05-05,,hadash_taal,5,,True,2026_2223,Polls,2026_2223:0:92
2026_20230505_panelspolitics,2026,Panels Politics,Maariv,2023-05-05,,labor,0,2.9,True,2026_2223,Polls,2026_2223:0:92
2026_20230505_panelspolitics,2026,Panels Politics,Maariv,2023-05-05,,likud,25,,True,2026_2223,Polls,2026_2223:0:92
2026_20230505_panelspolitics,2026,Panels Politics,Maariv,2023-05-05,,meretz,4,,True,2026_2223,Polls,2026_2223:0:92
2026_20230505_panelspolitics,2026,Panels Politics,Maariv,2023-05-05,,otzma,5,,True,2026_2223,Polls,2026_2223:0:92
2026_20230505_panelspolitics,2026,Panels Politics,Maariv,2023-05-05,,raam,4,,True,2026_2223,Polls,2026_2223:0:92
2026_20230505_panelspolitics,2026,Panels Politics,Maariv,2023-05-05,,rzp,5,,True,2026_2223,Polls,2026_2223:0:92
2026_20230505_panelspolitics,2026,Panels Politics,Maariv,2023-05-05,,shas,10,,True,2026_2223,Polls,2026_2223:0:92
2026_20230505_panelspolitics,2026,Panels Politics,Maariv,2023-05-05,,utj,8,,True,2026_2223,Polls,2026_2223:0:92
2026_20230505_panelspolitics,2026,Panels Politics,Maariv,2023-05-05,,yesh_atid,17,,True,2026_2223,Polls,2026_2223:0:92
2026_20230505_panelspolitics,2026,Panels Politics,Maariv,2023-05-05,,yisrael_beytenu,6,,True,2026_2223,Polls,2026_2223:0:92
2026_20230507_camilfuchs,2026,Camil Fuchs,Channel 13,2023-05-07,,blue_white,29,,True,2026_2223,Polls,2026_2223:0:89
2026_20230507_camilfuchs,2026,Camil Fuchs,Channel 13,2023-05-07,,hadash_taal,5,,True,2026_2223,Polls,2026_2223:0:89
2026_20230507_camilfuchs,2026,Camil Fuchs,Channel 13,2023-05-07,,likud,24,,True,2026_2223,Polls,2026_2223:0:89
2026_20230507_camilfuchs,2026,Camil Fuchs,Channel 13,2023-05-07,,meretz,4,,True,2026_2223,Polls,2026_2223:0:89
2026_20230507_camilfuchs,2026,Camil Fuchs,Channel 13,2023-05-07,,otzma,4,,True,2026_2223,Polls,2026_2223:0:89
2026_20230507_camilfuchs,2026,Camil Fuchs,Channel 13,2023-05-07,,raam,5,,True,2026_2223,Polls,2026_2223:0:89
2026_20230507_camilfuchs,2026,Camil Fuchs,Channel 13,2023-05-07,,rzp,7,,True,2026_2223,Polls,2026_2223:0:89
2026_20230507_camilfuchs,2026,Camil Fuchs,Channel 13,2023-05-07,,shas,10,,True,2026_2223,Polls,2026_2223:0:89
2026_20230507_camilfuchs,2026,Camil Fuchs,Channel 13,2023-05-07,,utj,7,,True,2026_2223,Polls,2026_2223:0:89
2026_20230507_camilfuchs,2026,Camil Fuchs,Channel 13,2023-05-07,,yesh_atid,19,,True,2026_2223,Polls,2026_2223:0:89
2026_20230507_camilfuchs,2026,Camil Fuchs,Channel 13,2023-05-07,,yisrael_beytenu,6,,True,2026_2223,Polls,2026_2223:0:89
2026_20230507_midgama,2026,Midgam,HaHadashot 12,2023-05-07,,balad,0,2.1,True,2026_2223,Polls,2026_2223:0:90
2026_20230507_midgama,2026,Midgam,HaHadashot 12,2023-05-07,,blue_white,29,,True,2026_2223,Polls,2026_2223:0:90
2026_20230507_midgama,2026,Midgam,HaHadashot 12,2023-05-07,,hadash_taal,5,,True,2026_2223,Polls,2026_2223:0:90
2026_20230507_midgama,2026,Midgam,HaHadashot 12,2023-05-07,,labor,0,2.5,True,2026_2223,Polls,2026_2223:0:90
2026_20230507_midgama,2026,Midgam,HaHadashot 12,2023-05-07,,likud,24,,True,2026_2223,Polls,2026_2223:0:90
2026_20230507_midgama,2026,Midgam,HaHadashot 12,2023-05-07,,meretz,5,,True,2026_2223,Polls,2026_2223:0:90
2026_20230507_midgama,2026,Midgam,HaHadashot 12,2023-05-07,,otzma+rzp,11,,True,2026_2223,Polls,2026_2223:0:90
2026_20230507_midgama,2026,Midgam,HaHadashot 12,2023-05-07,,raam,5,,True,2026_2223,Polls,2026_2223:0:90
2026_20230507_midgama,2026,Midgam,HaHadashot 12,2023-05-07,,shas,10,,True,2026_2223,Polls,2026_2223:0:90
2026_20230507_midgama,2026,Midgam,HaHadashot 12,2023-05-07,,utj,7,,True,2026_2223,Polls,2026_2223:0:90
2026_20230507_midgama,2026,Midgam,HaHadashot 12,2023-05-07,,yesh_atid,18,,True,2026_2223,Polls,2026_2223:0:90
2026_20230507_midgama,2026,Midgam,HaHadashot 12,2023-05-07,,yisrael_beytenu,6,,True,2026_2223,Polls,2026_2223:0:90
2026_20230507_midgamb,2026,Midgam,HaHadashot 12,2023-05-07,,balad,0,2.1,True,2026_2223,Polls,2026_2223:0:91
2026_20230507_midgamb,2026,Midgam,HaHadashot 12,2023-05-07,,blue_white,29,,True,2026_2223,Polls,2026_2223:0:91
2026_20230507_midgamb,2026,Midgam,HaHadashot 12,2023-05-07,,hadash_taal,5,,True,2026_2223,Polls,2026_2223:0:91
2026_20230507_midgamb,2026,Midgam,HaHadashot 12,2023-05-07,,labor,0,2.5,True,2026_2223,Polls,2026_2223:0:91
2026_20230507_midgamb,2026,Midgam,HaHadashot 12,2023-05-07,,likud,23,,True,2026_2223,Polls,2026_2223:0:91
2026_20230507_midgamb,2026,Midgam,HaHadashot 12,2023-05-07,,meretz,5,,True,2026_2223,Polls,2026_2223:0:91
2026_20230507_midgamb,2026,Midgam,HaHadashot 12,2023-05-07,,otzma,7,,True,2026_2223,Polls,2026_2223:0:91
2026_20230507_midgamb,2026,Midgam,HaHadashot 12,2023-05-07,,raam,5,,True,2026_2223,Polls,2026_2223:0:91
2026_20230507_midgamb,2026,Midgam,HaHadashot 12,2023-05-07,,rzp,5,,True,2026_2223,Polls,2026_2223:0:91
2026_20230507_midgamb,2026,Midgam,HaHadashot 12,2023-05-07,,shas,10,,True,2026_2223,Polls,2026_2223:0:91
2026_20230507_midgamb,2026,Midgam,HaHadashot 12,2023-05-07,,utj,7,,True,2026_2223,Polls,2026_2223:0:91
2026_20230507_midgamb,2026,Midgam,HaHadashot 12,2023-05-07,,yesh_atid,18,,True,2026_2223,Polls,2026_2223:0:91
2026_20230507_midgamb,2026,Midgam,HaHadashot 12,2023-05-07,,yisrael_beytenu,6,,True,2026_2223,Polls,2026_2223:0:91
2026_20230512_panelspolitics,2026,Panels Politics,Maariv,2023-05-12,,balad,0,1.9,True,2026_2223,Polls,2026_2223:0:88
2026_20230512_panelspolitics,2026,Panels Politics,Maariv,2023-05-12,,blue_white,27,,True,2026_2223,Polls,2026_2223:0:88
2026_20230512_panelspolitics,2026,Panels Politics,Maariv,2023-05-12,,hadash_taal,6,,True,2026_2223,Polls,2026_2223:0:88
2026_20230512_panelspolitics,2026,Panels Politics,Maariv,2023-05-12,,labor,0,2.2,True,2026_2223,Polls,2026_2223:0:88
2026_20230512_panelspolitics,2026,Panels Politics,Maariv,2023-05-12,,likud,27,,True,2026_2223,Polls,2026_2223:0:88
2026_20230512_panelspolitics,2026,Panels Politics,Maariv,2023-05-12,,meretz,6,,True,2026_2223,Polls,2026_2223:0:88
2026_20230512_panelspolitics,2026,Panels Politics,Maariv,2023-05-12,,otzma,4,,True,2026_2223,Polls,2026_2223:0:88
2026_20230512_panelspolitics,2026,Panels Politics,Maariv,2023-05-12,,raam,4,,True,2026_2223,Polls,2026_2223:0:88
2026_20230512_panelspolitics,2026,Panels Politics,Maariv,2023-05-12,,rzp,5,,True,2026_2223,Polls,2026_2223:0:88
2026_20230512_panelspolitics,2026,Panels Politics,Maariv,2023-05-12,,shas,10,,True,2026_2223,Polls,2026_2223:0:88
2026_20230512_panelspolitics,2026,Panels Politics,Maariv,2023-05-12,,utj,8,,True,2026_2223,Polls,2026_2223:0:88
2026_20230512_panelspolitics,2026,Panels Politics,Maariv,2023-05-12,,yesh_atid,17,,True,2026_2223,Polls,2026_2223:0:88
2026_20230512_panelspolitics,2026,Panels Politics,Maariv,2023-05-12,,yisrael_beytenu,6,,True,2026_2223,Polls,2026_2223:0:88
2026_20230514_camilfuchs,2026,Camil Fuchs,Channel 13,2023-05-14,,blue_white,30,,True,2026_2223,Polls,2026_2223:0:87
2026_20230514_camilfuchs,2026,Camil Fuchs,Channel 13,2023-05-14,,hadash_taal,5,,True,2026_2223,Polls,2026_2223:0:87
2026_20230514_camilfuchs,2026,Camil Fuchs,Channel 13,2023-05-14,,likud,25,,True,2026_2223,Polls,2026_2223:0:87
2026_20230514_camilfuchs,2026,Camil Fuchs,Channel 13,2023-05-14,,otzma,5,,True,2026_2223,Polls,2026_2223:0:87
2026_20230514_camilfuchs,2026,Camil Fuchs,Channel 13,2023-05-14,,raam,6,,True,2026_2223,Polls,2026_2223:0:87
2026_20230514_camilfuchs,2026,Camil Fuchs,Channel 13,2023-05-14,,rzp,8,,True,2026_2223,Polls,2026_2223:0:87
2026_20230514_camilfuchs,2026,Camil Fuchs,Channel 13,2023-05-14,,shas,10,,True,2026_2223,Polls,2026_2223:0:87
2026_20230514_camilfuchs,2026,Camil Fuchs,Channel 13,2023-05-14,,utj,8,,True,2026_2223,Polls,2026_2223:0:87
2026_20230514_camilfuchs,2026,Camil Fuchs,Channel 13,2023-05-14,,yesh_atid,18,,True,2026_2223,Polls,2026_2223:0:87
2026_20230514_camilfuchs,2026,Camil Fuchs,Channel 13,2023-05-14,,yisrael_beytenu,5,,True,2026_2223,Polls,2026_2223:0:87
2026_20230514_directpolls,2026,Direct Polls,Channel 14,2023-05-14,,balad,0,2.8,True,2026_2223,Polls,2026_2223:0:86
2026_20230514_directpolls,2026,Direct Polls,Channel 14,2023-05-14,,blue_white,27,,True,2026_2223,Polls,2026_2223:0:86
2026_20230514_directpolls,2026,Direct Polls,Channel 14,2023-05-14,,hadash_taal,4,,True,2026_2223,Polls,2026_2223:0:86
2026_20230514_directpolls,2026,Direct Polls,Channel 14,2023-05-14,,labor,0,2.2,True,2026_2223,Polls,2026_2223:0:86
2026_20230514_directpolls,2026,Direct Polls,Channel 14,2023-05-14,,likud,31,,True,2026_2223,Polls,2026_2223:0:86
2026_20230514_directpolls,2026,Direct Polls,Channel 14,2023-05-14,,meretz,4,,True,2026_2223,Polls,2026_2223:0:86
2026_20230514_directpolls,2026,Direct Polls,Channel 14,2023-05-14,,otzma,5,,True,2026_2223,Polls,2026_2223:0:86
2026_20230514_directpolls,2026,Direct Polls,Channel 14,2023-05-14,,raam,5,,True,2026_2223,Polls,2026_2223:0:86
2026_20230514_directpolls,2026,Direct Polls,Channel 14,2023-05-14,,rzp,5,,True,2026_2223,Polls,2026_2223:0:86
2026_20230514_directpolls,2026,Direct Polls,Channel 14,2023-05-14,,shas,10,,True,2026_2223,Polls,2026_2223:0:86
2026_20230514_directpolls,2026,Direct Polls,Channel 14,2023-05-14,,utj,7,,True,2026_2223,Polls,2026_2223:0:86
2026_20230514_directpolls,2026,Direct Polls,Channel 14,2023-05-14,,yesh_atid,16,,True,2026_2223,Polls,2026_2223:0:86
2026_20230514_directpolls,2026,Direct Polls,Channel 14,2023-05-14,,yisrael_beytenu,6,,True,2026_2223,Polls,2026_2223:0:86
2026_20230514_kantar,2026,Kantar,Kan 11,2023-05-14,,balad,0,2.2,True,2026_2223,Polls,2026_2223:0:85
2026_20230514_kantar,2026,Kantar,Kan 11,2023-05-14,,blue_white,26,,True,2026_2223,Polls,2026_2223:0:85
2026_20230514_kantar,2026,Kantar,Kan 11,2023-05-14,,hadash_taal,5,,True,2026_2223,Polls,2026_2223:0:85
2026_20230514_kantar,2026,Kantar,Kan 11,2023-05-14,,labor,0,1.5,True,2026_2223,Polls,2026_2223:0:85
2026_20230514_kantar,2026,Kantar,Kan 11,2023-05-14,,likud,28,,True,2026_2223,Polls,2026_2223:0:85
2026_20230514_kantar,2026,Kantar,Kan 11,2023-05-14,,meretz,5,,True,2026_2223,Polls,2026_2223:0:85
2026_20230514_kantar,2026,Kantar,Kan 11,2023-05-14,,otzma+rzp,10,,True,2026_2223,Polls,2026_2223:0:85
2026_20230514_kantar,2026,Kantar,Kan 11,2023-05-14,,raam,5,,True,2026_2223,Polls,2026_2223:0:85
2026_20230514_kantar,2026,Kantar,Kan 11,2023-05-14,,shas,10,,True,2026_2223,Polls,2026_2223:0:85
2026_20230514_kantar,2026,Kantar,Kan 11,2023-05-14,,utj,7,,True,2026_2223,Polls,2026_2223:0:85
2026_20230514_kantar,2026,Kantar,Kan 11,2023-05-14,,yesh_atid,18,,True,2026_2223,Polls,2026_2223:0:85
2026_20230514_kantar,2026,Kantar,Kan 11,2023-05-14,,yisrael_beytenu,6,,True,2026_2223,Polls,2026_2223:0:85
2026_20230514_midgama,2026,Midgam,HaHadashot 12,2023-05-14,,balad,0,1.7,True,2026_2223,Polls,2026_2223:0:83
2026_20230514_midgama,2026,Midgam,HaHadashot 12,2023-05-14,,blue_white,27,,True,2026_2223,Polls,2026_2223:0:83
2026_20230514_midgama,2026,Midgam,HaHadashot 12,2023-05-14,,hadash_taal,5,,True,2026_2223,Polls,2026_2223:0:83
2026_20230514_midgama,2026,Midgam,HaHadashot 12,2023-05-14,,labor,0,1.3,True,2026_2223,Polls,2026_2223:0:83
2026_20230514_midgama,2026,Midgam,HaHadashot 12,2023-05-14,,likud,27,,True,2026_2223,Polls,2026_2223:0:83
2026_20230514_midgama,2026,Midgam,HaHadashot 12,2023-05-14,,meretz,5,,True,2026_2223,Polls,2026_2223:0:83
2026_20230514_midgama,2026,Midgam,HaHadashot 12,2023-05-14,,otzma+rzp,10,,True,2026_2223,Polls,2026_2223:0:83
2026_20230514_midgama,2026,Midgam,HaHadashot 12,2023-05-14,,raam,5,,True,2026_2223,Polls,2026_2223:0:83
2026_20230514_midgama,2026,Midgam,HaHadashot 12,2023-05-14,,shas,10,,True,2026_2223,Polls,2026_2223:0:83
2026_20230514_midgama,2026,Midgam,HaHadashot 12,2023-05-14,,utj,7,,True,2026_2223,Polls,2026_2223:0:83
2026_20230514_midgama,2026,Midgam,HaHadashot 12,2023-05-14,,yesh_atid,18,,True,2026_2223,Polls,2026_2223:0:83
2026_20230514_midgama,2026,Midgam,HaHadashot 12,2023-05-14,,yisrael_beytenu,6,,True,2026_2223,Polls,2026_2223:0:83
2026_20230514_midgamb,2026,Midgam,HaHadashot 12,2023-05-14,,balad,0,1.7,True,2026_2223,Polls,2026_2223:0:84
2026_20230514_midgamb,2026,Midgam,HaHadashot 12,2023-05-14,,blue_white,27,,True,2026_2223,Polls,2026_2223:0:84
2026_20230514_midgamb,2026,Midgam,HaHadashot 12,2023-05-14,,hadash_taal,5,,True,2026_2223,Polls,2026_2223:0:84
2026_20230514_midgamb,2026,Midgam,HaHadashot 12,2023-05-14,,labor,0,1.3,True,2026_2223,Polls,2026_2223:0:84
2026_20230514_midgamb,2026,Midgam,HaHadashot 12,2023-05-14,,likud,27,,True,2026_2223,Polls,2026_2223:0:84
2026_20230514_midgamb,2026,Midgam,HaHadashot 12,2023-05-14,,meretz,5,,True,2026_2223,Polls,2026_2223:0:84
2026_20230514_midgamb,2026,Midgam,HaHadashot 12,2023-05-14,,otzma,6,,True,2026_2223,Polls,2026_2223:0:84
2026_20230514_midgamb,2026,Midgam,HaHadashot 12,2023-05-14,,raam,5,,True,2026_2223,Polls,2026_2223:0:84
2026_20230514_midgamb,2026,Midgam,HaHadashot 12,2023-05-14,,rzp,4,,True,2026_2223,Polls,2026_2223:0:84
2026_20230514_midgamb,2026,Midgam,HaHadashot 12,2023-05-14,,shas,10,,True,2026_2223,Polls,2026_2223:0:84
2026_20230514_midgamb,2026,Midgam,HaHadashot 12,2023-05-14,,utj,7,,True,2026_2223,Polls,2026_2223:0:84
2026_20230514_midgamb,2026,Midgam,HaHadashot 12,2023-05-14,,yesh_atid,18,,True,2026_2223,Polls,2026_2223:0:84
2026_20230514_midgamb,2026,Midgam,HaHadashot 12,2023-05-14,,yisrael_beytenu,6,,True,2026_2223,Polls,2026_2223:0:84
2026_20230518_panelspolitics,2026,Panels Politics,Maariv,2023-05-18,,balad,0,1.8,True,2026_2223,Polls,2026_2223:0:82
2026_20230518_panelspolitics,2026,Panels Politics,Maariv,2023-05-18,,blue_white,28,,True,2026_2223,Polls,2026_2223:0:82
2026_20230518_panelspolitics,2026,Panels Politics,Maariv,2023-05-18,,hadash_taal,6,,True,2026_2223,Polls,2026_2223:0:82
2026_20230518_panelspolitics,2026,Panels Politics,Maariv,2023-05-18,,labor,0,2.0,True,2026_2223,Polls,2026_2223:0:82
2026_20230518_panelspolitics,2026,Panels Politics,Maariv,2023-05-18,,likud,25,,True,2026_2223,Polls,2026_2223:0:82
2026_20230518_panelspolitics,2026,Panels Politics,Maariv,2023-05-18,,meretz,5,,True,2026_2223,Polls,2026_2223:0:82
2026_20230518_panelspolitics,2026,Panels Politics,Maariv,2023-05-18,,otzma,5,,True,2026_2223,Polls,2026_2223:0:82
2026_20230518_panelspolitics,2026,Panels Politics,Maariv,2023-05-18,,raam,5,,True,2026_2223,Polls,2026_2223:0:82
2026_20230518_panelspolitics,2026,Panels Politics,Maariv,2023-05-18,,rzp,7,,True,2026_2223,Polls,2026_2223:0:82
2026_20230518_panelspolitics,2026,Panels Politics,Maariv,2023-05-18,,shas,9,,True,2026_2223,Polls,2026_2223:0:82
2026_20230518_panelspolitics,2026,Panels Politics,Maariv,2023-05-18,,utj,8,,True,2026_2223,Polls,2026_2223:0:82
2026_20230518_panelspolitics,2026,Panels Politics,Maariv,2023-05-18,,yesh_atid,16,,True,2026_2223,Polls,2026_2223:0:82
2026_20230518_panelspolitics,2026,Panels Politics,Maariv,2023-05-18,,yisrael_beytenu,6,,True,2026_2223,Polls,2026_2223:0:82
2026_20230524_camilfuchs,2026,Camil Fuchs,Channel 13,2023-05-24,,balad,4,,True,2026_2223,Polls,2026_2223:0:81
2026_20230524_camilfuchs,2026,Camil Fuchs,Channel 13,2023-05-24,,blue_white,29,,True,2026_2223,Polls,2026_2223:0:81
2026_20230524_camilfuchs,2026,Camil Fuchs,Channel 13,2023-05-24,,hadash_taal,5,,True,2026_2223,Polls,2026_2223:0:81
2026_20230524_camilfuchs,2026,Camil Fuchs,Channel 13,2023-05-24,,likud,25,,True,2026_2223,Polls,2026_2223:0:81
2026_20230524_camilfuchs,2026,Camil Fuchs,Channel 13,2023-05-24,,meretz,4,,True,2026_2223,Polls,2026_2223:0:81
2026_20230524_camilfuchs,2026,Camil Fuchs,Channel 13,2023-05-24,,otzma,4,,True,2026_2223,Polls,2026_2223:0:81
2026_20230524_camilfuchs,2026,Camil Fuchs,Channel 13,2023-05-24,,raam,6,,True,2026_2223,Polls,2026_2223:0:81
2026_20230524_camilfuchs,2026,Camil Fuchs,Channel 13,2023-05-24,,rzp,5,,True,2026_2223,Polls,2026_2223:0:81
2026_20230524_camilfuchs,2026,Camil Fuchs,Channel 13,2023-05-24,,shas,9,,True,2026_2223,Polls,2026_2223:0:81
2026_20230524_camilfuchs,2026,Camil Fuchs,Channel 13,2023-05-24,,utj,7,,True,2026_2223,Polls,2026_2223:0:81
2026_20230524_camilfuchs,2026,Camil Fuchs,Channel 13,2023-05-24,,yesh_atid,18,,True,2026_2223,Polls,2026_2223:0:81
2026_20230524_camilfuchs,2026,Camil Fuchs,Channel 13,2023-05-24,,yisrael_beytenu,4,,True,2026_2223,Polls,2026_2223:0:81
2026_20230524_panelspolitics,2026,Panels Politics,Maariv,2023-05-24,,balad,0,1.8,True,2026_2223,Polls,2026_2223:0:80
2026_20230524_panelspolitics,2026,Panels Politics,Maariv,2023-05-24,,blue_white,27,,True,2026_2223,Polls,2026_2223:0:80
2026_20230524_panelspolitics,2026,Panels Politics,Maariv,2023-05-24,,hadash_taal,6,,True,2026_2223,Polls,2026_2223:0:80
2026_20230524_panelspolitics,2026,Panels Politics,Maariv,2023-05-24,,labor,0,2.5,True,2026_2223,Polls,2026_2223:0:80
2026_20230524_panelspolitics,2026,Panels Politics,Maariv,2023-05-24,,likud,27,,True,2026_2223,Polls,2026_2223:0:80
2026_20230524_panelspolitics,2026,Panels Politics,Maariv,2023-05-24,,meretz,5,,True,2026_2223,Polls,2026_2223:0:80
2026_20230524_panelspolitics,2026,Panels Politics,Maariv,2023-05-24,,otzma,5,,True,2026_2223,Polls,2026_2223:0:80
2026_20230524_panelspolitics,2026,Panels Politics,Maariv,2023-05-24,,raam,4,,True,2026_2223,Polls,2026_2223:0:80
2026_20230524_panelspolitics,2026,Panels Politics,Maariv,2023-05-24,,rzp,6,,True,2026_2223,Polls,2026_2223:0:80
2026_20230524_panelspolitics,2026,Panels Politics,Maariv,2023-05-24,,shas,9,,True,2026_2223,Polls,2026_2223:0:80
2026_20230524_panelspolitics,2026,Panels Politics,Maariv,2023-05-24,,utj,7,,True,2026_2223,Polls,2026_2223:0:80
2026_20230524_panelspolitics,2026,Panels Politics,Maariv,2023-05-24,,yesh_atid,18,,True,2026_2223,Polls,2026_2223:0:80
2026_20230524_panelspolitics,2026,Panels Politics,Maariv,2023-05-24,,yisrael_beytenu,6,,True,2026_2223,Polls,2026_2223:0:80
2026_20230530_midgama,2026,Midgam,HaHadashot 12,2023-05-30,,balad,0,2.1,True,2026_2223,Polls,2026_2223:0:78
2026_20230530_midgama,2026,Midgam,HaHadashot 12,2023-05-30,,blue_white,28,,True,2026_2223,Polls,2026_2223:0:78
2026_20230530_midgama,2026,Midgam,HaHadashot 12,2023-05-30,,hadash_taal,4,,True,2026_2223,Polls,2026_2223:0:78
2026_20230530_midgama,2026,Midgam,HaHadashot 12,2023-05-30,,labor,0,1.7,True,2026_2223,Polls,2026_2223:0:78
2026_20230530_midgama,2026,Midgam,HaHadashot 12,2023-05-30,,likud,26,,True,2026_2223,Polls,2026_2223:0:78
2026_20230530_midgama,2026,Midgam,HaHadashot 12,2023-05-30,,meretz,5,,True,2026_2223,Polls,2026_2223:0:78
2026_20230530_midgama,2026,Midgam,HaHadashot 12,2023-05-30,,otzma+rzp,10,,True,2026_2223,Polls,2026_2223:0:78
2026_20230530_midgama,2026,Midgam,HaHadashot 12,2023-05-30,,raam,6,,True,2026_2223,Polls,2026_2223:0:78
2026_20230530_midgama,2026,Midgam,HaHadashot 12,2023-05-30,,shas,10,,True,2026_2223,Polls,2026_2223:0:78
2026_20230530_midgama,2026,Midgam,HaHadashot 12,2023-05-30,,utj,7,,True,2026_2223,Polls,2026_2223:0:78
2026_20230530_midgama,2026,Midgam,HaHadashot 12,2023-05-30,,yesh_atid,18,,True,2026_2223,Polls,2026_2223:0:78
2026_20230530_midgama,2026,Midgam,HaHadashot 12,2023-05-30,,yisrael_beytenu,6,,True,2026_2223,Polls,2026_2223:0:78
2026_20230530_midgamb,2026,Midgam,HaHadashot 12,2023-05-30,,balad,0,2.1,True,2026_2223,Polls,2026_2223:0:79
2026_20230530_midgamb,2026,Midgam,HaHadashot 12,2023-05-30,,blue_white,28,,True,2026_2223,Polls,2026_2223:0:79
2026_20230530_midgamb,2026,Midgam,HaHadashot 12,2023-05-30,,hadash_taal,4,,True,2026_2223,Polls,2026_2223:0:79
2026_20230530_midgamb,2026,Midgam,HaHadashot 12,2023-05-30,,labor,0,1.7,True,2026_2223,Polls,2026_2223:0:79
2026_20230530_midgamb,2026,Midgam,HaHadashot 12,2023-05-30,,likud,26,,True,2026_2223,Polls,2026_2223:0:79
2026_20230530_midgamb,2026,Midgam,HaHadashot 12,2023-05-30,,meretz,5,,True,2026_2223,Polls,2026_2223:0:79
2026_20230530_midgamb,2026,Midgam,HaHadashot 12,2023-05-30,,otzma,6,,True,2026_2223,Polls,2026_2223:0:79
2026_20230530_midgamb,2026,Midgam,HaHadashot 12,2023-05-30,,raam,6,,True,2026_2223,Polls,2026_2223:0:79
2026_20230530_midgamb,2026,Midgam,HaHadashot 12,2023-05-30,,rzp,4,,True,2026_2223,Polls,2026_2223:0:79
2026_20230530_midgamb,2026,Midgam,HaHadashot 12,2023-05-30,,shas,10,,True,2026_2223,Polls,2026_2223:0:79
2026_20230530_midgamb,2026,Midgam,HaHadashot 12,2023-05-30,,utj,7,,True,2026_2223,Polls,2026_2223:0:79
2026_20230530_midgamb,2026,Midgam,HaHadashot 12,2023-05-30,,yesh_atid,18,,True,2026_2223,Polls,2026_2223:0:79
2026_20230530_midgamb,2026,Midgam,HaHadashot 12,2023-05-30,,yisrael_beytenu,6,,True,2026_2223,Polls,2026_2223:0:79
2026_20230531_panelspoliticsa,2026,Panels Politics,Maariv,2023-05-31,,balad,0,2.2,True,2026_2223,Polls,2026_2223:0:76
2026_20230531_panelspoliticsa,2026,Panels Politics,Maariv,2023-05-31,,blue_white,29,,True,2026_2223,Polls,2026_2223:0:76
2026_20230531_panelspoliticsa,2026,Panels Politics,Maariv,2023-05-31,,hadash_taal,6,,True,2026_2223,Polls,2026_2223:0:76
2026_20230531_panelspoliticsa,2026,Panels Politics,Maariv,2023-05-31,,labor,0,2.6,True,2026_2223,Polls,2026_2223:0:76
2026_20230531_panelspoliticsa,2026,Panels Politics,Maariv,2023-05-31,,likud,26,,True,2026_2223,Polls,2026_2223:0:76
2026_20230531_panelspoliticsa,2026,Panels Politics,Maariv,2023-05-31,,meretz,4,,True,2026_2223,Polls,2026_2223:0:76
2026_20230531_panelspoliticsa,2026,Panels Politics,Maariv,2023-05-31,,otzma,4,,True,2026_2223,Polls,2026_2223:0:76
2026_20230531_panelspoliticsa,2026,Panels Politics,Maariv,2023-05-31,,raam,5,,True,2026_2223,Polls,2026_2223:0:76
2026_20230531_panelspoliticsa,2026,Panels Politics,Maariv,2023-05-31,,rzp,6,,True,2026_2223,Polls,2026_2223:0:76
2026_20230531_panelspoliticsa,2026,Panels Politics,Maariv,2023-05-31,,shas,9,,True,2026_2223,Polls,2026_2223:0:76
2026_20230531_panelspoliticsa,2026,Panels Politics,Maariv,2023-05-31,,utj,7,,True,2026_2223,Polls,2026_2223:0:76
2026_20230531_panelspoliticsa,2026,Panels Politics,Maariv,2023-05-31,,yesh_atid,18,,True,2026_2223,Polls,2026_2223:0:76
2026_20230531_panelspoliticsa,2026,Panels Politics,Maariv,2023-05-31,,yisrael_beytenu,6,,True,2026_2223,Polls,2026_2223:0:76
2026_20230531_panelspoliticsb,2026,Panels Politics,Maariv,2023-05-31,,balad,0,2.2,True,2026_2223,Polls,2026_2223:0:77
2026_20230531_panelspoliticsb,2026,Panels Politics,Maariv,2023-05-31,,blue_white,28,,True,2026_2223,Polls,2026_2223:0:77
2026_20230531_panelspoliticsb,2026,Panels Politics,Maariv,2023-05-31,,hadash_taal,5,,True,2026_2223,Polls,2026_2223:0:77
2026_20230531_panelspoliticsb,2026,Panels Politics,Maariv,2023-05-31,,labor+meretz,8,,True,2026_2223,Polls,2026_2223:0:77
2026_20230531_panelspoliticsb,2026,Panels Politics,Maariv,2023-05-31,,likud,26,,True,2026_2223,Polls,2026_2223:0:77
2026_20230531_panelspoliticsb,2026,Panels Politics,Maariv,2023-05-31,,otzma,5,,True,2026_2223,Polls,2026_2223:0:77
2026_20230531_panelspoliticsb,2026,Panels Politics,Maariv,2023-05-31,,raam,5,,True,2026_2223,Polls,2026_2223:0:77
2026_20230531_panelspoliticsb,2026,Panels Politics,Maariv,2023-05-31,,rzp,6,,True,2026_2223,Polls,2026_2223:0:77
2026_20230531_panelspoliticsb,2026,Panels Politics,Maariv,2023-05-31,,shas,9,,True,2026_2223,Polls,2026_2223:0:77
2026_20230531_panelspoliticsb,2026,Panels Politics,Maariv,2023-05-31,,utj,7,,True,2026_2223,Polls,2026_2223:0:77
2026_20230531_panelspoliticsb,2026,Panels Politics,Maariv,2023-05-31,,yesh_atid,15,,True,2026_2223,Polls,2026_2223:0:77
2026_20230531_panelspoliticsb,2026,Panels Politics,Maariv,2023-05-31,,yisrael_beytenu,6,,True,2026_2223,Polls,2026_2223:0:77
2026_20230601_midgam,2026,Midgam,Arutz Sheva,2023-06-01,,blue_white,28,,True,2026_2223,Polls,2026_2223:0:75
2026_20230601_midgam,2026,Midgam,Arutz Sheva,2023-06-01,,hadash_taal,4,,True,2026_2223,Polls,2026_2223:0:75
2026_20230601_midgam,2026,Midgam,Arutz Sheva,2023-06-01,,likud,26,,True,2026_2223,Polls,2026_2223:0:75
2026_20230601_midgam,2026,Midgam,Arutz Sheva,2023-06-01,,meretz,4,,True,2026_2223,Polls,2026_2223:0:75
2026_20230601_midgam,2026,Midgam,Arutz Sheva,2023-06-01,,otzma,6,,True,2026_2223,Polls,2026_2223:0:75
2026_20230601_midgam,2026,Midgam,Arutz Sheva,2023-06-01,,raam,6,,True,2026_2223,Polls,2026_2223:0:75
2026_20230601_midgam,2026,Midgam,Arutz Sheva,2023-06-01,,rzp,5,,True,2026_2223,Polls,2026_2223:0:75
2026_20230601_midgam,2026,Midgam,Arutz Sheva,2023-06-01,,shas,10,,True,2026_2223,Polls,2026_2223:0:75
2026_20230601_midgam,2026,Midgam,Arutz Sheva,2023-06-01,,utj,7,,True,2026_2223,Polls,2026_2223:0:75
2026_20230601_midgam,2026,Midgam,Arutz Sheva,2023-06-01,,yesh_atid,18,,True,2026_2223,Polls,2026_2223:0:75
2026_20230601_midgam,2026,Midgam,Arutz Sheva,2023-06-01,,yisrael_beytenu,6,,True,2026_2223,Polls,2026_2223:0:75
2026_20230608_directpolls,2026,Direct Polls,Channel 14,2023-06-08,,balad,0,2.6,True,2026_2223,Polls,2026_2223:0:73
2026_20230608_directpolls,2026,Direct Polls,Channel 14,2023-06-08,,blue_white,26,,True,2026_2223,Polls,2026_2223:0:73
2026_20230608_directpolls,2026,Direct Polls,Channel 14,2023-06-08,,hadash_taal,5,,True,2026_2223,Polls,2026_2223:0:73
2026_20230608_directpolls,2026,Direct Polls,Channel 14,2023-06-08,,labor,0,1.8,True,2026_2223,Polls,2026_2223:0:73
2026_20230608_directpolls,2026,Direct Polls,Channel 14,2023-06-08,,likud,31,,True,2026_2223,Polls,2026_2223:0:73
2026_20230608_directpolls,2026,Direct Polls,Channel 14,2023-06-08,,meretz,4,,True,2026_2223,Polls,2026_2223:0:73
2026_20230608_directpolls,2026,Direct Polls,Channel 14,2023-06-08,,otzma,5,,True,2026_2223,Polls,2026_2223:0:73
2026_20230608_directpolls,2026,Direct Polls,Channel 14,2023-06-08,,raam,5,,True,2026_2223,Polls,2026_2223:0:73
2026_20230608_directpolls,2026,Direct Polls,Channel 14,2023-06-08,,rzp,5,,True,2026_2223,Polls,2026_2223:0:73
2026_20230608_directpolls,2026,Direct Polls,Channel 14,2023-06-08,,shas,10,,True,2026_2223,Polls,2026_2223:0:73
2026_20230608_directpolls,2026,Direct Polls,Channel 14,2023-06-08,,utj,7,,True,2026_2223,Polls,2026_2223:0:73
2026_20230608_directpolls,2026,Direct Polls,Channel 14,2023-06-08,,yesh_atid,15,,True,2026_2223,Polls,2026_2223:0:73
2026_20230608_directpolls,2026,Direct Polls,Channel 14,2023-06-08,,yisrael_beytenu,7,,True,2026_2223,Polls,2026_2223:0:73
2026_20230608_panelspolitics,2026,Panels Politics,Maariv,2023-06-08,,balad,0,1.8,False,2026_2223,Polls,2026_2223:0:74
2026_20230608_panelspolitics,2026,Panels Politics,Maariv,2023-06-08,,blue_white,31,,False,2026_2223,Polls,2026_2223:0:74
2026_20230608_panelspolitics,2026,Panels Politics,Maariv,2023-06-08,,hadash_taal,5,,False,2026_2223,Polls,2026_2223:0:74
2026_20230608_panelspolitics,2026,Panels Politics,Maariv,2023-06-08,,labor,0,2.0,False,2026_2223,Polls,2026_2223:0:74
2026_20230608_panelspolitics,2026,Panels Politics,Maariv,2023-06-08,,likud,26,,False,2026_2223,Polls,2026_2223:0:74
2026_20230608_panelspolitics,2026,Panels Politics,Maariv,2023-06-08,,meretz,4,,False,2026_2223,Polls,2026_2223:0:74
2026_20230608_panelspolitics,2026,Panels Politics,Maariv,2023-06-08,,otzma,4,,False,2026_2223,Polls,2026_2223:0:74
2026_20230608_panelspolitics,2026,Panels Politics,Maariv,2023-06-08,,raam,5,,False,2026_2223,Polls,2026_2223:0:74
2026_20230608_panelspolitics,2026,Panels Politics,Maariv,2023-06-08,,rzp,6,,False,2026_2223,Polls,2026_2223:0:74
2026_20230608_panelspolitics,2026,Panels Politics,Maariv,2023-06-08,,shas,9,,False,2026_2223,Polls,2026_2223:0:74
2026_20230608_panelspolitics,2026,Panels Politics,Maariv,2023-06-08,,utj,7,,False,2026_2223,Polls,2026_2223:0:74
2026_20230608_panelspolitics,2026,Panels Politics,Maariv,2023-06-08,,yesh_atid,18,,False,2026_2223,Polls,2026_2223:0:74
2026_20230608_panelspolitics,2026,Panels Politics,Maariv,2023-06-08,,yisrael_beytenu,6,,False,2026_2223,Polls,2026_2223:0:74
2026_20230611_camilfuchsa,2026,Camil Fuchs,Channel 13,2023-06-11,,blue_white,28,,True,2026_2223,Polls,2026_2223:0:71
2026_20230611_camilfuchsa,2026,Camil Fuchs,Channel 13,2023-06-11,,hadash_taal,6,,True,2026_2223,Polls,2026_2223:0:71
2026_20230611_camilfuchsa,2026,Camil Fuchs,Channel 13,2023-06-11,,likud,24,,True,2026_2223,Polls,2026_2223:0:71
2026_20230611_camilfuchsa,2026,Camil Fuchs,Channel 13,2023-06-11,,meretz,4,,True,2026_2223,Polls,2026_2223:0:71
2026_20230611_camilfuchsa,2026,Camil Fuchs,Channel 13,2023-06-11,,otzma,5,,True,2026_2223,Polls,2026_2223:0:71
2026_20230611_camilfuchsa,2026,Camil Fuchs,Channel 13,2023-06-11,,raam,6,,True,2026_2223,Polls,2026_2223:0:71
2026_20230611_camilfuchsa,2026,Camil Fuchs,Channel 13,2023-06-11,,rzp,6,,True,2026_2223,Polls,2026_2223:0:71
2026_20230611_camilfuchsa,2026,Camil Fuchs,Channel 13,2023-06-11,,shas,10,,True,2026_2223,Polls,2026_2223:0:71
2026_20230611_camilfuchsa,2026,Camil Fuchs,Channel 13,2023-06-11,,utj,7,,True,2026_2223,Polls,2026_2223:0:71
2026_20230611_camilfuchsa,2026,Camil Fuchs,Channel 13,2023-06-11,,yesh_atid,19,,True,2026_2223,Polls,2026_2223:0:71
2026_20230611_camilfuchsa,2026,Camil Fuchs,Channel 13,2023-06-11,,yisrael_beytenu,5,,True,2026_2223,Polls,2026_2223:0:71
2026_20230611_camilfuchsb,2026,Camil Fuchs,Channel 13,2023-06-11,,blue_white,27,,True,2026_2223,Polls,2026_2223:0:72
2026_20230611_camilfuchsb,2026,Camil Fuchs,Channel 13,2023-06-11,,hadash_taal,6,,True,2026_2223,Polls,2026_2223:0:72
2026_20230611_camilfuchsb,2026,Camil Fuchs,Channel 13,2023-06-11,,labor+meretz,7,,True,2026_2223,Polls,2026_2223:0:72
2026_20230611_camilfuchsb,2026,Camil Fuchs,Channel 13,2023-06-11,,likud,24,,True,2026_2223,Polls,2026_2223:0:72
2026_20230611_camilfuchsb,2026,Camil Fuchs,Channel 13,2023-06-11,,otzma,5,,True,2026_2223,Polls,2026_2223:0:72
2026_20230611_camilfuchsb,2026,Camil Fuchs,Channel 13,2023-06-11,,raam,6,,True,2026_2223,Polls,2026_2223:0:72
2026_20230611_camilfuchsb,2026,Camil Fuchs,Channel 13,2023-06-11,,rzp,6,,True,2026_2223,Polls,2026_2223:0:72
2026_20230611_camilfuchsb,2026,Camil Fuchs,Channel 13,2023-06-11,,shas,10,,True,2026_2223,Polls,2026_2223:0:72
2026_20230611_camilfuchsb,2026,Camil Fuchs,Channel 13,2023-06-11,,utj,7,,True,2026_2223,Polls,2026_2223:0:72
2026_20230611_camilfuchsb,2026,Camil Fuchs,Channel 13,2023-06-11,,yesh_atid,17,,True,2026_2223,Polls,2026_2223:0:72
2026_20230611_camilfuchsb,2026,Camil Fuchs,Channel 13,2023-06-11,,yisrael_beytenu,5,,True,2026_2223,Polls,2026_2223:0:72
2026_20230612_smithconsulting,2026,Smith Consulting,Amit Segal,2023-06-12,,blue_white,28,,True,2026_2223,Polls,2026_2223:0:70
2026_20230612_smithconsulting,2026,Smith Consulting,Amit Segal,2023-06-12,,hadash_taal,5,,True,2026_2223,Polls,2026_2223:0:70
2026_20230612_smithconsulting,2026,Smith Consulting,Amit Segal,2023-06-12,,likud,26,,True,2026_2223,Polls,2026_2223:0:70
2026_20230612_smithconsulting,2026,Smith Consulting,Amit Segal,2023-06-12,,meretz,4,,True,2026_2223,Polls,2026_2223:0:70
2026_20230612_smithconsulting,2026,Smith Consulting,Amit Segal,2023-06-12,,otzma,5,,True,2026_2223,Polls,2026_2223:0:70
2026_20230612_smithconsulting,2026,Smith Consulting,Amit Segal,2023-06-12,,raam,6,,True,2026_2223,Polls,2026_2223:0:70
2026_20230612_smithconsulting,2026,Smith Consulting,Amit Segal,2023-06-12,,rzp,6,,True,2026_2223,Polls,2026_2223:0:70
2026_20230612_smithconsulting,2026,Smith Consulting,Amit Segal,2023-06-12,,shas,10,,True,2026_2223,Polls,2026_2223:0:70
2026_20230612_smithconsulting,2026,Smith Consulting,Amit Segal,2023-06-12,,utj,7,,True,2026_2223,Polls,2026_2223:0:70
2026_20230612_smithconsulting,2026,Smith Consulting,Amit Segal,2023-06-12,,yesh_atid,18,,True,2026_2223,Polls,2026_2223:0:70
2026_20230612_smithconsulting,2026,Smith Consulting,Amit Segal,2023-06-12,,yisrael_beytenu,5,,True,2026_2223,Polls,2026_2223:0:70
2026_20230615_camilfuchs,2026,Camil Fuchs,Channel 13,2023-06-15,,balad,4,,True,2026_2223,Polls,2026_2223:0:67
2026_20230615_camilfuchs,2026,Camil Fuchs,Channel 13,2023-06-15,,blue_white,28,,True,2026_2223,Polls,2026_2223:0:67
2026_20230615_camilfuchs,2026,Camil Fuchs,Channel 13,2023-06-15,,hadash_taal,5,,True,2026_2223,Polls,2026_2223:0:67
2026_20230615_camilfuchs,2026,Camil Fuchs,Channel 13,2023-06-15,,likud,24,,True,2026_2223,Polls,2026_2223:0:67
2026_20230615_camilfuchs,2026,Camil Fuchs,Channel 13,2023-06-15,,meretz,4,,True,2026_2223,Polls,2026_2223:0:67
2026_20230615_camilfuchs,2026,Camil Fuchs,Channel 13,2023-06-15,,otzma,5,,True,2026_2223,Polls,2026_2223:0:67
2026_20230615_camilfuchs,2026,Camil Fuchs,Channel 13,2023-06-15,,raam,6,,True,2026_2223,Polls,2026_2223:0:67
2026_20230615_camilfuchs,2026,Camil Fuchs,Channel 13,2023-06-15,,rzp,5,,True,2026_2223,Polls,2026_2223:0:67
2026_20230615_camilfuchs,2026,Camil Fuchs,Channel 13,2023-06-15,,shas,9,,True,2026_2223,Polls,2026_2223:0:67
2026_20230615_camilfuchs,2026,Camil Fuchs,Channel 13,2023-06-15,,utj,7,,True,2026_2223,Polls,2026_2223:0:67
2026_20230615_camilfuchs,2026,Camil Fuchs,Channel 13,2023-06-15,,yesh_atid,17,,True,2026_2223,Polls,2026_2223:0:67
2026_20230615_camilfuchs,2026,Camil Fuchs,Channel 13,2023-06-15,,yisrael_beytenu,6,,True,2026_2223,Polls,2026_2223:0:67
2026_20230615_directpolls,2026,Direct Polls,Channel 14,2023-06-15,,balad,0,2.6,True,2026_2223,Polls,2026_2223:0:68
2026_20230615_directpolls,2026,Direct Polls,Channel 14,2023-06-15,,blue_white,28,,True,2026_2223,Polls,2026_2223:0:68
2026_20230615_directpolls,2026,Direct Polls,Channel 14,2023-06-15,,hadash_taal,5,,True,2026_2223,Polls,2026_2223:0:68
2026_20230615_directpolls,2026,Direct Polls,Channel 14,2023-06-15,,labor,0,2.5,True,2026_2223,Polls,2026_2223:0:68
2026_20230615_directpolls,2026,Direct Polls,Channel 14,2023-06-15,,likud,28,,True,2026_2223,Polls,2026_2223:0:68
2026_20230615_directpolls,2026,Direct Polls,Channel 14,2023-06-15,,meretz,4,,True,2026_2223,Polls,2026_2223:0:68
2026_20230615_directpolls,2026,Direct Polls,Channel 14,2023-06-15,,otzma,6,,True,2026_2223,Polls,2026_2223:0:68
2026_20230615_directpolls,2026,Direct Polls,Channel 14,2023-06-15,,raam,5,,True,2026_2223,Polls,2026_2223:0:68
2026_20230615_directpolls,2026,Direct Polls,Channel 14,2023-06-15,,rzp,5,,True,2026_2223,Polls,2026_2223:0:68
2026_20230615_directpolls,2026,Direct Polls,Channel 14,2023-06-15,,shas,10,,True,2026_2223,Polls,2026_2223:0:68
2026_20230615_directpolls,2026,Direct Polls,Channel 14,2023-06-15,,utj,7,,True,2026_2223,Polls,2026_2223:0:68
2026_20230615_directpolls,2026,Direct Polls,Channel 14,2023-06-15,,yesh_atid,14,,True,2026_2223,Polls,2026_2223:0:68
2026_20230615_directpolls,2026,Direct Polls,Channel 14,2023-06-15,,yisrael_beytenu,8,,True,2026_2223,Polls,2026_2223:0:68
2026_20230615_midgam,2026,Midgam,HaHadashot 12,2023-06-15,,balad,0,2.7,True,2026_2223,Polls,2026_2223:0:69
2026_20230615_midgam,2026,Midgam,HaHadashot 12,2023-06-15,,blue_white,27,,True,2026_2223,Polls,2026_2223:0:69
2026_20230615_midgam,2026,Midgam,HaHadashot 12,2023-06-15,,hadash_taal,5,,True,2026_2223,Polls,2026_2223:0:69
2026_20230615_midgam,2026,Midgam,HaHadashot 12,2023-06-15,,labor,0,1.8,True,2026_2223,Polls,2026_2223:0:69
2026_20230615_midgam,2026,Midgam,HaHadashot 12,2023-06-15,,likud,27,,True,2026_2223,Polls,2026_2223:0:69
2026_20230615_midgam,2026,Midgam,HaHadashot 12,2023-06-15,,meretz,5,,True,2026_2223,Polls,2026_2223:0:69
2026_20230615_midgam,2026,Midgam,HaHadashot 12,2023-06-15,,otzma+rzp,10,,True,2026_2223,Polls,2026_2223:0:69
2026_20230615_midgam,2026,Midgam,HaHadashot 12,2023-06-15,,raam,5,,True,2026_2223,Polls,2026_2223:0:69
2026_20230615_midgam,2026,Midgam,HaHadashot 12,2023-06-15,,shas,10,,True,2026_2223,Polls,2026_2223:0:69
2026_20230615_midgam,2026,Midgam,HaHadashot 12,2023-06-15,,utj,7,,True,2026_2223,Polls,2026_2223:0:69
2026_20230615_midgam,2026,Midgam,HaHadashot 12,2023-06-15,,yesh_atid,18,,True,2026_2223,Polls,2026_2223:0:69
2026_20230615_midgam,2026,Midgam,HaHadashot 12,2023-06-15,,yisrael_beytenu,6,,True,2026_2223,Polls,2026_2223:0:69
2026_20230615_panelspolitics,2026,Panels Politics,Maariv,2023-06-15,,balad,0,1.5,True,2026_2223,Polls,2026_2223:0:66
2026_20230615_panelspolitics,2026,Panels Politics,Maariv,2023-06-15,,blue_white,32,,True,2026_2223,Polls,2026_2223:0:66
2026_20230615_panelspolitics,2026,Panels Politics,Maariv,2023-06-15,,hadash_taal,6,,True,2026_2223,Polls,2026_2223:0:66
2026_20230615_panelspolitics,2026,Panels Politics,Maariv,2023-06-15,,labor,0,1.7,True,2026_2223,Polls,2026_2223:0:66
2026_20230615_panelspolitics,2026,Panels Politics,Maariv,2023-06-15,,likud,24,,True,2026_2223,Polls,2026_2223:0:66
2026_20230615_panelspolitics,2026,Panels Politics,Maariv,2023-06-15,,meretz,5,,True,2026_2223,Polls,2026_2223:0:66
2026_20230615_panelspolitics,2026,Panels Politics,Maariv,2023-06-15,,otzma,5,,True,2026_2223,Polls,2026_2223:0:66
2026_20230615_panelspolitics,2026,Panels Politics,Maariv,2023-06-15,,raam,5,,True,2026_2223,Polls,2026_2223:0:66
2026_20230615_panelspolitics,2026,Panels Politics,Maariv,2023-06-15,,rzp,5,,True,2026_2223,Polls,2026_2223:0:66
2026_20230615_panelspolitics,2026,Panels Politics,Maariv,2023-06-15,,shas,9,,True,2026_2223,Polls,2026_2223:0:66
2026_20230615_panelspolitics,2026,Panels Politics,Maariv,2023-06-15,,utj,7,,True,2026_2223,Polls,2026_2223:0:66
2026_20230615_panelspolitics,2026,Panels Politics,Maariv,2023-06-15,,yesh_atid,17,,True,2026_2223,Polls,2026_2223:0:66
2026_20230615_panelspolitics,2026,Panels Politics,Maariv,2023-06-15,,yisrael_beytenu,5,,True,2026_2223,Polls,2026_2223:0:66
2026_20230622_panelspolitics,2026,Panels Politics,Maariv,2023-06-22,,balad,0,2.0,True,2026_2223,Polls,2026_2223:0:65
2026_20230622_panelspolitics,2026,Panels Politics,Maariv,2023-06-22,,blue_white,30,,True,2026_2223,Polls,2026_2223:0:65
2026_20230622_panelspolitics,2026,Panels Politics,Maariv,2023-06-22,,hadash_taal,6,,True,2026_2223,Polls,2026_2223:0:65
2026_20230622_panelspolitics,2026,Panels Politics,Maariv,2023-06-22,,labor,0,2.2,True,2026_2223,Polls,2026_2223:0:65
2026_20230622_panelspolitics,2026,Panels Politics,Maariv,2023-06-22,,likud,26,,True,2026_2223,Polls,2026_2223:0:65
2026_20230622_panelspolitics,2026,Panels Politics,Maariv,2023-06-22,,meretz,5,,True,2026_2223,Polls,2026_2223:0:65
2026_20230622_panelspolitics,2026,Panels Politics,Maariv,2023-06-22,,otzma,4,,True,2026_2223,Polls,2026_2223:0:65
2026_20230622_panelspolitics,2026,Panels Politics,Maariv,2023-06-22,,raam,5,,True,2026_2223,Polls,2026_2223:0:65
2026_20230622_panelspolitics,2026,Panels Politics,Maariv,2023-06-22,,rzp,5,,True,2026_2223,Polls,2026_2223:0:65
2026_20230622_panelspolitics,2026,Panels Politics,Maariv,2023-06-22,,shas,9,,True,2026_2223,Polls,2026_2223:0:65
2026_20230622_panelspolitics,2026,Panels Politics,Maariv,2023-06-22,,utj,7,,True,2026_2223,Polls,2026_2223:0:65
2026_20230622_panelspolitics,2026,Panels Politics,Maariv,2023-06-22,,yesh_atid,17,,True,2026_2223,Polls,2026_2223:0:65
2026_20230622_panelspolitics,2026,Panels Politics,Maariv,2023-06-22,,yisrael_beytenu,6,,True,2026_2223,Polls,2026_2223:0:65
2026_20230625_camilfuchs,2026,Camil Fuchs,Channel 13,2023-06-25,,blue_white,28,,True,2026_2223,Polls,2026_2223:0:64
2026_20230625_camilfuchs,2026,Camil Fuchs,Channel 13,2023-06-25,,hadash_taal,4,,True,2026_2223,Polls,2026_2223:0:64
2026_20230625_camilfuchs,2026,Camil Fuchs,Channel 13,2023-06-25,,likud,24,,True,2026_2223,Polls,2026_2223:0:64
2026_20230625_camilfuchs,2026,Camil Fuchs,Channel 13,2023-06-25,,meretz,4,,True,2026_2223,Polls,2026_2223:0:64
2026_20230625_camilfuchs,2026,Camil Fuchs,Channel 13,2023-06-25,,otzma,5,,True,2026_2223,Polls,2026_2223:0:64
2026_20230625_camilfuchs,2026,Camil Fuchs,Channel 13,2023-06-25,,raam,6,,True,2026_2223,Polls,2026_2223:0:64
2026_20230625_camilfuchs,2026,Camil Fuchs,Channel 13,2023-06-25,,rzp,6,,True,2026_2223,Polls,2026_2223:0:64
2026_20230625_camilfuchs,2026,Camil Fuchs,Channel 13,2023-06-25,,shas,10,,True,2026_2223,Polls,2026_2223:0:64
2026_20230625_camilfuchs,2026,Camil Fuchs,Channel 13,2023-06-25,,utj,7,,True,2026_2223,Polls,2026_2223:0:64
2026_20230625_camilfuchs,2026,Camil Fuchs,Channel 13,2023-06-25,,yesh_atid,20,,True,2026_2223,Polls,2026_2223:0:64
2026_20230625_camilfuchs,2026,Camil Fuchs,Channel 13,2023-06-25,,yisrael_beytenu,6,,True,2026_2223,Polls,2026_2223:0:64
2026_20230625_midgam,2026,Midgam,HaHadashot 12,2023-06-25,,balad,0,2.9,True,2026_2223,Polls,2026_2223:0:63
2026_20230625_midgam,2026,Midgam,HaHadashot 12,2023-06-25,,blue_white,28,,True,2026_2223,Polls,2026_2223:0:63
2026_20230625_midgam,2026,Midgam,HaHadashot 12,2023-06-25,,hadash_taal,4,,True,2026_2223,Polls,2026_2223:0:63
2026_20230625_midgam,2026,Midgam,HaHadashot 12,2023-06-25,,labor,0,1.6,True,2026_2223,Polls,2026_2223:0:63
2026_20230625_midgam,2026,Midgam,HaHadashot 12,2023-06-25,,likud,27,,True,2026_2223,Polls,2026_2223:0:63
2026_20230625_midgam,2026,Midgam,HaHadashot 12,2023-06-25,,meretz,4,,True,2026_2223,Polls,2026_2223:0:63
2026_20230625_midgam,2026,Midgam,HaHadashot 12,2023-06-25,,otzma+rzp,10,,True,2026_2223,Polls,2026_2223:0:63
2026_20230625_midgam,2026,Midgam,HaHadashot 12,2023-06-25,,raam,6,,True,2026_2223,Polls,2026_2223:0:63
2026_20230625_midgam,2026,Midgam,HaHadashot 12,2023-06-25,,shas,10,,True,2026_2223,Polls,2026_2223:0:63
2026_20230625_midgam,2026,Midgam,HaHadashot 12,2023-06-25,,utj,7,,True,2026_2223,Polls,2026_2223:0:63
2026_20230625_midgam,2026,Midgam,HaHadashot 12,2023-06-25,,yesh_atid,18,,True,2026_2223,Polls,2026_2223:0:63
2026_20230625_midgam,2026,Midgam,HaHadashot 12,2023-06-25,,yisrael_beytenu,6,,True,2026_2223,Polls,2026_2223:0:63
2026_20230629_directpolls,2026,Direct Polls,Channel 14,2023-06-29,,balad,0,3.0,True,2026_2223,Polls,2026_2223:0:61
2026_20230629_directpolls,2026,Direct Polls,Channel 14,2023-06-29,,blue_white,28,,True,2026_2223,Polls,2026_2223:0:61
2026_20230629_directpolls,2026,Direct Polls,Channel 14,2023-06-29,,hadash_taal,4,,True,2026_2223,Polls,2026_2223:0:61
2026_20230629_directpolls,2026,Direct Polls,Channel 14,2023-06-29,,labor,0,2.5,True,2026_2223,Polls,2026_2223:0:61
2026_20230629_directpolls,2026,Direct Polls,Channel 14,2023-06-29,,likud,30,,True,2026_2223,Polls,2026_2223:0:61
2026_20230629_directpolls,2026,Direct Polls,Channel 14,2023-06-29,,meretz,4,,True,2026_2223,Polls,2026_2223:0:61
2026_20230629_directpolls,2026,Direct Polls,Channel 14,2023-06-29,,otzma,5,,True,2026_2223,Polls,2026_2223:0:61
2026_20230629_directpolls,2026,Direct Polls,Channel 14,2023-06-29,,raam,5,,True,2026_2223,Polls,2026_2223:0:61
2026_20230629_directpolls,2026,Direct Polls,Channel 14,2023-06-29,,rzp,5,,True,2026_2223,Polls,2026_2223:0:61
2026_20230629_directpolls,2026,Direct Polls,Channel 14,2023-06-29,,shas,10,,True,2026_2223,Polls,2026_2223:0:61
2026_20230629_directpolls,2026,Direct Polls,Channel 14,2023-06-29,,utj,7,,True,2026_2223,Polls,2026_2223:0:61
2026_20230629_directpolls,2026,Direct Polls,Channel 14,2023-06-29,,yesh_atid,14,,True,2026_2223,Polls,2026_2223:0:61
2026_20230629_directpolls,2026,Direct Polls,Channel 14,2023-06-29,,yisrael_beytenu,8,,True,2026_2223,Polls,2026_2223:0:61
2026_20230629_panelspolitics,2026,Panels Politics,Maariv,2023-06-29,,balad,0,1.95,True,2026_2223,Polls,2026_2223:0:62
2026_20230629_panelspolitics,2026,Panels Politics,Maariv,2023-06-29,,blue_white,28,,True,2026_2223,Polls,2026_2223:0:62
2026_20230629_panelspolitics,2026,Panels Politics,Maariv,2023-06-29,,hadash_taal,6,,True,2026_2223,Polls,2026_2223:0:62
2026_20230629_panelspolitics,2026,Panels Politics,Maariv,2023-06-29,,labor,0,1.7,True,2026_2223,Polls,2026_2223:0:62
2026_20230629_panelspolitics,2026,Panels Politics,Maariv,2023-06-29,,likud,27,,True,2026_2223,Polls,2026_2223:0:62
2026_20230629_panelspolitics,2026,Panels Politics,Maariv,2023-06-29,,meretz,4,,True,2026_2223,Polls,2026_2223:0:62
2026_20230629_panelspolitics,2026,Panels Politics,Maariv,2023-06-29,,otzma,5,,True,2026_2223,Polls,2026_2223:0:62
2026_20230629_panelspolitics,2026,Panels Politics,Maariv,2023-06-29,,raam,5,,True,2026_2223,Polls,2026_2223:0:62
2026_20230629_panelspolitics,2026,Panels Politics,Maariv,2023-06-29,,rzp,5,,True,2026_2223,Polls,2026_2223:0:62
2026_20230629_panelspolitics,2026,Panels Politics,Maariv,2023-06-29,,shas,9,,True,2026_2223,Polls,2026_2223:0:62
2026_20230629_panelspolitics,2026,Panels Politics,Maariv,2023-06-29,,utj,7,,True,2026_2223,Polls,2026_2223:0:62
2026_20230629_panelspolitics,2026,Panels Politics,Maariv,2023-06-29,,yesh_atid,19,,True,2026_2223,Polls,2026_2223:0:62
2026_20230629_panelspolitics,2026,Panels Politics,Maariv,2023-06-29,,yisrael_beytenu,5,,True,2026_2223,Polls,2026_2223:0:62
2026_20230705_camilfuchs,2026,Camil Fuchs,Channel 13,2023-07-05,,blue_white,26,,True,2026_2223,Polls,2026_2223:0:60
2026_20230705_camilfuchs,2026,Camil Fuchs,Channel 13,2023-07-05,,hadash_taal,4,,True,2026_2223,Polls,2026_2223:0:60
2026_20230705_camilfuchs,2026,Camil Fuchs,Channel 13,2023-07-05,,likud,26,,True,2026_2223,Polls,2026_2223:0:60
2026_20230705_camilfuchs,2026,Camil Fuchs,Channel 13,2023-07-05,,meretz,4,,True,2026_2223,Polls,2026_2223:0:60
2026_20230705_camilfuchs,2026,Camil Fuchs,Channel 13,2023-07-05,,otzma,6,,True,2026_2223,Polls,2026_2223:0:60
2026_20230705_camilfuchs,2026,Camil Fuchs,Channel 13,2023-07-05,,raam,6,,True,2026_2223,Polls,2026_2223:0:60
2026_20230705_camilfuchs,2026,Camil Fuchs,Channel 13,2023-07-05,,rzp,7,,True,2026_2223,Polls,2026_2223:0:60
2026_20230705_camilfuchs,2026,Camil Fuchs,Channel 13,2023-07-05,,shas,10,,True,2026_2223,Polls,2026_2223:0:60
2026_20230705_camilfuchs,2026,Camil Fuchs,Channel 13,2023-07-05,,utj,7,,True,2026_2223,Polls,2026_2223:0:60
2026_20230705_camilfuchs,2026,Camil Fuchs,Channel 13,2023-07-05,,yesh_atid,18,,True,2026_2223,Polls,2026_2223:0:60
2026_20230705_camilfuchs,2026,Camil Fuchs,Channel 13,2023-07-05,,yisrael_beytenu,6,,True,2026_2223,Polls,2026_2223:0:60
2026_20230705_lazar,2026,Lazar,Maariv,2023-07-05,,balad,0,2.1,True,2026_2223,Polls,2026_2223:0:59
2026_20230705_lazar,2026,Lazar,Maariv,2023-07-05,,blue_white,26,,True,2026_2223,Polls,2026_2223:0:59
2026_20230705_lazar,2026,Lazar,Maariv,2023-07-05,,hadash_taal,5,,True,2026_2223,Polls,2026_2223:0:59
2026_20230705_lazar,2026,Lazar,Maariv,2023-07-05,,labor,0,1.4,True,2026_2223,Polls,2026_2223:0:59
2026_20230705_lazar,2026,Lazar,Maariv,2023-07-05,,likud,29,,True,2026_2223,Polls,2026_2223:0:59
2026_20230705_lazar,2026,Lazar,Maariv,2023-07-05,,meretz,4,,True,2026_2223,Polls,2026_2223:0:59
2026_20230705_lazar,2026,Lazar,Maariv,2023-07-05,,otzma,5,,True,2026_2223,Polls,2026_2223:0:59
2026_20230705_lazar,2026,Lazar,Maariv,2023-07-05,,raam,5,,True,2026_2223,Polls,2026_2223:0:59
2026_20230705_lazar,2026,Lazar,Maariv,2023-07-05,,rzp,5,,True,2026_2223,Polls,2026_2223:0:59
2026_20230705_lazar,2026,Lazar,Maariv,2023-07-05,,shas,9,,True,2026_2223,Polls,2026_2223:0:59
2026_20230705_lazar,2026,Lazar,Maariv,2023-07-05,,utj,7,,True,2026_2223,Polls,2026_2223:0:59
2026_20230705_lazar,2026,Lazar,Maariv,2023-07-05,,yesh_atid,20,,True,2026_2223,Polls,2026_2223:0:59
2026_20230705_lazar,2026,Lazar,Maariv,2023-07-05,,yisrael_beytenu,5,,True,2026_2223,Polls,2026_2223:0:59
2026_20230709_kantar,2026,Kantar,Kan 11,2023-07-09,,blue_white,29,,True,2026_2223,Polls,2026_2223:0:57
2026_20230709_kantar,2026,Kantar,Kan 11,2023-07-09,,hadash_taal,5,,True,2026_2223,Polls,2026_2223:0:57
2026_20230709_kantar,2026,Kantar,Kan 11,2023-07-09,,likud,28,,True,2026_2223,Polls,2026_2223:0:57
2026_20230709_kantar,2026,Kantar,Kan 11,2023-07-09,,meretz,4,,True,2026_2223,Polls,2026_2223:0:57
2026_20230709_kantar,2026,Kantar,Kan 11,2023-07-09,,otzma+rzp,9,,True,2026_2223,Polls,2026_2223:0:57
2026_20230709_kantar,2026,Kantar,Kan 11,2023-07-09,,raam,5,,True,2026_2223,Polls,2026_2223:0:57
2026_20230709_kantar,2026,Kantar,Kan 11,2023-07-09,,shas,10,,True,2026_2223,Polls,2026_2223:0:57
2026_20230709_kantar,2026,Kantar,Kan 11,2023-07-09,,utj,7,,True,2026_2223,Polls,2026_2223:0:57
2026_20230709_kantar,2026,Kantar,Kan 11,2023-07-09,,yesh_atid,17,,True,2026_2223,Polls,2026_2223:0:57
2026_20230709_kantar,2026,Kantar,Kan 11,2023-07-09,,yisrael_beytenu,6,,True,2026_2223,Polls,2026_2223:0:57
2026_20230709_midgam,2026,Midgam,HaHadashot 12,2023-07-09,,balad,0,2.8,True,2026_2223,Polls,2026_2223:0:58
2026_20230709_midgam,2026,Midgam,HaHadashot 12,2023-07-09,,blue_white,26,,True,2026_2223,Polls,2026_2223:0:58
2026_20230709_midgam,2026,Midgam,HaHadashot 12,2023-07-09,,hadash_taal,5,,True,2026_2223,Polls,2026_2223:0:58
2026_20230709_midgam,2026,Midgam,HaHadashot 12,2023-07-09,,labor,0,1.6,True,2026_2223,Polls,2026_2223:0:58
2026_20230709_midgam,2026,Midgam,HaHadashot 12,2023-07-09,,likud,28,,True,2026_2223,Polls,2026_2223:0:58
2026_20230709_midgam,2026,Midgam,HaHadashot 12,2023-07-09,,meretz,4,,True,2026_2223,Polls,2026_2223:0:58
2026_20230709_midgam,2026,Midgam,HaHadashot 12,2023-07-09,,otzma+rzp,9,,True,2026_2223,Polls,2026_2223:0:58
2026_20230709_midgam,2026,Midgam,HaHadashot 12,2023-07-09,,raam,5,,True,2026_2223,Polls,2026_2223:0:58
2026_20230709_midgam,2026,Midgam,HaHadashot 12,2023-07-09,,shas,10,,True,2026_2223,Polls,2026_2223:0:58
2026_20230709_midgam,2026,Midgam,HaHadashot 12,2023-07-09,,utj,7,,True,2026_2223,Polls,2026_2223:0:58
2026_20230709_midgam,2026,Midgam,HaHadashot 12,2023-07-09,,yesh_atid,20,,True,2026_2223,Polls,2026_2223:0:58
2026_20230709_midgam,2026,Midgam,HaHadashot 12,2023-07-09,,yisrael_beytenu,6,,True,2026_2223,Polls,2026_2223:0:58
2026_20230713_camilfuchs,2026,Camil Fuchs,Channel 13,2023-07-13,,blue_white,27,,True,2026_2223,Polls,2026_2223:0:56
2026_20230713_camilfuchs,2026,Camil Fuchs,Channel 13,2023-07-13,,hadash_taal,4,,True,2026_2223,Polls,2026_2223:0:56
2026_20230713_camilfuchs,2026,Camil Fuchs,Channel 13,2023-07-13,,likud,25,,True,2026_2223,Polls,2026_2223:0:56
2026_20230713_camilfuchs,2026,Camil Fuchs,Channel 13,2023-07-13,,meretz,4,,True,2026_2223,Polls,2026_2223:0:56
2026_20230713_camilfuchs,2026,Camil Fuchs,Channel 13,2023-07-13,,otzma,5,,True,2026_2223,Polls,2026_2223:0:56
2026_20230713_camilfuchs,2026,Camil Fuchs,Channel 13,2023-07-13,,raam,7,,True,2026_2223,Polls,2026_2223:0:56
2026_20230713_camilfuchs,2026,Camil Fuchs,Channel 13,2023-07-13,,rzp,5,,True,2026_2223,Polls,2026_2223:0:56
2026_20230713_camilfuchs,2026,Camil Fuchs,Channel 13,2023-07-13,,shas,9,,True,2026_2223,Polls,2026_2223:0:56
2026_20230713_camilfuchs,2026,Camil Fuchs,Channel 13,2023-07-13,,utj,7,,True,2026_2223,Polls,2026_2223:0:56
2026_20230713_camilfuchs,2026,Camil Fuchs,Channel 13,2023-07-13,,yesh_atid,21,,True,2026_2223,Polls,2026_2223:0:56
2026_20230713_camilfuchs,2026,Camil Fuchs,Channel 13,2023-07-13,,yisrael_beytenu,6,,True,2026_2223,Polls,2026_2223:0:56
2026_20230713_directpolls,2026,Direct Polls,Channel 14,2023-07-13,,balad,0,2.7,True,2026_2223,Polls,2026_2223:0:54
2026_20230713_directpolls,2026,Direct Polls,Channel 14,2023-07-13,,blue_white,28,,True,2026_2223,Polls,2026_2223:0:54
2026_20230713_directpolls,2026,Direct Polls,Channel 14,2023-07-13,,hadash_taal,5,,True,2026_2223,Polls,2026_2223:0:54
2026_20230713_directpolls,2026,Direct Polls,Channel 14,2023-07-13,,labor,0,2.5,True,2026_2223,Polls,2026_2223:0:54
2026_20230713_directpolls,2026,Direct Polls,Channel 14,2023-07-13,,likud,30,,True,2026_2223,Polls,2026_2223:0:54
2026_20230713_directpolls,2026,Direct Polls,Channel 14,2023-07-13,,meretz,4,,True,2026_2223,Polls,2026_2223:0:54
2026_20230713_directpolls,2026,Direct Polls,Channel 14,2023-07-13,,otzma,6,,True,2026_2223,Polls,2026_2223:0:54
2026_20230713_directpolls,2026,Direct Polls,Channel 14,2023-07-13,,raam,5,,True,2026_2223,Polls,2026_2223:0:54
2026_20230713_directpolls,2026,Direct Polls,Channel 14,2023-07-13,,rzp,5,,True,2026_2223,Polls,2026_2223:0:54
2026_20230713_directpolls,2026,Direct Polls,Channel 14,2023-07-13,,shas,9,,True,2026_2223,Polls,2026_2223:0:54
2026_20230713_directpolls,2026,Direct Polls,Channel 14,2023-07-13,,utj,7,,True,2026_2223,Polls,2026_2223:0:54
2026_20230713_directpolls,2026,Direct Polls,Channel 14,2023-07-13,,yesh_atid,14,,True,2026_2223,Polls,2026_2223:0:54
2026_20230713_directpolls,2026,Direct Polls,Channel 14,2023-07-13,,yisrael_beytenu,7,,True,2026_2223,Polls,2026_2223:0:54
2026_20230713_lazar,2026,Lazar,Maariv,2023-07-13,,balad,0,1.9,True,2026_2223,Polls,2026_2223:0:55
2026_20230713_lazar,2026,Lazar,Maariv,2023-07-13,,blue_white,26,,True,2026_2223,Polls,2026_2223:0:55
2026_20230713_lazar,2026,Lazar,Maariv,2023-07-13,,hadash_taal,6,,True,2026_2223,Polls,2026_2223:0:55
2026_20230713_lazar,2026,Lazar,Maariv,2023-07-13,,labor,0,1.8,True,2026_2223,Polls,2026_2223:0:55
2026_20230713_lazar,2026,Lazar,Maariv,2023-07-13,,likud,28,,True,2026_2223,Polls,2026_2223:0:55
2026_20230713_lazar,2026,Lazar,Maariv,2023-07-13,,meretz,5,,True,2026_2223,Polls,2026_2223:0:55
2026_20230713_lazar,2026,Lazar,Maariv,2023-07-13,,otzma,5,,True,2026_2223,Polls,2026_2223:0:55
2026_20230713_lazar,2026,Lazar,Maariv,2023-07-13,,raam,5,,True,2026_2223,Polls,2026_2223:0:55
2026_20230713_lazar,2026,Lazar,Maariv,2023-07-13,,rzp,5,,True,2026_2223,Polls,2026_2223:0:55
2026_20230713_lazar,2026,Lazar,Maariv,2023-07-13,,shas,9,,True,2026_2223,Polls,2026_2223:0:55
2026_20230713_lazar,2026,Lazar,Maariv,2023-07-13,,utj,7,,True,2026_2223,Polls,2026_2223:0:55
2026_20230713_lazar,2026,Lazar,Maariv,2023-07-13,,yesh_atid,18,,True,2026_2223,Polls,2026_2223:0:55
2026_20230713_lazar,2026,Lazar,Maariv,2023-07-13,,yisrael_beytenu,6,,True,2026_2223,Polls,2026_2223:0:55
2026_20230720_camilfuchs,2026,Camil Fuchs,Channel 13,2023-07-20,,blue_white,29,,True,2026_2223,Polls,2026_2223:0:52
2026_20230720_camilfuchs,2026,Camil Fuchs,Channel 13,2023-07-20,,hadash_taal,5,,True,2026_2223,Polls,2026_2223:0:52
2026_20230720_camilfuchs,2026,Camil Fuchs,Channel 13,2023-07-20,,likud,26,,True,2026_2223,Polls,2026_2223:0:52
2026_20230720_camilfuchs,2026,Camil Fuchs,Channel 13,2023-07-20,,otzma,5,,True,2026_2223,Polls,2026_2223:0:52
2026_20230720_camilfuchs,2026,Camil Fuchs,Channel 13,2023-07-20,,raam,6,,True,2026_2223,Polls,2026_2223:0:52
2026_20230720_camilfuchs,2026,Camil Fuchs,Channel 13,2023-07-20,,rzp,6,,True,2026_2223,Polls,2026_2223:0:52
2026_20230720_camilfuchs,2026,Camil Fuchs,Channel 13,2023-07-20,,shas,9,,True,2026_2223,Polls,2026_2223:0:52
2026_20230720_camilfuchs,2026,Camil Fuchs,Channel 13,2023-07-20,,utj,7,,True,2026_2223,Polls,2026_2223:0:52
2026_20230720_camilfuchs,2026,Camil Fuchs,Channel 13,2023-07-20,,yesh_atid,21,,True,2026_2223,Polls,2026_2223:0:52
2026_20230720_camilfuchs,2026,Camil Fuchs,Channel 13,2023-07-20,,yisrael_beytenu,6,,True,2026_2223,Polls,2026_2223:0:52
2026_20230720_lazar,2026,Lazar,Maariv,2023-07-20,,balad,0,2.1,True,2026_2223,Polls,2026_2223:0:53
2026_20230720_lazar,2026,Lazar,Maariv,2023-07-20,,blue_white,29,,True,2026_2223,Polls,2026_2223:0:53
2026_20230720_lazar,2026,Lazar,Maariv,2023-07-20,,hadash_taal,5,,True,2026_2223,Polls,2026_2223:0:53
2026_20230720_lazar,2026,Lazar,Maariv,2023-07-20,,labor,0,2.5,True,2026_2223,Polls,2026_2223:0:53
2026_20230720_lazar,2026,Lazar,Maariv,2023-07-20,,likud,28,,True,2026_2223,Polls,2026_2223:0:53
2026_20230720_lazar,2026,Lazar,Maariv,2023-07-20,,meretz,5,,True,2026_2223,Polls,2026_2223:0:53
2026_20230720_lazar,2026,Lazar,Maariv,2023-07-20,,otzma,5,,True,2026_2223,Polls,2026_2223:0:53
2026_20230720_lazar,2026,Lazar,Maariv,2023-07-20,,raam,5,,True,2026_2223,Polls,2026_2223:0:53
2026_20230720_lazar,2026,Lazar,Maariv,2023-07-20,,rzp,5,,True,2026_2223,Polls,2026_2223:0:53
2026_20230720_lazar,2026,Lazar,Maariv,2023-07-20,,shas,9,,True,2026_2223,Polls,2026_2223:0:53
2026_20230720_lazar,2026,Lazar,Maariv,2023-07-20,,utj,7,,True,2026_2223,Polls,2026_2223:0:53
2026_20230720_lazar,2026,Lazar,Maariv,2023-07-20,,yesh_atid,17,,True,2026_2223,Polls,2026_2223:0:53
2026_20230720_lazar,2026,Lazar,Maariv,2023-07-20,,yisrael_beytenu,5,,True,2026_2223,Polls,2026_2223:0:53
2026_20230723_kantar,2026,Kantar,Kan 11,2023-07-23,,blue_white,30,,True,2026_2223,Polls,2026_2223:0:51
2026_20230723_kantar,2026,Kantar,Kan 11,2023-07-23,,hadash_taal,5,,True,2026_2223,Polls,2026_2223:0:51
2026_20230723_kantar,2026,Kantar,Kan 11,2023-07-23,,labor,0,3.1,True,2026_2223,Polls,2026_2223:0:51
2026_20230723_kantar,2026,Kantar,Kan 11,2023-07-23,,likud,27,,True,2026_2223,Polls,2026_2223:0:51
2026_20230723_kantar,2026,Kantar,Kan 11,2023-07-23,,meretz,5,,True,2026_2223,Polls,2026_2223:0:51
2026_20230723_kantar,2026,Kantar,Kan 11,2023-07-23,,otzma+rzp,10,,True,2026_2223,Polls,2026_2223:0:51
2026_20230723_kantar,2026,Kantar,Kan 11,2023-07-23,,raam,5,,True,2026_2223,Polls,2026_2223:0:51
2026_20230723_kantar,2026,Kantar,Kan 11,2023-07-23,,shas,9,,True,2026_2223,Polls,2026_2223:0:51
2026_20230723_kantar,2026,Kantar,Kan 11,2023-07-23,,utj,7,,True,2026_2223,Polls,2026_2223:0:51
2026_20230723_kantar,2026,Kantar,Kan 11,2023-07-23,,yesh_atid,17,,True,2026_2223,Polls,2026_2223:0:51
2026_20230723_kantar,2026,Kantar,Kan 11,2023-07-23,,yisrael_beytenu,5,,True,2026_2223,Polls,2026_2223:0:51
2026_20230724_directpolls,2026,Direct Polls,Channel 14,2023-07-24,,balad,0,2.6,True,2026_2223,Polls,2026_2223:0:50
2026_20230724_directpolls,2026,Direct Polls,Channel 14,2023-07-24,,blue_white,28,,True,2026_2223,Polls,2026_2223:0:50
2026_20230724_directpolls,2026,Direct Polls,Channel 14,2023-07-24,,hadash_taal,5,,True,2026_2223,Polls,2026_2223:0:50
2026_20230724_directpolls,2026,Direct Polls,Channel 14,2023-07-24,,labor,0,2.5,True,2026_2223,Polls,2026_2223:0:50
2026_20230724_directpolls,2026,Direct Polls,Channel 14,2023-07-24,,likud,31,,True,2026_2223,Polls,2026_2223:0:50
2026_20230724_directpolls,2026,Direct Polls,Channel 14,2023-07-24,,meretz,4,,True,2026_2223,Polls,2026_2223:0:50
2026_20230724_directpolls,2026,Direct Polls,Channel 14,2023-07-24,,otzma,5,,True,2026_2223,Polls,2026_2223:0:50
2026_20230724_directpolls,2026,Direct Polls,Channel 14,2023-07-24,,raam,5,,True,2026_2223,Polls,2026_2223:0:50
2026_20230724_directpolls,2026,Direct Polls,Channel 14,2023-07-24,,rzp,5,,True,2026_2223,Polls,2026_2223:0:50
2026_20230724_directpolls,2026,Direct Polls,Channel 14,2023-07-24,,shas,9,,True,2026_2223,Polls,2026_2223:0:50
2026_20230724_directpolls,2026,Direct Polls,Channel 14,2023-07-24,,utj,7,,True,2026_2223,Polls,2026_2223:0:50
2026_20230724_directpolls,2026,Direct Polls,Channel 14,2023-07-24,,yesh_atid,14,,True,2026_2223,Polls,2026_2223:0:50
2026_20230724_directpolls,2026,Direct Polls,Channel 14,2023-07-24,,yisrael_beytenu,7,,True,2026_2223,Polls,2026_2223:0:50
2026_20230725_camilfuchs,2026,Camil Fuchs,Channel 13,2023-07-25,,blue_white,30,,True,2026_2223,Polls,2026_2223:0:49
2026_20230725_camilfuchs,2026,Camil Fuchs,Channel 13,2023-07-25,,hadash_taal,5,,True,2026_2223,Polls,2026_2223:0:49
2026_20230725_camilfuchs,2026,Camil Fuchs,Channel 13,2023-07-25,,likud,25,,True,2026_2223,Polls,2026_2223:0:49
2026_20230725_camilfuchs,2026,Camil Fuchs,Channel 13,2023-07-25,,meretz,4,,True,2026_2223,Polls,2026_2223:0:49
2026_20230725_camilfuchs,2026,Camil Fuchs,Channel 13,2023-07-25,,otzma,5,,True,2026_2223,Polls,2026_2223:0:49
2026_20230725_camilfuchs,2026,Camil Fuchs,Channel 13,2023-07-25,,raam,6,,True,2026_2223,Polls,2026_2223:0:49
2026_20230725_camilfuchs,2026,Camil Fuchs,Channel 13,2023-07-25,,rzp,5,,True,2026_2223,Polls,2026_2223:0:49
2026_20230725_camilfuchs,2026,Camil Fuchs,Channel 13,2023-07-25,,shas,10,,True,2026_2223,Polls,2026_2223:0:49
2026_20230725_camilfuchs,2026,Camil Fuchs,Channel 13,2023-07-25,,utj,7,,True,2026_2223,Polls,2026_2223:0:49
2026_20230725_camilfuchs,2026,Camil Fuchs,Channel 13,2023-07-25,,yesh_atid,17,,True,2026_2223,Polls,2026_2223:0:49
2026_20230725_camilfuchs,2026,Camil Fuchs,Channel 13,2023-07-25,,yisrael_beytenu,6,,True,2026_2223,Polls,2026_2223:0:49
2026_20230725_midgam,2026,Midgam,HaHadashot 12,2023-07-25,,balad,0,2.6,True,2026_2223,Polls,2026_2223:0:48
2026_20230725_midgam,2026,Midgam,HaHadashot 12,2023-07-25,,blue_white,28,,True,2026_2223,Polls,2026_2223:0:48
2026_20230725_midgam,2026,Midgam,HaHadashot 12,2023-07-25,,hadash_taal,5,,True,2026_2223,Polls,2026_2223:0:48
2026_20230725_midgam,2026,Midgam,HaHadashot 12,2023-07-25,,labor,0,2.1,True,2026_2223,Polls,2026_2223:0:48
2026_20230725_midgam,2026,Midgam,HaHadashot 12,2023-07-25,,likud,28,,True,2026_2223,Polls,2026_2223:0:48
2026_20230725_midgam,2026,Midgam,HaHadashot 12,2023-07-25,,meretz,4,,True,2026_2223,Polls,2026_2223:0:48
2026_20230725_midgam,2026,Midgam,HaHadashot 12,2023-07-25,,otzma+rzp,8,,True,2026_2223,Polls,2026_2223:0:48
2026_20230725_midgam,2026,Midgam,HaHadashot 12,2023-07-25,,raam,5,,True,2026_2223,Polls,2026_2223:0:48
2026_20230725_midgam,2026,Midgam,HaHadashot 12,2023-07-25,,shas,10,,True,2026_2223,Polls,2026_2223:0:48
2026_20230725_midgam,2026,Midgam,HaHadashot 12,2023-07-25,,utj,7,,True,2026_2223,Polls,2026_2223:0:48
2026_20230725_midgam,2026,Midgam,HaHadashot 12,2023-07-25,,yesh_atid,19,,True,2026_2223,Polls,2026_2223:0:48
2026_20230725_midgam,2026,Midgam,HaHadashot 12,2023-07-25,,yisrael_beytenu,6,,True,2026_2223,Polls,2026_2223:0:48
2026_20230726_lazar,2026,Lazar,Maariv,2023-07-26,,balad,0,2.2,True,2026_2223,Polls,2026_2223:0:47
2026_20230726_lazar,2026,Lazar,Maariv,2023-07-26,,blue_white,30,,True,2026_2223,Polls,2026_2223:0:47
2026_20230726_lazar,2026,Lazar,Maariv,2023-07-26,,hadash_taal,4,,True,2026_2223,Polls,2026_2223:0:47
2026_20230726_lazar,2026,Lazar,Maariv,2023-07-26,,labor,0,2.1,True,2026_2223,Polls,2026_2223:0:47
2026_20230726_lazar,2026,Lazar,Maariv,2023-07-26,,likud,28,,True,2026_2223,Polls,2026_2223:0:47
2026_20230726_lazar,2026,Lazar,Maariv,2023-07-26,,meretz,5,,True,2026_2223,Polls,2026_2223:0:47
2026_20230726_lazar,2026,Lazar,Maariv,2023-07-26,,otzma,5,,True,2026_2223,Polls,2026_2223:0:47
2026_20230726_lazar,2026,Lazar,Maariv,2023-07-26,,raam,6,,True,2026_2223,Polls,2026_2223:0:47
2026_20230726_lazar,2026,Lazar,Maariv,2023-07-26,,rzp,5,,True,2026_2223,Polls,2026_2223:0:47
2026_20230726_lazar,2026,Lazar,Maariv,2023-07-26,,shas,9,,True,2026_2223,Polls,2026_2223:0:47
2026_20230726_lazar,2026,Lazar,Maariv,2023-07-26,,utj,7,,True,2026_2223,Polls,2026_2223:0:47
2026_20230726_lazar,2026,Lazar,Maariv,2023-07-26,,yesh_atid,16,,True,2026_2223,Polls,2026_2223:0:47
2026_20230726_lazar,2026,Lazar,Maariv,2023-07-26,,yisrael_beytenu,5,,True,2026_2223,Polls,2026_2223:0:47
2026_20230727_maagarmochot,2026,Maagar Mochot,Israel Hayom,2023-07-27,,balad,0,2.17,True,2026_2223,Polls,2026_2223:0:46
2026_20230727_maagarmochot,2026,Maagar Mochot,Israel Hayom,2023-07-27,,blue_white,28,,True,2026_2223,Polls,2026_2223:0:46
2026_20230727_maagarmochot,2026,Maagar Mochot,Israel Hayom,2023-07-27,,hadash_taal,4,,True,2026_2223,Polls,2026_2223:0:46
2026_20230727_maagarmochot,2026,Maagar Mochot,Israel Hayom,2023-07-27,,labor,0,2.75,True,2026_2223,Polls,2026_2223:0:46
2026_20230727_maagarmochot,2026,Maagar Mochot,Israel Hayom,2023-07-27,,likud,27,,True,2026_2223,Polls,2026_2223:0:46
2026_20230727_maagarmochot,2026,Maagar Mochot,Israel Hayom,2023-07-27,,meretz,5,,True,2026_2223,Polls,2026_2223:0:46
2026_20230727_maagarmochot,2026,Maagar Mochot,Israel Hayom,2023-07-27,,otzma+rzp,9,,True,2026_2223,Polls,2026_2223:0:46
2026_20230727_maagarmochot,2026,Maagar Mochot,Israel Hayom,2023-07-27,,raam,5,,True,2026_2223,Polls,2026_2223:0:46
2026_20230727_maagarmochot,2026,Maagar Mochot,Israel Hayom,2023-07-27,,shas,10,,True,2026_2223,Polls,2026_2223:0:46
2026_20230727_maagarmochot,2026,Maagar Mochot,Israel Hayom,2023-07-27,,utj,7,,True,2026_2223,Polls,2026_2223:0:46
2026_20230727_maagarmochot,2026,Maagar Mochot,Israel Hayom,2023-07-27,,yesh_atid,21,,True,2026_2223,Polls,2026_2223:0:46
2026_20230727_maagarmochot,2026,Maagar Mochot,Israel Hayom,2023-07-27,,yisrael_beytenu,4,,True,2026_2223,Polls,2026_2223:0:46
2026_20230803_directpolls,2026,Direct Polls,Channel 14,2023-08-03,,balad,0,2.6,True,2026_2223,Polls,2026_2223:0:43
2026_20230803_directpolls,2026,Direct Polls,Channel 14,2023-08-03,,blue_white,25,,True,2026_2223,Polls,2026_2223:0:43
2026_20230803_directpolls,2026,Direct Polls,Channel 14,2023-08-03,,hadash_taal,5,,True,2026_2223,Polls,2026_2223:0:43
2026_20230803_directpolls,2026,Direct Polls,Channel 14,2023-08-03,,labor,0,1.2,True,2026_2223,Polls,2026_2223:0:43
2026_20230803_directpolls,2026,Direct Polls,Channel 14,2023-08-03,,likud,30,,True,2026_2223,Polls,2026_2223:0:43
2026_20230803_directpolls,2026,Direct Polls,Channel 14,2023-08-03,,meretz,5,,True,2026_2223,Polls,2026_2223:0:43
2026_20230803_directpolls,2026,Direct Polls,Channel 14,2023-08-03,,otzma,5,,True,2026_2223,Polls,2026_2223:0:43
2026_20230803_directpolls,2026,Direct Polls,Channel 14,2023-08-03,,raam,5,,True,2026_2223,Polls,2026_2223:0:43
2026_20230803_directpolls,2026,Direct Polls,Channel 14,2023-08-03,,rzp,5,,True,2026_2223,Polls,2026_2223:0:43
2026_20230803_directpolls,2026,Direct Polls,Channel 14,2023-08-03,,shas,10,,True,2026_2223,Polls,2026_2223:0:43
2026_20230803_directpolls,2026,Direct Polls,Channel 14,2023-08-03,,utj,7,,True,2026_2223,Polls,2026_2223:0:43
2026_20230803_directpolls,2026,Direct Polls,Channel 14,2023-08-03,,yesh_atid,16,,True,2026_2223,Polls,2026_2223:0:43
2026_20230803_directpolls,2026,Direct Polls,Channel 14,2023-08-03,,yisrael_beytenu,7,,True,2026_2223,Polls,2026_2223:0:43
2026_20230803_lazar,2026,Lazar,Maariv,2023-08-03,,balad,0,1.8,True,2026_2223,Polls,2026_2223:0:45
2026_20230803_lazar,2026,Lazar,Maariv,2023-08-03,,blue_white,30,,True,2026_2223,Polls,2026_2223:0:45
2026_20230803_lazar,2026,Lazar,Maariv,2023-08-03,,hadash_taal,5,,True,2026_2223,Polls,2026_2223:0:45
2026_20230803_lazar,2026,Lazar,Maariv,2023-08-03,,labor,0,2.8,True,2026_2223,Polls,2026_2223:0:45
2026_20230803_lazar,2026,Lazar,Maariv,2023-08-03,,likud,27,,True,2026_2223,Polls,2026_2223:0:45
2026_20230803_lazar,2026,Lazar,Maariv,2023-08-03,,meretz,5,,True,2026_2223,Polls,2026_2223:0:45
2026_20230803_lazar,2026,Lazar,Maariv,2023-08-03,,otzma,5,,True,2026_2223,Polls,2026_2223:0:45
2026_20230803_lazar,2026,Lazar,Maariv,2023-08-03,,raam,6,,True,2026_2223,Polls,2026_2223:0:45
2026_20230803_lazar,2026,Lazar,Maariv,2023-08-03,,rzp,5,,True,2026_2223,Polls,2026_2223:0:45
2026_20230803_lazar,2026,Lazar,Maariv,2023-08-03,,shas,9,,True,2026_2223,Polls,2026_2223:0:45
2026_20230803_lazar,2026,Lazar,Maariv,2023-08-03,,utj,7,,True,2026_2223,Polls,2026_2223:0:45
2026_20230803_lazar,2026,Lazar,Maariv,2023-08-03,,yesh_atid,16,,True,2026_2223,Polls,2026_2223:0:45
2026_20230803_lazar,2026,Lazar,Maariv,2023-08-03,,yisrael_beytenu,5,,True,2026_2223,Polls,2026_2223:0:45
2026_20230804_midgama,2026,Midgam,HaHadashot 12,2023-08-04,,balad,0,1.9,True,2026_2223,Polls,2026_2223:0:41
2026_20230804_midgama,2026,Midgam,HaHadashot 12,2023-08-04,,blue_white,28,,True,2026_2223,Polls,2026_2223:0:41
2026_20230804_midgama,2026,Midgam,HaHadashot 12,2023-08-04,,hadash_taal,5,,True,2026_2223,Polls,2026_2223:0:41
2026_20230804_midgama,2026,Midgam,HaHadashot 12,2023-08-04,,labor,0,1.6,True,2026_2223,Polls,2026_2223:0:41
2026_20230804_midgama,2026,Midgam,HaHadashot 12,2023-08-04,,likud,26,,True,2026_2223,Polls,2026_2223:0:41
2026_20230804_midgama,2026,Midgam,HaHadashot 12,2023-08-04,,meretz,4,,True,2026_2223,Polls,2026_2223:0:41
2026_20230804_midgama,2026,Midgam,HaHadashot 12,2023-08-04,,otzma+rzp,9,,True,2026_2223,Polls,2026_2223:0:41
2026_20230804_midgama,2026,Midgam,HaHadashot 12,2023-08-04,,raam,5,,True,2026_2223,Polls,2026_2223:0:41
2026_20230804_midgama,2026,Midgam,HaHadashot 12,2023-08-04,,shas,10,,True,2026_2223,Polls,2026_2223:0:41
2026_20230804_midgama,2026,Midgam,HaHadashot 12,2023-08-04,,utj,7,,True,2026_2223,Polls,2026_2223:0:41
2026_20230804_midgama,2026,Midgam,HaHadashot 12,2023-08-04,,yesh_atid,20,,True,2026_2223,Polls,2026_2223:0:41
2026_20230804_midgama,2026,Midgam,HaHadashot 12,2023-08-04,,yisrael_beytenu,6,,True,2026_2223,Polls,2026_2223:0:41
2026_20230804_midgamb,2026,Midgam,HaHadashot 12,2023-08-04,,blue_white,28,,True,2026_2223,Polls,2026_2223:0:42
2026_20230804_midgamb,2026,Midgam,HaHadashot 12,2023-08-04,,hadash_taal,5,,True,2026_2223,Polls,2026_2223:0:42
2026_20230804_midgamb,2026,Midgam,HaHadashot 12,2023-08-04,,likud,25,,True,2026_2223,Polls,2026_2223:0:42
2026_20230804_midgamb,2026,Midgam,HaHadashot 12,2023-08-04,,meretz,4,,True,2026_2223,Polls,2026_2223:0:42
2026_20230804_midgamb,2026,Midgam,HaHadashot 12,2023-08-04,,otzma,6,,True,2026_2223,Polls,2026_2223:0:42
2026_20230804_midgamb,2026,Midgam,HaHadashot 12,2023-08-04,,raam,5,,True,2026_2223,Polls,2026_2223:0:42
2026_20230804_midgamb,2026,Midgam,HaHadashot 12,2023-08-04,,rzp,4,,True,2026_2223,Polls,2026_2223:0:42
2026_20230804_midgamb,2026,Midgam,HaHadashot 12,2023-08-04,,shas,10,,True,2026_2223,Polls,2026_2223:0:42
2026_20230804_midgamb,2026,Midgam,HaHadashot 12,2023-08-04,,utj,7,,True,2026_2223,Polls,2026_2223:0:42
2026_20230804_midgamb,2026,Midgam,HaHadashot 12,2023-08-04,,yesh_atid,20,,True,2026_2223,Polls,2026_2223:0:42
2026_20230804_midgamb,2026,Midgam,HaHadashot 12,2023-08-04,,yisrael_beytenu,6,,True,2026_2223,Polls,2026_2223:0:42
2026_20230810_lazar,2026,Lazar,Maariv,2023-08-10,,balad,0,2.2,True,2026_2223,Polls,2026_2223:0:40
2026_20230810_lazar,2026,Lazar,Maariv,2023-08-10,,blue_white,29,,True,2026_2223,Polls,2026_2223:0:40
2026_20230810_lazar,2026,Lazar,Maariv,2023-08-10,,hadash_taal,5,,True,2026_2223,Polls,2026_2223:0:40
2026_20230810_lazar,2026,Lazar,Maariv,2023-08-10,,labor,0,1.8,True,2026_2223,Polls,2026_2223:0:40
2026_20230810_lazar,2026,Lazar,Maariv,2023-08-10,,likud,28,,True,2026_2223,Polls,2026_2223:0:40
2026_20230810_lazar,2026,Lazar,Maariv,2023-08-10,,meretz,5,,True,2026_2223,Polls,2026_2223:0:40
2026_20230810_lazar,2026,Lazar,Maariv,2023-08-10,,otzma,4,,True,2026_2223,Polls,2026_2223:0:40
2026_20230810_lazar,2026,Lazar,Maariv,2023-08-10,,raam,5,,True,2026_2223,Polls,2026_2223:0:40
2026_20230810_lazar,2026,Lazar,Maariv,2023-08-10,,rzp,6,,True,2026_2223,Polls,2026_2223:0:40
2026_20230810_lazar,2026,Lazar,Maariv,2023-08-10,,shas,9,,True,2026_2223,Polls,2026_2223:0:40
2026_20230810_lazar,2026,Lazar,Maariv,2023-08-10,,utj,7,,True,2026_2223,Polls,2026_2223:0:40
2026_20230810_lazar,2026,Lazar,Maariv,2023-08-10,,yesh_atid,16,,True,2026_2223,Polls,2026_2223:0:40
2026_20230810_lazar,2026,Lazar,Maariv,2023-08-10,,yisrael_beytenu,6,,True,2026_2223,Polls,2026_2223:0:40
2026_20230817_lazar,2026,Lazar,Maariv,2023-08-17,,balad,0,1.4,True,2026_2223,Polls,2026_2223:0:39
2026_20230817_lazar,2026,Lazar,Maariv,2023-08-17,,blue_white,31,,True,2026_2223,Polls,2026_2223:0:39
2026_20230817_lazar,2026,Lazar,Maariv,2023-08-17,,hadash_taal,5,,True,2026_2223,Polls,2026_2223:0:39
2026_20230817_lazar,2026,Lazar,Maariv,2023-08-17,,labor,0,1.7,True,2026_2223,Polls,2026_2223:0:39
2026_20230817_lazar,2026,Lazar,Maariv,2023-08-17,,likud,28,,True,2026_2223,Polls,2026_2223:0:39
2026_20230817_lazar,2026,Lazar,Maariv,2023-08-17,,meretz,4,,True,2026_2223,Polls,2026_2223:0:39
2026_20230817_lazar,2026,Lazar,Maariv,2023-08-17,,otzma,5,,True,2026_2223,Polls,2026_2223:0:39
2026_20230817_lazar,2026,Lazar,Maariv,2023-08-17,,raam,5,,True,2026_2223,Polls,2026_2223:0:39
2026_20230817_lazar,2026,Lazar,Maariv,2023-08-17,,rzp,5,,True,2026_2223,Polls,2026_2223:0:39
2026_20230817_lazar,2026,Lazar,Maariv,2023-08-17,,shas,10,,True,2026_2223,Polls,2026_2223:0:39
2026_20230817_lazar,2026,Lazar,Maariv,2023-08-17,,utj,7,,True,2026_2223,Polls,2026_2223:0:39
2026_20230817_lazar,2026,Lazar,Maariv,2023-08-17,,yesh_atid,15,,True,2026_2223,Polls,2026_2223:0:39
2026_20230817_lazar,2026,Lazar,Maariv,2023-08-17,,yisrael_beytenu,5,,True,2026_2223,Polls,2026_2223:0:39
2026_20230825_lazar,2026,Lazar,Maariv,2023-08-25,,balad,0,2.1,True,2026_2223,Polls,2026_2223:0:38
2026_20230825_lazar,2026,Lazar,Maariv,2023-08-25,,blue_white,30,,True,2026_2223,Polls,2026_2223:0:38
2026_20230825_lazar,2026,Lazar,Maariv,2023-08-25,,hadash_taal,6,,True,2026_2223,Polls,2026_2223:0:38
2026_20230825_lazar,2026,Lazar,Maariv,2023-08-25,,labor,0,1.6,True,2026_2223,Polls,2026_2223:0:38
2026_20230825_lazar,2026,Lazar,Maariv,2023-08-25,,likud,27,,True,2026_2223,Polls,2026_2223:0:38
2026_20230825_lazar,2026,Lazar,Maariv,2023-08-25,,meretz,4,,True,2026_2223,Polls,2026_2223:0:38
2026_20230825_lazar,2026,Lazar,Maariv,2023-08-25,,otzma,4,,True,2026_2223,Polls,2026_2223:0:38
2026_20230825_lazar,2026,Lazar,Maariv,2023-08-25,,raam,5,,True,2026_2223,Polls,2026_2223:0:38
2026_20230825_lazar,2026,Lazar,Maariv,2023-08-25,,rzp,6,,True,2026_2223,Polls,2026_2223:0:38
2026_20230825_lazar,2026,Lazar,Maariv,2023-08-25,,shas,10,,True,2026_2223,Polls,2026_2223:0:38
2026_20230825_lazar,2026,Lazar,Maariv,2023-08-25,,utj,7,,True,2026_2223,Polls,2026_2223:0:38
2026_20230825_lazar,2026,Lazar,Maariv,2023-08-25,,yesh_atid,16,,True,2026_2223,Polls,2026_2223:0:38
2026_20230825_lazar,2026,Lazar,Maariv,2023-08-25,,yisrael_beytenu,5,,True,2026_2223,Polls,2026_2223:0:38
2026_20230831_directpolls,2026,Direct Polls,Channel 14,2023-08-31,,balad,0,2.2,True,2026_2223,Polls,2026_2223:0:36
2026_20230831_directpolls,2026,Direct Polls,Channel 14,2023-08-31,,blue_white,26,,True,2026_2223,Polls,2026_2223:0:36
2026_20230831_directpolls,2026,Direct Polls,Channel 14,2023-08-31,,hadash_taal,5,,True,2026_2223,Polls,2026_2223:0:36
2026_20230831_directpolls,2026,Direct Polls,Channel 14,2023-08-31,,labor,0,1.3,True,2026_2223,Polls,2026_2223:0:36
2026_20230831_directpolls,2026,Direct Polls,Channel 14,2023-08-31,,likud,31,,True,2026_2223,Polls,2026_2223:0:36
2026_20230831_directpolls,2026,Direct Polls,Channel 14,2023-08-31,,meretz,4,,True,2026_2223,Polls,2026_2223:0:36
2026_20230831_directpolls,2026,Direct Polls,Channel 14,2023-08-31,,otzma,5,,True,2026_2223,Polls,2026_2223:0:36
2026_20230831_directpolls,2026,Direct Polls,Channel 14,2023-08-31,,raam,5,,True,2026_2223,Polls,2026_2223:0:36
2026_20230831_directpolls,2026,Direct Polls,Channel 14,2023-08-31,,rzp,5,,True,2026_2223,Polls,2026_2223:0:36
2026_20230831_directpolls,2026,Direct Polls,Channel 14,2023-08-31,,shas,10,,True,2026_2223,Polls,2026_2223:0:36
2026_20230831_directpolls,2026,Direct Polls,Channel 14,2023-08-31,,utj,6,,True,2026_2223,Polls,2026_2223:0:36
2026_20230831_directpolls,2026,Direct Polls,Channel 14,2023-08-31,,yesh_atid,15,,True,2026_2223,Polls,2026_2223:0:36
2026_20230831_directpolls,2026,Direct Polls,Channel 14,2023-08-31,,yisrael_beytenu,8,,True,2026_2223,Polls,2026_2223:0:36
2026_20230831_lazar,2026,Lazar,Maariv,2023-08-31,,balad,0,2.4,True,2026_2223,Polls,2026_2223:0:37
2026_20230831_lazar,2026,Lazar,Maariv,2023-08-31,,blue_white,31,,True,2026_2223,Polls,2026_2223:0:37
2026_20230831_lazar,2026,Lazar,Maariv,2023-08-31,,hadash_taal,5,,True,2026_2223,Polls,2026_2223:0:37
2026_20230831_lazar,2026,Lazar,Maariv,2023-08-31,,labor,0,2.1,True,2026_2223,Polls,2026_2223:0:37
2026_20230831_lazar,2026,Lazar,Maariv,2023-08-31,,likud,27,,True,2026_2223,Polls,2026_2223:0:37
2026_20230831_lazar,2026,Lazar,Maariv,2023-08-31,,meretz,4,,True,2026_2223,Polls,2026_2223:0:37
2026_20230831_lazar,2026,Lazar,Maariv,2023-08-31,,otzma,4,,True,2026_2223,Polls,2026_2223:0:37
2026_20230831_lazar,2026,Lazar,Maariv,2023-08-31,,raam,5,,True,2026_2223,Polls,2026_2223:0:37
2026_20230831_lazar,2026,Lazar,Maariv,2023-08-31,,rzp,5,,True,2026_2223,Polls,2026_2223:0:37
2026_20230831_lazar,2026,Lazar,Maariv,2023-08-31,,shas,10,,True,2026_2223,Polls,2026_2223:0:37
2026_20230831_lazar,2026,Lazar,Maariv,2023-08-31,,utj,7,,True,2026_2223,Polls,2026_2223:0:37
2026_20230831_lazar,2026,Lazar,Maariv,2023-08-31,,yesh_atid,17,,True,2026_2223,Polls,2026_2223:0:37
2026_20230831_lazar,2026,Lazar,Maariv,2023-08-31,,yisrael_beytenu,5,,True,2026_2223,Polls,2026_2223:0:37
2026_20230904_camilfuchs,2026,Camil Fuchs,Channel 13,2023-09-04,,blue_white,26,,True,2026_2223,Polls,2026_2223:0:35
2026_20230904_camilfuchs,2026,Camil Fuchs,Channel 13,2023-09-04,,hadash_taal,5,,True,2026_2223,Polls,2026_2223:0:35
2026_20230904_camilfuchs,2026,Camil Fuchs,Channel 13,2023-09-04,,likud,25,,True,2026_2223,Polls,2026_2223:0:35
2026_20230904_camilfuchs,2026,Camil Fuchs,Channel 13,2023-09-04,,meretz,4,,True,2026_2223,Polls,2026_2223:0:35
2026_20230904_camilfuchs,2026,Camil Fuchs,Channel 13,2023-09-04,,otzma,5,,True,2026_2223,Polls,2026_2223:0:35
2026_20230904_camilfuchs,2026,Camil Fuchs,Channel 13,2023-09-04,,raam,6,,True,2026_2223,Polls,2026_2223:0:35
2026_20230904_camilfuchs,2026,Camil Fuchs,Channel 13,2023-09-04,,rzp,6,,True,2026_2223,Polls,2026_2223:0:35
2026_20230904_camilfuchs,2026,Camil Fuchs,Channel 13,2023-09-04,,shas,10,,True,2026_2223,Polls,2026_2223:0:35
2026_20230904_camilfuchs,2026,Camil Fuchs,Channel 13,2023-09-04,,utj,7,,True,2026_2223,Polls,2026_2223:0:35
2026_20230904_camilfuchs,2026,Camil Fuchs,Channel 13,2023-09-04,,yesh_atid,20,,True,2026_2223,Polls,2026_2223:0:35
2026_20230904_camilfuchs,2026,Camil Fuchs,Channel 13,2023-09-04,,yisrael_beytenu,6,,True,2026_2223,Polls,2026_2223:0:35
2026_20230906_directpolls,2026,Direct Polls,Channel 14,2023-09-06,,balad,0,2.0,True,2026_2223,Polls,2026_2223:0:34
2026_20230906_directpolls,2026,Direct Polls,Channel 14,2023-09-06,,blue_white,28,,True,2026_2223,Polls,2026_2223:0:34
2026_20230906_directpolls,2026,Direct Polls,Channel 14,2023-09-06,,hadash_taal,4,,True,2026_2223,Polls,2026_2223:0:34
2026_20230906_directpolls,2026,Direct Polls,Channel 14,2023-09-06,,labor,0,2.1,True,2026_2223,Polls,2026_2223:0:34
2026_20230906_directpolls,2026,Direct Polls,Channel 14,2023-09-06,,likud,30,,True,2026_2223,Polls,2026_2223:0:34
2026_20230906_directpolls,2026,Direct Polls,Channel 14,2023-09-06,,meretz,4,,True,2026_2223,Polls,2026_2223:0:34
2026_20230906_directpolls,2026,Direct Polls,Channel 14,2023-09-06,,otzma,5,,True,2026_2223,Polls,2026_2223:0:34
2026_20230906_directpolls,2026,Direct Polls,Channel 14,2023-09-06,,raam,4,,True,2026_2223,Polls,2026_2223:0:34
2026_20230906_directpolls,2026,Direct Polls,Channel 14,2023-09-06,,rzp,6,,True,2026_2223,Polls,2026_2223:0:34
2026_20230906_directpolls,2026,Direct Polls,Channel 14,2023-09-06,,shas,10,,True,2026_2223,Polls,2026_2223:0:34
2026_20230906_directpolls,2026,Direct Polls,Channel 14,2023-09-06,,utj,7,,True,2026_2223,Polls,2026_2223:0:34
2026_20230906_directpolls,2026,Direct Polls,Channel 14,2023-09-06,,yesh_atid,15,,True,2026_2223,Polls,2026_2223:0:34
2026_20230906_directpolls,2026,Direct Polls,Channel 14,2023-09-06,,yisrael_beytenu,7,,True,2026_2223,Polls,2026_2223:0:34
2026_20230907_lazar,2026,Lazar,Maariv,2023-09-07,,balad,0,1.6,True,2026_2223,Polls,2026_2223:0:33
2026_20230907_lazar,2026,Lazar,Maariv,2023-09-07,,blue_white,30,,True,2026_2223,Polls,2026_2223:0:33
2026_20230907_lazar,2026,Lazar,Maariv,2023-09-07,,hadash_taal,5,,True,2026_2223,Polls,2026_2223:0:33
2026_20230907_lazar,2026,Lazar,Maariv,2023-09-07,,labor,0,1.8,True,2026_2223,Polls,2026_2223:0:33
2026_20230907_lazar,2026,Lazar,Maariv,2023-09-07,,likud,26,,True,2026_2223,Polls,2026_2223:0:33
2026_20230907_lazar,2026,Lazar,Maariv,2023-09-07,,meretz,4,,True,2026_2223,Polls,2026_2223:0:33
2026_20230907_lazar,2026,Lazar,Maariv,2023-09-07,,otzma,4,,True,2026_2223,Polls,2026_2223:0:33
2026_20230907_lazar,2026,Lazar,Maariv,2023-09-07,,raam,6,,True,2026_2223,Polls,2026_2223:0:33
2026_20230907_lazar,2026,Lazar,Maariv,2023-09-07,,rzp,6,,True,2026_2223,Polls,2026_2223:0:33
2026_20230907_lazar,2026,Lazar,Maariv,2023-09-07,,shas,10,,True,2026_2223,Polls,2026_2223:0:33
2026_20230907_lazar,2026,Lazar,Maariv,2023-09-07,,utj,7,,True,2026_2223,Polls,2026_2223:0:33
2026_20230907_lazar,2026,Lazar,Maariv,2023-09-07,,yesh_atid,17,,True,2026_2223,Polls,2026_2223:0:33
2026_20230907_lazar,2026,Lazar,Maariv,2023-09-07,,yisrael_beytenu,5,,True,2026_2223,Polls,2026_2223:0:33
2026_20230910_midgam,2026,Midgam,HaHadashot 12,2023-09-10,,balad,0,1.7,True,2026_2223,Polls,2026_2223:0:32
2026_20230910_midgam,2026,Midgam,HaHadashot 12,2023-09-10,,blue_white,29,,True,2026_2223,Polls,2026_2223:0:32
2026_20230910_midgam,2026,Midgam,HaHadashot 12,2023-09-10,,hadash_taal,5,,True,2026_2223,Polls,2026_2223:0:32
2026_20230910_midgam,2026,Midgam,HaHadashot 12,2023-09-10,,labor,0,2.8,True,2026_2223,Polls,2026_2223:0:32
2026_20230910_midgam,2026,Midgam,HaHadashot 12,2023-09-10,,likud,26,,True,2026_2223,Polls,2026_2223:0:32
2026_20230910_midgam,2026,Midgam,HaHadashot 12,2023-09-10,,meretz,5,,True,2026_2223,Polls,2026_2223:0:32
2026_20230910_midgam,2026,Midgam,HaHadashot 12,2023-09-10,,otzma+rzp,9,,True,2026_2223,Polls,2026_2223:0:32
2026_20230910_midgam,2026,Midgam,HaHadashot 12,2023-09-10,,raam,5,,True,2026_2223,Polls,2026_2223:0:32
2026_20230910_midgam,2026,Midgam,HaHadashot 12,2023-09-10,,shas,10,,True,2026_2223,Polls,2026_2223:0:32
2026_20230910_midgam,2026,Midgam,HaHadashot 12,2023-09-10,,utj,7,,True,2026_2223,Polls,2026_2223:0:32
2026_20230910_midgam,2026,Midgam,HaHadashot 12,2023-09-10,,yesh_atid,18,,True,2026_2223,Polls,2026_2223:0:32
2026_20230910_midgam,2026,Midgam,HaHadashot 12,2023-09-10,,yisrael_beytenu,6,,True,2026_2223,Polls,2026_2223:0:32
2026_20230913_camilfuchs,2026,Camil Fuchs,Channel 13,2023-09-13,,blue_white,28,,True,2026_2223,Polls,2026_2223:0:31
2026_20230913_camilfuchs,2026,Camil Fuchs,Channel 13,2023-09-13,,hadash_taal,5,,True,2026_2223,Polls,2026_2223:0:31
2026_20230913_camilfuchs,2026,Camil Fuchs,Channel 13,2023-09-13,,likud,25,,True,2026_2223,Polls,2026_2223:0:31
2026_20230913_camilfuchs,2026,Camil Fuchs,Channel 13,2023-09-13,,meretz,4,,True,2026_2223,Polls,2026_2223:0:31
2026_20230913_camilfuchs,2026,Camil Fuchs,Channel 13,2023-09-13,,otzma,5,,True,2026_2223,Polls,2026_2223:0:31
2026_20230913_camilfuchs,2026,Camil Fuchs,Channel 13,2023-09-13,,raam,6,,True,2026_2223,Polls,2026_2223:0:31
2026_20230913_camilfuchs,2026,Camil Fuchs,Channel 13,2023-09-13,,rzp,6,,True,2026_2223,Polls,2026_2223:0:31
2026_20230913_camilfuchs,2026,Camil Fuchs,Channel 13,2023-09-13,,shas,10,,True,2026_2223,Polls,2026_2223:0:31
2026_20230913_camilfuchs,2026,Camil Fuchs,Channel 13,2023-09-13,,utj,7,,True,2026_2223,Polls,2026_2223:0:31
2026_20230913_camilfuchs,2026,Camil Fuchs,Channel 13,2023-09-13,,yesh_atid,18,,True,2026_2223,Polls,2026_2223:0:31
2026_20230913_camilfuchs,2026,Camil Fuchs,Channel 13,2023-09-13,,yisrael_beytenu,6,,True,2026_2223,Polls,2026_2223:0:31
2026_20230914_directpolls,2026,Direct Polls,Channel 14,2023-09-14,,balad,0,3.0,True,2026_2223,Polls,2026_2223:0:29
2026_20230914_directpolls,2026,Direct Polls,Channel 14,2023-09-14,,blue_white,28,,True,2026_2223,Polls,2026_2223:0:29
2026_20230914_directpolls,2026,Direct Polls,Channel 14,2023-09-14,,hadash_taal,4,,True,2026_2223,Polls,2026_2223:0:29
2026_20230914_directpolls,2026,Direct Polls,Channel 14,2023-09-14,,labor,0,2.0,True,2026_2223,Polls,2026_2223:0:29
2026_20230914_directpolls,2026,Direct Polls,Channel 14,2023-09-14,,likud,30,,True,2026_2223,Polls,2026_2223:0:29
2026_20230914_directpolls,2026,Direct Polls,Channel 14,2023-09-14,,meretz,4,,True,2026_2223,Polls,2026_2223:0:29
2026_20230914_directpolls,2026,Direct Polls,Channel 14,2023-09-14,,otzma,5,,True,2026_2223,Polls,2026_2223:0:29
2026_20230914_directpolls,2026,Direct Polls,Channel 14,2023-09-14,,raam,5,,True,2026_2223,Polls,2026_2223:0:29
2026_20230914_directpolls,2026,Direct Polls,Channel 14,2023-09-14,,rzp,4,,True,2026_2223,Polls,2026_2223:0:29
2026_20230914_directpolls,2026,Direct Polls,Channel 14,2023-09-14,,shas,10,,True,2026_2223,Polls,2026_2223:0:29
2026_20230914_directpolls,2026,Direct Polls,Channel 14,2023-09-14,,utj,7,,True,2026_2223,Polls,2026_2223:0:29
2026_20230914_directpolls,2026,Direct Polls,Channel 14,2023-09-14,,yesh_atid,16,,True,2026_2223,Polls,2026_2223:0:29
2026_20230914_directpolls,2026,Direct Polls,Channel 14,2023-09-14,,yisrael_beytenu,7,,True,2026_2223,Polls,2026_2223:0:29
2026_20230914_lazar,2026,Lazar,Maariv,2023-09-14,,balad,0,1.5,True,2026_2223,Polls,2026_2223:0:30
2026_20230914_lazar,2026,Lazar,Maariv,2023-09-14,,blue_white,31,,True,2026_2223,Polls,2026_2223:0:30
2026_20230914_lazar,2026,Lazar,Maariv,2023-09-14,,hadash_taal,5,,True,2026_2223,Polls,2026_2223:0:30
2026_20230914_lazar,2026,Lazar,Maariv,2023-09-14,,labor,0,1.7,True,2026_2223,Polls,2026_2223:0:30
2026_20230914_lazar,2026,Lazar,Maariv,2023-09-14,,likud,27,,True,2026_2223,Polls,2026_2223:0:30
2026_20230914_lazar,2026,Lazar,Maariv,2023-09-14,,meretz,4,,True,2026_2223,Polls,2026_2223:0:30
2026_20230914_lazar,2026,Lazar,Maariv,2023-09-14,,otzma,5,,True,2026_2223,Polls,2026_2223:0:30
2026_20230914_lazar,2026,Lazar,Maariv,2023-09-14,,raam,5,,True,2026_2223,Polls,2026_2223:0:30
2026_20230914_lazar,2026,Lazar,Maariv,2023-09-14,,rzp,5,,True,2026_2223,Polls,2026_2223:0:30
2026_20230914_lazar,2026,Lazar,Maariv,2023-09-14,,shas,9,,True,2026_2223,Polls,2026_2223:0:30
2026_20230914_lazar,2026,Lazar,Maariv,2023-09-14,,utj,7,,True,2026_2223,Polls,2026_2223:0:30
2026_20230914_lazar,2026,Lazar,Maariv,2023-09-14,,yesh_atid,16,,True,2026_2223,Polls,2026_2223:0:30
2026_20230914_lazar,2026,Lazar,Maariv,2023-09-14,,yisrael_beytenu,6,,True,2026_2223,Polls,2026_2223:0:30
2026_20230921_directpolls,2026,Direct Polls,Channel 14,2023-09-21,,balad,0,2.6,True,2026_2223,Polls,2026_2223:0:27
2026_20230921_directpolls,2026,Direct Polls,Channel 14,2023-09-21,,blue_white,27,,True,2026_2223,Polls,2026_2223:0:27
2026_20230921_directpolls,2026,Direct Polls,Channel 14,2023-09-21,,hadash_taal,4,,True,2026_2223,Polls,2026_2223:0:27
2026_20230921_directpolls,2026,Direct Polls,Channel 14,2023-09-21,,labor,0,1.8,True,2026_2223,Polls,2026_2223:0:27
2026_20230921_directpolls,2026,Direct Polls,Channel 14,2023-09-21,,likud,31,,True,2026_2223,Polls,2026_2223:0:27
2026_20230921_directpolls,2026,Direct Polls,Channel 14,2023-09-21,,meretz,4,,True,2026_2223,Polls,2026_2223:0:27
2026_20230921_directpolls,2026,Direct Polls,Channel 14,2023-09-21,,otzma,5,,True,2026_2223,Polls,2026_2223:0:27
2026_20230921_directpolls,2026,Direct Polls,Channel 14,2023-09-21,,raam,5,,True,2026_2223,Polls,2026_2223:0:27
2026_20230921_directpolls,2026,Direct Polls,Channel 14,2023-09-21,,rzp,5,,True,2026_2223,Polls,2026_2223:0:27
2026_20230921_directpolls,2026,Direct Polls,Channel 14,2023-09-21,,shas,10,,True,2026_2223,Polls,2026_2223:0:27
2026_20230921_directpolls,2026,Direct Polls,Channel 14,2023-09-21,,utj,7,,True,2026_2223,Polls,2026_2223:0:27
2026_20230921_directpolls,2026,Direct Polls,Channel 14,2023-09-21,,yesh_atid,16,,True,2026_2223,Polls,2026_2223:0:27
2026_20230921_directpolls,2026,Direct Polls,Channel 14,2023-09-21,,yisrael_beytenu,6,,True,2026_2223,Polls,2026_2223:0:27
2026_20230921_lazar,2026,Lazar,Maariv,2023-09-21,,balad,0,1.7,True,2026_2223,Polls,2026_2223:0:28
2026_20230921_lazar,2026,Lazar,Maariv,2023-09-21,,blue_white,31,,True,2026_2223,Polls,2026_2223:0:28
2026_20230921_lazar,2026,Lazar,Maariv,2023-09-21,,hadash_taal,5,,True,2026_2223,Polls,2026_2223:0:28
2026_20230921_lazar,2026,Lazar,Maariv,2023-09-21,,labor,0,1.4,True,2026_2223,Polls,2026_2223:0:28
2026_20230921_lazar,2026,Lazar,Maariv,2023-09-21,,likud,26,,True,2026_2223,Polls,2026_2223:0:28
2026_20230921_lazar,2026,Lazar,Maariv,2023-09-21,,meretz,4,,True,2026_2223,Polls,2026_2223:0:28
2026_20230921_lazar,2026,Lazar,Maariv,2023-09-21,,otzma,5,,True,2026_2223,Polls,2026_2223:0:28
2026_20230921_lazar,2026,Lazar,Maariv,2023-09-21,,raam,5,,True,2026_2223,Polls,2026_2223:0:28
2026_20230921_lazar,2026,Lazar,Maariv,2023-09-21,,rzp,5,,True,2026_2223,Polls,2026_2223:0:28
2026_20230921_lazar,2026,Lazar,Maariv,2023-09-21,,shas,10,,True,2026_2223,Polls,2026_2223:0:28
2026_20230921_lazar,2026,Lazar,Maariv,2023-09-21,,utj,7,,True,2026_2223,Polls,2026_2223:0:28
2026_20230921_lazar,2026,Lazar,Maariv,2023-09-21,,yesh_atid,16,,True,2026_2223,Polls,2026_2223:0:28
2026_20230921_lazar,2026,Lazar,Maariv,2023-09-21,,yisrael_beytenu,6,,True,2026_2223,Polls,2026_2223:0:28
2026_20230926_camilfuchs,2026,Camil Fuchs,Channel 13,2023-09-26,,balad,4,,True,2026_2223,Polls,2026_2223:0:24
2026_20230926_camilfuchs,2026,Camil Fuchs,Channel 13,2023-09-26,,blue_white,27,,True,2026_2223,Polls,2026_2223:0:24
2026_20230926_camilfuchs,2026,Camil Fuchs,Channel 13,2023-09-26,,hadash_taal,5,,True,2026_2223,Polls,2026_2223:0:24
2026_20230926_camilfuchs,2026,Camil Fuchs,Channel 13,2023-09-26,,likud,26,,True,2026_2223,Polls,2026_2223:0:24
2026_20230926_camilfuchs,2026,Camil Fuchs,Channel 13,2023-09-26,,meretz,4,,True,2026_2223,Polls,2026_2223:0:24
2026_20230926_camilfuchs,2026,Camil Fuchs,Channel 13,2023-09-26,,otzma,4,,True,2026_2223,Polls,2026_2223:0:24
2026_20230926_camilfuchs,2026,Camil Fuchs,Channel 13,2023-09-26,,raam,5,,True,2026_2223,Polls,2026_2223:0:24
2026_20230926_camilfuchs,2026,Camil Fuchs,Channel 13,2023-09-26,,rzp,6,,True,2026_2223,Polls,2026_2223:0:24
2026_20230926_camilfuchs,2026,Camil Fuchs,Channel 13,2023-09-26,,shas,10,,True,2026_2223,Polls,2026_2223:0:24
2026_20230926_camilfuchs,2026,Camil Fuchs,Channel 13,2023-09-26,,utj,7,,True,2026_2223,Polls,2026_2223:0:24
2026_20230926_camilfuchs,2026,Camil Fuchs,Channel 13,2023-09-26,,yesh_atid,16,,True,2026_2223,Polls,2026_2223:0:24
2026_20230926_camilfuchs,2026,Camil Fuchs,Channel 13,2023-09-26,,yisrael_beytenu,6,,True,2026_2223,Polls,2026_2223:0:24
2026_20230926_kantar,2026,Kantar,Kan 11,2023-09-26,,balad,0,1.8,True,2026_2223,Polls,2026_2223:0:26
2026_20230926_kantar,2026,Kantar,Kan 11,2023-09-26,,blue_white,30,,True,2026_2223,Polls,2026_2223:0:26
2026_20230926_kantar,2026,Kantar,Kan 11,2023-09-26,,hadash_taal,5,,True,2026_2223,Polls,2026_2223:0:26
2026_20230926_kantar,2026,Kantar,Kan 11,2023-09-26,,labor,0,2.9,True,2026_2223,Polls,2026_2223:0:26
2026_20230926_kantar,2026,Kantar,Kan 11,2023-09-26,,likud,27,,True,2026_2223,Polls,2026_2223:0:26
2026_20230926_kantar,2026,Kantar,Kan 11,2023-09-26,,meretz,4,,True,2026_2223,Polls,2026_2223:0:26
2026_20230926_kantar,2026,Kantar,Kan 11,2023-09-26,,otzma+rzp,9,,True,2026_2223,Polls,2026_2223:0:26
2026_20230926_kantar,2026,Kantar,Kan 11,2023-09-26,,raam,5,,True,2026_2223,Polls,2026_2223:0:26
2026_20230926_kantar,2026,Kantar,Kan 11,2023-09-26,,shas,10,,True,2026_2223,Polls,2026_2223:0:26
2026_20230926_kantar,2026,Kantar,Kan 11,2023-09-26,,utj,7,,True,2026_2223,Polls,2026_2223:0:26
2026_20230926_kantar,2026,Kantar,Kan 11,2023-09-26,,yesh_atid,18,,True,2026_2223,Polls,2026_2223:0:26
2026_20230926_kantar,2026,Kantar,Kan 11,2023-09-26,,yisrael_beytenu,5,,True,2026_2223,Polls,2026_2223:0:26
2026_20230926_midgam,2026,Midgam,HaHadashot 12,2023-09-26,,balad,0,2.8,True,2026_2223,Polls,2026_2223:0:25
2026_20230926_midgam,2026,Midgam,HaHadashot 12,2023-09-26,,blue_white,27,,True,2026_2223,Polls,2026_2223:0:25
2026_20230926_midgam,2026,Midgam,HaHadashot 12,2023-09-26,,hadash_taal,5,,True,2026_2223,Polls,2026_2223:0:25
2026_20230926_midgam,2026,Midgam,HaHadashot 12,2023-09-26,,labor,0,2.5,True,2026_2223,Polls,2026_2223:0:25
2026_20230926_midgam,2026,Midgam,HaHadashot 12,2023-09-26,,likud,28,,True,2026_2223,Polls,2026_2223:0:25
2026_20230926_midgam,2026,Midgam,HaHadashot 12,2023-09-26,,meretz,5,,True,2026_2223,Polls,2026_2223:0:25
2026_20230926_midgam,2026,Midgam,HaHadashot 12,2023-09-26,,otzma+rzp,9,,True,2026_2223,Polls,2026_2223:0:25
2026_20230926_midgam,2026,Midgam,HaHadashot 12,2023-09-26,,raam,5,,True,2026_2223,Polls,2026_2223:0:25
2026_20230926_midgam,2026,Midgam,HaHadashot 12,2023-09-26,,shas,10,,True,2026_2223,Polls,2026_2223:0:25
2026_20230926_midgam,2026,Midgam,HaHadashot 12,2023-09-26,,utj,7,,True,2026_2223,Polls,2026_2223:0:25
2026_20230926_midgam,2026,Midgam,HaHadashot 12,2023-09-26,,yesh_atid,18,,True,2026_2223,Polls,2026_2223:0:25
2026_20230926_midgam,2026,Midgam,HaHadashot 12,2023-09-26,,yisrael_beytenu,6,,True,2026_2223,Polls,2026_2223:0:25
2026_20230928_lazar,2026,Lazar,Maariv,2023-09-28,,balad,0,1.5,True,2026_2223,Polls,2026_2223:0:23
2026_20230928_lazar,2026,Lazar,Maariv,2023-09-28,,blue_white,28,,True,2026_2223,Polls,2026_2223:0:23
2026_20230928_lazar,2026,Lazar,Maariv,2023-09-28,,hadash_taal,5,,True,2026_2223,Polls,2026_2223:0:23
2026_20230928_lazar,2026,Lazar,Maariv,2023-09-28,,labor,0,1.1,True,2026_2223,Polls,2026_2223:0:23
2026_20230928_lazar,2026,Lazar,Maariv,2023-09-28,,likud,28,,True,2026_2223,Polls,2026_2223:0:23
2026_20230928_lazar,2026,Lazar,Maariv,2023-09-28,,meretz,5,,True,2026_2223,Polls,2026_2223:0:23
2026_20230928_lazar,2026,Lazar,Maariv,2023-09-28,,otzma,4,,True,2026_2223,Polls,2026_2223:0:23
2026_20230928_lazar,2026,Lazar,Maariv,2023-09-28,,raam,5,,True,2026_2223,Polls,2026_2223:0:23
2026_20230928_lazar,2026,Lazar,Maariv,2023-09-28,,rzp,5,,True,2026_2223,Polls,2026_2223:0:23
2026_20230928_lazar,2026,Lazar,Maariv,2023-09-28,,shas,10,,True,2026_2223,Polls,2026_2223:0:23
2026_20230928_lazar,2026,Lazar,Maariv,2023-09-28,,utj,7,,True,2026_2223,Polls,2026_2223:0:23
2026_20230928_lazar,2026,Lazar,Maariv,2023-09-28,,yesh_atid,17,,True,2026_2223,Polls,2026_2223:0:23
2026_20230928_lazar,2026,Lazar,Maariv,2023-09-28,,yisrael_beytenu,6,,True,2026_2223,Polls,2026_2223:0:23
2026_20231005_lazar,2026,Lazar,Maariv,2023-10-05,,balad,0,1.9,True,2026_2223,Polls,2026_2223:0:22
2026_20231005_lazar,2026,Lazar,Maariv,2023-10-05,,blue_white,29,,True,2026_2223,Polls,2026_2223:0:22
2026_20231005_lazar,2026,Lazar,Maariv,2023-10-05,,hadash_taal,5,,True,2026_2223,Polls,2026_2223:0:22
2026_20231005_lazar,2026,Lazar,Maariv,2023-10-05,,labor,0,2.1,True,2026_2223,Polls,2026_2223:0:22
2026_20231005_lazar,2026,Lazar,Maariv,2023-10-05,,likud,28,,True,2026_2223,Polls,2026_2223:0:22
2026_20231005_lazar,2026,Lazar,Maariv,2023-10-05,,meretz,4,,True,2026_2223,Polls,2026_2223:0:22
2026_20231005_lazar,2026,Lazar,Maariv,2023-10-05,,otzma,4,,True,2026_2223,Polls,2026_2223:0:22
2026_20231005_lazar,2026,Lazar,Maariv,2023-10-05,,raam,5,,True,2026_2223,Polls,2026_2223:0:22
2026_20231005_lazar,2026,Lazar,Maariv,2023-10-05,,rzp,6,,True,2026_2223,Polls,2026_2223:0:22
2026_20231005_lazar,2026,Lazar,Maariv,2023-10-05,,shas,10,,True,2026_2223,Polls,2026_2223:0:22
2026_20231005_lazar,2026,Lazar,Maariv,2023-10-05,,utj,7,,True,2026_2223,Polls,2026_2223:0:22
2026_20231005_lazar,2026,Lazar,Maariv,2023-10-05,,yesh_atid,16,,True,2026_2223,Polls,2026_2223:0:22
2026_20231005_lazar,2026,Lazar,Maariv,2023-10-05,,yisrael_beytenu,6,,True,2026_2223,Polls,2026_2223:0:22
2026_20231012_lazar,2026,Lazar,Maariv,2023-10-12,,balad,0,1.5,True,2026_2223,Polls,2026_2223:0:20
2026_20231012_lazar,2026,Lazar,Maariv,2023-10-12,,blue_white,41,,True,2026_2223,Polls,2026_2223:0:20
2026_20231012_lazar,2026,Lazar,Maariv,2023-10-12,,hadash_taal,5,,True,2026_2223,Polls,2026_2223:0:20
2026_20231012_lazar,2026,Lazar,Maariv,2023-10-12,,labor,0,1.3,True,2026_2223,Polls,2026_2223:0:20
2026_20231012_lazar,2026,Lazar,Maariv,2023-10-12,,likud,19,,True,2026_2223,Polls,2026_2223:0:20
2026_20231012_lazar,2026,Lazar,Maariv,2023-10-12,,meretz,6,,True,2026_2223,Polls,2026_2223:0:20
2026_20231012_lazar,2026,Lazar,Maariv,2023-10-12,,otzma,5,,True,2026_2223,Polls,2026_2223:0:20
2026_20231012_lazar,2026,Lazar,Maariv,2023-10-12,,raam,5,,True,2026_2223,Polls,2026_2223:0:20
2026_20231012_lazar,2026,Lazar,Maariv,2023-10-12,,rzp,4,,True,2026_2223,Polls,2026_2223:0:20
2026_20231012_lazar,2026,Lazar,Maariv,2023-10-12,,shas,7,,True,2026_2223,Polls,2026_2223:0:20
2026_20231012_lazar,2026,Lazar,Maariv,2023-10-12,,utj,7,,True,2026_2223,Polls,2026_2223:0:20
2026_20231012_lazar,2026,Lazar,Maariv,2023-10-12,,yesh_atid,15,,True,2026_2223,Polls,2026_2223:0:20
2026_20231012_lazar,2026,Lazar,Maariv,2023-10-12,,yisrael_beytenu,6,,True,2026_2223,Polls,2026_2223:0:20
2026_20231019_lazar,2026,Lazar,Maariv,2023-10-19,,balad,0,1.8,True,2026_2223,Polls,2026_2223:0:18
2026_20231019_lazar,2026,Lazar,Maariv,2023-10-19,,blue_white,40,,True,2026_2223,Polls,2026_2223:0:18
2026_20231019_lazar,2026,Lazar,Maariv,2023-10-19,,hadash_taal,5,,True,2026_2223,Polls,2026_2223:0:18
2026_20231019_lazar,2026,Lazar,Maariv,2023-10-19,,labor,0,2.0,True,2026_2223,Polls,2026_2223:0:18
2026_20231019_lazar,2026,Lazar,Maariv,2023-10-19,,likud,18,,True,2026_2223,Polls,2026_2223:0:18
2026_20231019_lazar,2026,Lazar,Maariv,2023-10-19,,meretz,6,,True,2026_2223,Polls,2026_2223:0:18
2026_20231019_lazar,2026,Lazar,Maariv,2023-10-19,,otzma,5,,True,2026_2223,Polls,2026_2223:0:18
2026_20231019_lazar,2026,Lazar,Maariv,2023-10-19,,raam,4,,True,2026_2223,Polls,2026_2223:0:18
2026_20231019_lazar,2026,Lazar,Maariv,2023-10-19,,rzp,5,,True,2026_2223,Polls,2026_2223:0:18
2026_20231019_lazar,2026,Lazar,Maariv,2023-10-19,,shas,8,,True,2026_2223,Polls,2026_2223:0:18
2026_20231019_lazar,2026,Lazar,Maariv,2023-10-19,,utj,7,,True,2026_2223,Polls,2026_2223:0:18
2026_20231019_lazar,2026,Lazar,Maariv,2023-10-19,,yesh_atid,15,,True,2026_2223,Polls,2026_2223:0:18
2026_20231019_lazar,2026,Lazar,Maariv,2023-10-19,,yisrael_beytenu,7,,True,2026_2223,Polls,2026_2223:0:18
2026_20231026_lazar,2026,Lazar,Maariv,2023-10-26,,balad,0,1.2,True,2026_2223,Polls,2026_2223:0:17
2026_20231026_lazar,2026,Lazar,Maariv,2023-10-26,,blue_white,36,,True,2026_2223,Polls,2026_2223:0:17
2026_20231026_lazar,2026,Lazar,Maariv,2023-10-26,,hadash_taal,5,,True,2026_2223,Polls,2026_2223:0:17
2026_20231026_lazar,2026,Lazar,Maariv,2023-10-26,,labor,0,1.2,True,2026_2223,Polls,2026_2223:0:17
2026_20231026_lazar,2026,Lazar,Maariv,2023-10-26,,likud,19,,True,2026_2223,Polls,2026_2223:0:17
2026_20231026_lazar,2026,Lazar,Maariv,2023-10-26,,meretz,6,,True,2026_2223,Polls,2026_2223:0:17
2026_20231026_lazar,2026,Lazar,Maariv,2023-10-26,,otzma,4,,True,2026_2223,Polls,2026_2223:0:17
2026_20231026_lazar,2026,Lazar,Maariv,2023-10-26,,raam,5,,True,2026_2223,Polls,2026_2223:0:17
2026_20231026_lazar,2026,Lazar,Maariv,2023-10-26,,rzp,5,,True,2026_2223,Polls,2026_2223:0:17
2026_20231026_lazar,2026,Lazar,Maariv,2023-10-26,,shas,8,,True,2026_2223,Polls,2026_2223:0:17
2026_20231026_lazar,2026,Lazar,Maariv,2023-10-26,,utj,7,,True,2026_2223,Polls,2026_2223:0:17
2026_20231026_lazar,2026,Lazar,Maariv,2023-10-26,,yesh_atid,17,,True,2026_2223,Polls,2026_2223:0:17
2026_20231026_lazar,2026,Lazar,Maariv,2023-10-26,,yisrael_beytenu,8,,True,2026_2223,Polls,2026_2223:0:17
2026_20231102_lazar,2026,Lazar,Maariv,2023-11-02,,balad,0,1.0,True,2026_2223,Polls,2026_2223:0:16
2026_20231102_lazar,2026,Lazar,Maariv,2023-11-02,,blue_white,39,,True,2026_2223,Polls,2026_2223:0:16
2026_20231102_lazar,2026,Lazar,Maariv,2023-11-02,,hadash_taal,5,,True,2026_2223,Polls,2026_2223:0:16
2026_20231102_lazar,2026,Lazar,Maariv,2023-11-02,,labor,0,1.4,True,2026_2223,Polls,2026_2223:0:16
2026_20231102_lazar,2026,Lazar,Maariv,2023-11-02,,likud,18,,True,2026_2223,Polls,2026_2223:0:16
2026_20231102_lazar,2026,Lazar,Maariv,2023-11-02,,meretz,6,,True,2026_2223,Polls,2026_2223:0:16
2026_20231102_lazar,2026,Lazar,Maariv,2023-11-02,,otzma,5,,True,2026_2223,Polls,2026_2223:0:16
2026_20231102_lazar,2026,Lazar,Maariv,2023-11-02,,raam,5,,True,2026_2223,Polls,2026_2223:0:16
2026_20231102_lazar,2026,Lazar,Maariv,2023-11-02,,rzp,4,,True,2026_2223,Polls,2026_2223:0:16
2026_20231102_lazar,2026,Lazar,Maariv,2023-11-02,,shas,8,,True,2026_2223,Polls,2026_2223:0:16
2026_20231102_lazar,2026,Lazar,Maariv,2023-11-02,,utj,7,,True,2026_2223,Polls,2026_2223:0:16
2026_20231102_lazar,2026,Lazar,Maariv,2023-11-02,,yesh_atid,15,,True,2026_2223,Polls,2026_2223:0:16
2026_20231102_lazar,2026,Lazar,Maariv,2023-11-02,,yisrael_beytenu,8,,True,2026_2223,Polls,2026_2223:0:16
2026_20231109_lazar,2026,Lazar,Maariv,2023-11-09,,balad,0,1.0,True,2026_2223,Polls,2026_2223:0:15
2026_20231109_lazar,2026,Lazar,Maariv,2023-11-09,,blue_white,40,,True,2026_2223,Polls,2026_2223:0:15
2026_20231109_lazar,2026,Lazar,Maariv,2023-11-09,,hadash_taal,5,,True,2026_2223,Polls,2026_2223:0:15
2026_20231109_lazar,2026,Lazar,Maariv,2023-11-09,,labor,0,1.1,True,2026_2223,Polls,2026_2223:0:15
2026_20231109_lazar,2026,Lazar,Maariv,2023-11-09,,likud,18,,True,2026_2223,Polls,2026_2223:0:15
2026_20231109_lazar,2026,Lazar,Maariv,2023-11-09,,meretz,4,,True,2026_2223,Polls,2026_2223:0:15
2026_20231109_lazar,2026,Lazar,Maariv,2023-11-09,,otzma,5,,True,2026_2223,Polls,2026_2223:0:15
2026_20231109_lazar,2026,Lazar,Maariv,2023-11-09,,raam,5,,True,2026_2223,Polls,2026_2223:0:15
2026_20231109_lazar,2026,Lazar,Maariv,2023-11-09,,rzp,4,,True,2026_2223,Polls,2026_2223:0:15
2026_20231109_lazar,2026,Lazar,Maariv,2023-11-09,,shas,9,,True,2026_2223,Polls,2026_2223:0:15
2026_20231109_lazar,2026,Lazar,Maariv,2023-11-09,,utj,7,,True,2026_2223,Polls,2026_2223:0:15
2026_20231109_lazar,2026,Lazar,Maariv,2023-11-09,,yesh_atid,14,,True,2026_2223,Polls,2026_2223:0:15
2026_20231109_lazar,2026,Lazar,Maariv,2023-11-09,,yisrael_beytenu,9,,True,2026_2223,Polls,2026_2223:0:15
2026_20231116_lazar,2026,Lazar,Maariv,2023-11-16,,balad,0,1.3,True,2026_2223,Polls,2026_2223:0:14
2026_20231116_lazar,2026,Lazar,Maariv,2023-11-16,,blue_white,42,,True,2026_2223,Polls,2026_2223:0:14
2026_20231116_lazar,2026,Lazar,Maariv,2023-11-16,,hadash_taal,5,,True,2026_2223,Polls,2026_2223:0:14
2026_20231116_lazar,2026,Lazar,Maariv,2023-11-16,,labor,0,1.4,True,2026_2223,Polls,2026_2223:0:14
2026_20231116_lazar,2026,Lazar,Maariv,2023-11-16,,likud,17,,True,2026_2223,Polls,2026_2223:0:14
2026_20231116_lazar,2026,Lazar,Maariv,2023-11-16,,meretz,4,,True,2026_2223,Polls,2026_2223:0:14
2026_20231116_lazar,2026,Lazar,Maariv,2023-11-16,,otzma,6,,True,2026_2223,Polls,2026_2223:0:14
2026_20231116_lazar,2026,Lazar,Maariv,2023-11-16,,raam,5,,True,2026_2223,Polls,2026_2223:0:14
2026_20231116_lazar,2026,Lazar,Maariv,2023-11-16,,rzp,4,,True,2026_2223,Polls,2026_2223:0:14
2026_20231116_lazar,2026,Lazar,Maariv,2023-11-16,,shas,8,,True,2026_2223,Polls,2026_2223:0:14
2026_20231116_lazar,2026,Lazar,Maariv,2023-11-16,,utj,7,,True,2026_2223,Polls,2026_2223:0:14
2026_20231116_lazar,2026,Lazar,Maariv,2023-11-16,,yesh_atid,14,,True,2026_2223,Polls,2026_2223:0:14
2026_20231116_lazar,2026,Lazar,Maariv,2023-11-16,,yisrael_beytenu,8,,True,2026_2223,Polls,2026_2223:0:14
2026_20231116_midgama,2026,Midgam,HaHadashot 12,2023-11-16,,balad,0,1.7,True,2026_2223,Polls,2026_2223:0:12
2026_20231116_midgama,2026,Midgam,HaHadashot 12,2023-11-16,,blue_white,36,,True,2026_2223,Polls,2026_2223:0:12
2026_20231116_midgama,2026,Midgam,HaHadashot 12,2023-11-16,,hadash_taal,5,,True,2026_2223,Polls,2026_2223:0:12
2026_20231116_midgama,2026,Midgam,HaHadashot 12,2023-11-16,,labor,0,1.5,True,2026_2223,Polls,2026_2223:0:12
2026_20231116_midgama,2026,Midgam,HaHadashot 12,2023-11-16,,likud,17,,True,2026_2223,Polls,2026_2223:0:12
2026_20231116_midgama,2026,Midgam,HaHadashot 12,2023-11-16,,meretz,5,,True,2026_2223,Polls,2026_2223:0:12
2026_20231116_midgama,2026,Midgam,HaHadashot 12,2023-11-16,,otzma,7,,True,2026_2223,Polls,2026_2223:0:12
2026_20231116_midgama,2026,Midgam,HaHadashot 12,2023-11-16,,raam,5,,True,2026_2223,Polls,2026_2223:0:12
2026_20231116_midgama,2026,Midgam,HaHadashot 12,2023-11-16,,rzp,4,,True,2026_2223,Polls,2026_2223:0:12
2026_20231116_midgama,2026,Midgam,HaHadashot 12,2023-11-16,,shas,10,,True,2026_2223,Polls,2026_2223:0:12
2026_20231116_midgama,2026,Midgam,HaHadashot 12,2023-11-16,,utj,7,,True,2026_2223,Polls,2026_2223:0:12
2026_20231116_midgama,2026,Midgam,HaHadashot 12,2023-11-16,,yesh_atid,15,,True,2026_2223,Polls,2026_2223:0:12
2026_20231116_midgama,2026,Midgam,HaHadashot 12,2023-11-16,,yisrael_beytenu,9,,True,2026_2223,Polls,2026_2223:0:12
2026_20231116_midgamb,2026,Midgam,HaHadashot 12,2023-11-16,,blue_white,29,,False,2026_2223,Polls,2026_2223:0:13
2026_20231116_midgamb,2026,Midgam,HaHadashot 12,2023-11-16,,hadash_taal,5,,False,2026_2223,Polls,2026_2223:0:13
2026_20231116_midgamb,2026,Midgam,HaHadashot 12,2023-11-16,,labor+meretz,9,,False,2026_2223,Polls,2026_2223:0:13
2026_20231116_midgamb,2026,Midgam,HaHadashot 12,2023-11-16,,likud,16,,False,2026_2223,Polls,2026_2223:0:13
2026_20231116_midgamb,2026,Midgam,HaHadashot 12,2023-11-16,,raam,5,,False,2026_2223,Polls,2026_2223:0:13
2026_20231116_midgamb,2026,Midgam,HaHadashot 12,2023-11-16,,yesh_atid,16,,False,2026_2223,Polls,2026_2223:0:13
2026_20231116_midgamb,2026,Midgam,HaHadashot 12,2023-11-16,,yisrael_beytenu,11,,False,2026_2223,Polls,2026_2223:0:13
2026_20231123_lazar,2026,Lazar,Maariv,2023-11-23,,balad,0,1.3,True,2026_2223,Polls,2026_2223:0:11
2026_20231123_lazar,2026,Lazar,Maariv,2023-11-23,,blue_white,43,,True,2026_2223,Polls,2026_2223:0:11
2026_20231123_lazar,2026,Lazar,Maariv,2023-11-23,,hadash_taal,5,,True,2026_2223,Polls,2026_2223:0:11
2026_20231123_lazar,2026,Lazar,Maariv,2023-11-23,,labor,0,2.2,True,2026_2223,Polls,2026_2223:0:11
2026_20231123_lazar,2026,Lazar,Maariv,2023-11-23,,likud,18,,True,2026_2223,Polls,2026_2223:0:11
2026_20231123_lazar,2026,Lazar,Maariv,2023-11-23,,meretz,5,,True,2026_2223,Polls,2026_2223:0:11
2026_20231123_lazar,2026,Lazar,Maariv,2023-11-23,,otzma,7,,True,2026_2223,Polls,2026_2223:0:11
2026_20231123_lazar,2026,Lazar,Maariv,2023-11-23,,raam,5,,True,2026_2223,Polls,2026_2223:0:11
2026_20231123_lazar,2026,Lazar,Maariv,2023-11-23,,rzp,0,2.5,True,2026_2223,Polls,2026_2223:0:11
2026_20231123_lazar,2026,Lazar,Maariv,2023-11-23,,shas,9,,True,2026_2223,Polls,2026_2223:0:11
2026_20231123_lazar,2026,Lazar,Maariv,2023-11-23,,utj,7,,True,2026_2223,Polls,2026_2223:0:11
2026_20231123_lazar,2026,Lazar,Maariv,2023-11-23,,yesh_atid,13,,True,2026_2223,Polls,2026_2223:0:11
2026_20231123_lazar,2026,Lazar,Maariv,2023-11-23,,yisrael_beytenu,8,,True,2026_2223,Polls,2026_2223:0:11
2026_20231201_lazar,2026,Lazar,Maariv,2023-12-01,,balad,0,1.2,True,2026_2223,Polls,2026_2223:0:10
2026_20231201_lazar,2026,Lazar,Maariv,2023-12-01,,blue_white,40,,True,2026_2223,Polls,2026_2223:0:10
2026_20231201_lazar,2026,Lazar,Maariv,2023-12-01,,hadash_taal,5,,True,2026_2223,Polls,2026_2223:0:10
2026_20231201_lazar,2026,Lazar,Maariv,2023-12-01,,labor,0,1.6,True,2026_2223,Polls,2026_2223:0:10
2026_20231201_lazar,2026,Lazar,Maariv,2023-12-01,,likud,20,,True,2026_2223,Polls,2026_2223:0:10
2026_20231201_lazar,2026,Lazar,Maariv,2023-12-01,,meretz,4,,True,2026_2223,Polls,2026_2223:0:10
2026_20231201_lazar,2026,Lazar,Maariv,2023-12-01,,otzma,7,,True,2026_2223,Polls,2026_2223:0:10
2026_20231201_lazar,2026,Lazar,Maariv,2023-12-01,,raam,4,,True,2026_2223,Polls,2026_2223:0:10
2026_20231201_lazar,2026,Lazar,Maariv,2023-12-01,,rzp,0,2.8,True,2026_2223,Polls,2026_2223:0:10
2026_20231201_lazar,2026,Lazar,Maariv,2023-12-01,,shas,9,,True,2026_2223,Polls,2026_2223:0:10
2026_20231201_lazar,2026,Lazar,Maariv,2023-12-01,,utj,7,,True,2026_2223,Polls,2026_2223:0:10
2026_20231201_lazar,2026,Lazar,Maariv,2023-12-01,,yesh_atid,14,,True,2026_2223,Polls,2026_2223:0:10
2026_20231201_lazar,2026,Lazar,Maariv,2023-12-01,,yisrael_beytenu,10,,True,2026_2223,Polls,2026_2223:0:10
2026_20231207_lazar,2026,Lazar,Maariv,2023-12-07,,balad,0,1.4,True,2026_2223,Polls,2026_2223:0:9
2026_20231207_lazar,2026,Lazar,Maariv,2023-12-07,,blue_white,38,,True,2026_2223,Polls,2026_2223:0:9
2026_20231207_lazar,2026,Lazar,Maariv,2023-12-07,,hadash_taal,5,,True,2026_2223,Polls,2026_2223:0:9
2026_20231207_lazar,2026,Lazar,Maariv,2023-12-07,,labor,0,1.4,True,2026_2223,Polls,2026_2223:0:9
2026_20231207_lazar,2026,Lazar,Maariv,2023-12-07,,likud,18,,True,2026_2223,Polls,2026_2223:0:9
2026_20231207_lazar,2026,Lazar,Maariv,2023-12-07,,meretz,4,,True,2026_2223,Polls,2026_2223:0:9
2026_20231207_lazar,2026,Lazar,Maariv,2023-12-07,,otzma,6,,True,2026_2223,Polls,2026_2223:0:9
2026_20231207_lazar,2026,Lazar,Maariv,2023-12-07,,raam,4,,True,2026_2223,Polls,2026_2223:0:9
2026_20231207_lazar,2026,Lazar,Maariv,2023-12-07,,rzp,4,,True,2026_2223,Polls,2026_2223:0:9
2026_20231207_lazar,2026,Lazar,Maariv,2023-12-07,,shas,9,,True,2026_2223,Polls,2026_2223:0:9
2026_20231207_lazar,2026,Lazar,Maariv,2023-12-07,,utj,7,,True,2026_2223,Polls,2026_2223:0:9
2026_20231207_lazar,2026,Lazar,Maariv,2023-12-07,,yesh_atid,15,,True,2026_2223,Polls,2026_2223:0:9
2026_20231207_lazar,2026,Lazar,Maariv,2023-12-07,,yisrael_beytenu,10,,True,2026_2223,Polls,2026_2223:0:9
2026_20231211_camilfuchs,2026,Camil Fuchs,Channel 13,2023-12-11,,blue_white,37,,True,2026_2223,Polls,2026_2223:0:8
2026_20231211_camilfuchs,2026,Camil Fuchs,Channel 13,2023-12-11,,hadash_taal,5,,True,2026_2223,Polls,2026_2223:0:8
2026_20231211_camilfuchs,2026,Camil Fuchs,Channel 13,2023-12-11,,likud,18,,True,2026_2223,Polls,2026_2223:0:8
2026_20231211_camilfuchs,2026,Camil Fuchs,Channel 13,2023-12-11,,meretz,4,,True,2026_2223,Polls,2026_2223:0:8
2026_20231211_camilfuchs,2026,Camil Fuchs,Channel 13,2023-12-11,,otzma,7,,True,2026_2223,Polls,2026_2223:0:8
2026_20231211_camilfuchs,2026,Camil Fuchs,Channel 13,2023-12-11,,raam,5,,True,2026_2223,Polls,2026_2223:0:8
2026_20231211_camilfuchs,2026,Camil Fuchs,Channel 13,2023-12-11,,rzp,5,,True,2026_2223,Polls,2026_2223:0:8
2026_20231211_camilfuchs,2026,Camil Fuchs,Channel 13,2023-12-11,,shas,9,,True,2026_2223,Polls,2026_2223:0:8
2026_20231211_camilfuchs,2026,Camil Fuchs,Channel 13,2023-12-11,,utj,7,,True,2026_2223,Polls,2026_2223:0:8
2026_20231211_camilfuchs,2026,Camil Fuchs,Channel 13,2023-12-11,,yesh_atid,15,,True,2026_2223,Polls,2026_2223:0:8
2026_20231211_camilfuchs,2026,Camil Fuchs,Channel 13,2023-12-11,,yisrael_beytenu,8,,True,2026_2223,Polls,2026_2223:0:8
2026_20231214_lazar,2026,Lazar,Maariv,2023-12-14,,balad,0,1.8,True,2026_2223,Polls,2026_2223:0:7
2026_20231214_lazar,2026,Lazar,Maariv,2023-12-14,,blue_white,39,,True,2026_2223,Polls,2026_2223:0:7
2026_20231214_lazar,2026,Lazar,Maariv,2023-12-14,,hadash_taal,5,,True,2026_2223,Polls,2026_2223:0:7
2026_20231214_lazar,2026,Lazar,Maariv,2023-12-14,,labor,0,2.2,True,2026_2223,Polls,2026_2223:0:7
2026_20231214_lazar,2026,Lazar,Maariv,2023-12-14,,likud,17,,True,2026_2223,Polls,2026_2223:0:7
2026_20231214_lazar,2026,Lazar,Maariv,2023-12-14,,meretz,5,,True,2026_2223,Polls,2026_2223:0:7
2026_20231214_lazar,2026,Lazar,Maariv,2023-12-14,,otzma,7,,True,2026_2223,Polls,2026_2223:0:7
2026_20231214_lazar,2026,Lazar,Maariv,2023-12-14,,raam,5,,True,2026_2223,Polls,2026_2223:0:7
2026_20231214_lazar,2026,Lazar,Maariv,2023-12-14,,rzp,4,,True,2026_2223,Polls,2026_2223:0:7
2026_20231214_lazar,2026,Lazar,Maariv,2023-12-14,,shas,8,,True,2026_2223,Polls,2026_2223:0:7
2026_20231214_lazar,2026,Lazar,Maariv,2023-12-14,,utj,7,,True,2026_2223,Polls,2026_2223:0:7
2026_20231214_lazar,2026,Lazar,Maariv,2023-12-14,,yesh_atid,14,,True,2026_2223,Polls,2026_2223:0:7
2026_20231214_lazar,2026,Lazar,Maariv,2023-12-14,,yisrael_beytenu,9,,True,2026_2223,Polls,2026_2223:0:7
2026_20231218_midgam,2026,Midgam,HaHadashot 12,2023-12-18,,balad,0,1.9,True,2026_2223,Polls,2026_2223:0:6
2026_20231218_midgam,2026,Midgam,HaHadashot 12,2023-12-18,,blue_white,37,,True,2026_2223,Polls,2026_2223:0:6
2026_20231218_midgam,2026,Midgam,HaHadashot 12,2023-12-18,,hadash_taal,5,,True,2026_2223,Polls,2026_2223:0:6
2026_20231218_midgam,2026,Midgam,HaHadashot 12,2023-12-18,,labor,0,1.8,True,2026_2223,Polls,2026_2223:0:6
2026_20231218_midgam,2026,Midgam,HaHadashot 12,2023-12-18,,likud,18,,True,2026_2223,Polls,2026_2223:0:6
2026_20231218_midgam,2026,Midgam,HaHadashot 12,2023-12-18,,meretz,5,,True,2026_2223,Polls,2026_2223:0:6
2026_20231218_midgam,2026,Midgam,HaHadashot 12,2023-12-18,,otzma,8,,True,2026_2223,Polls,2026_2223:0:6
2026_20231218_midgam,2026,Midgam,HaHadashot 12,2023-12-18,,raam,5,,True,2026_2223,Polls,2026_2223:0:6
2026_20231218_midgam,2026,Midgam,HaHadashot 12,2023-12-18,,rzp,0,2.4,True,2026_2223,Polls,2026_2223:0:6
2026_20231218_midgam,2026,Midgam,HaHadashot 12,2023-12-18,,shas,11,,True,2026_2223,Polls,2026_2223:0:6
2026_20231218_midgam,2026,Midgam,HaHadashot 12,2023-12-18,,utj,7,,True,2026_2223,Polls,2026_2223:0:6
2026_20231218_midgam,2026,Midgam,HaHadashot 12,2023-12-18,,yesh_atid,15,,True,2026_2223,Polls,2026_2223:0:6
2026_20231218_midgam,2026,Midgam,HaHadashot 12,2023-12-18,,yisrael_beytenu,9,,True,2026_2223,Polls,2026_2223:0:6
2026_20231221_directpolls,2026,Direct Polls,Channel 14,2023-12-21,,balad,0,1.6,True,2026_2223,Polls,2026_2223:0:4
2026_20231221_directpolls,2026,Direct Polls,Channel 14,2023-12-21,,blue_white,28,,True,2026_2223,Polls,2026_2223:0:4
2026_20231221_directpolls,2026,Direct Polls,Channel 14,2023-12-21,,hadash_taal,5,,True,2026_2223,Polls,2026_2223:0:4
2026_20231221_directpolls,2026,Direct Polls,Channel 14,2023-12-21,,labor,0,0.5,True,2026_2223,Polls,2026_2223:0:4
2026_20231221_directpolls,2026,Direct Polls,Channel 14,2023-12-21,,likud,27,,True,2026_2223,Polls,2026_2223:0:4
2026_20231221_directpolls,2026,Direct Polls,Channel 14,2023-12-21,,meretz,0,2.9,True,2026_2223,Polls,2026_2223:0:4
2026_20231221_directpolls,2026,Direct Polls,Channel 14,2023-12-21,,otzma,8,,True,2026_2223,Polls,2026_2223:0:4
2026_20231221_directpolls,2026,Direct Polls,Channel 14,2023-12-21,,raam,6,,True,2026_2223,Polls,2026_2223:0:4
2026_20231221_directpolls,2026,Direct Polls,Channel 14,2023-12-21,,rzp,4,,True,2026_2223,Polls,2026_2223:0:4
2026_20231221_directpolls,2026,Direct Polls,Channel 14,2023-12-21,,shas,10,,True,2026_2223,Polls,2026_2223:0:4
2026_20231221_directpolls,2026,Direct Polls,Channel 14,2023-12-21,,utj,7,,True,2026_2223,Polls,2026_2223:0:4
2026_20231221_directpolls,2026,Direct Polls,Channel 14,2023-12-21,,yesh_atid,14,,True,2026_2223,Polls,2026_2223:0:4
2026_20231221_directpolls,2026,Direct Polls,Channel 14,2023-12-21,,yisrael_beytenu,11,,True,2026_2223,Polls,2026_2223:0:4
2026_20231221_lazar,2026,Lazar,Maariv,2023-12-21,,balad,0,1.5,True,2026_2223,Polls,2026_2223:0:5
2026_20231221_lazar,2026,Lazar,Maariv,2023-12-21,,blue_white,38,,True,2026_2223,Polls,2026_2223:0:5
2026_20231221_lazar,2026,Lazar,Maariv,2023-12-21,,hadash_taal,5,,True,2026_2223,Polls,2026_2223:0:5
2026_20231221_lazar,2026,Lazar,Maariv,2023-12-21,,labor,0,1.2,True,2026_2223,Polls,2026_2223:0:5
2026_20231221_lazar,2026,Lazar,Maariv,2023-12-21,,likud,18,,True,2026_2223,Polls,2026_2223:0:5
2026_20231221_lazar,2026,Lazar,Maariv,2023-12-21,,meretz,4,,True,2026_2223,Polls,2026_2223:0:5
2026_20231221_lazar,2026,Lazar,Maariv,2023-12-21,,otzma,7,,True,2026_2223,Polls,2026_2223:0:5
2026_20231221_lazar,2026,Lazar,Maariv,2023-12-21,,raam,5,,True,2026_2223,Polls,2026_2223:0:5
2026_20231221_lazar,2026,Lazar,Maariv,2023-12-21,,rzp,4,,True,2026_2223,Polls,2026_2223:0:5
2026_20231221_lazar,2026,Lazar,Maariv,2023-12-21,,shas,9,,True,2026_2223,Polls,2026_2223:0:5
2026_20231221_lazar,2026,Lazar,Maariv,2023-12-21,,utj,7,,True,2026_2223,Polls,2026_2223:0:5
2026_20231221_lazar,2026,Lazar,Maariv,2023-12-21,,yesh_atid,13,,True,2026_2223,Polls,2026_2223:0:5
2026_20231221_lazar,2026,Lazar,Maariv,2023-12-21,,yisrael_beytenu,10,,True,2026_2223,Polls,2026_2223:0:5
2026_20231228_camilfuchs,2026,Camil Fuchs,Channel 13,2023-12-28,,blue_white,38,,True,2026_2223,Polls,2026_2223:0:2
2026_20231228_camilfuchs,2026,Camil Fuchs,Channel 13,2023-12-28,,hadash_taal,4,,True,2026_2223,Polls,2026_2223:0:2
2026_20231228_camilfuchs,2026,Camil Fuchs,Channel 13,2023-12-28,,likud,16,,True,2026_2223,Polls,2026_2223:0:2
2026_20231228_camilfuchs,2026,Camil Fuchs,Channel 13,2023-12-28,,meretz,4,,True,2026_2223,Polls,2026_2223:0:2
2026_20231228_camilfuchs,2026,Camil Fuchs,Channel 13,2023-12-28,,otzma,8,,True,2026_2223,Polls,2026_2223:0:2
2026_20231228_camilfuchs,2026,Camil Fuchs,Channel 13,2023-12-28,,raam,6,,True,2026_2223,Polls,2026_2223:0:2
2026_20231228_camilfuchs,2026,Camil Fuchs,Channel 13,2023-12-28,,rzp,5,,True,2026_2223,Polls,2026_2223:0:2
2026_20231228_camilfuchs,2026,Camil Fuchs,Channel 13,2023-12-28,,shas,9,,True,2026_2223,Polls,2026_2223:0:2
2026_20231228_camilfuchs,2026,Camil Fuchs,Channel 13,2023-12-28,,utj,7,,True,2026_2223,Polls,2026_2223:0:2
2026_20231228_camilfuchs,2026,Camil Fuchs,Channel 13,2023-12-28,,yesh_atid,15,,True,2026_2223,Polls,2026_2223:0:2
2026_20231228_camilfuchs,2026,Camil Fuchs,Channel 13,2023-12-28,,yisrael_beytenu,8,,True,2026_2223,Polls,2026_2223:0:2
2026_20231228_lazar,2026,Lazar,Maariv,2023-12-28,,balad,0,1.4,True,2026_2223,Polls,2026_2223:0:3
2026_20231228_lazar,2026,Lazar,Maariv,2023-12-28,,blue_white,38,,True,2026_2223,Polls,2026_2223:0:3
2026_20231228_lazar,2026,Lazar,Maariv,2023-12-28,,hadash_taal,5,,True,2026_2223,Polls,2026_2223:0:3
2026_20231228_lazar,2026,Lazar,Maariv,2023-12-28,,labor,0,1.3,True,2026_2223,Polls,2026_2223:0:3
2026_20231228_lazar,2026,Lazar,Maariv,2023-12-28,,likud,17,,True,2026_2223,Polls,2026_2223:0:3
2026_20231228_lazar,2026,Lazar,Maariv,2023-12-28,,meretz,4,,True,2026_2223,Polls,2026_2223:0:3
2026_20231228_lazar,2026,Lazar,Maariv,2023-12-28,,otzma,7,,True,2026_2223,Polls,2026_2223:0:3
2026_20231228_lazar,2026,Lazar,Maariv,2023-12-28,,raam,5,,True,2026_2223,Polls,2026_2223:0:3
2026_20231228_lazar,2026,Lazar,Maariv,2023-12-28,,rzp,4,,True,2026_2223,Polls,2026_2223:0:3
2026_20231228_lazar,2026,Lazar,Maariv,2023-12-28,,shas,9,,True,2026_2223,Polls,2026_2223:0:3
2026_20231228_lazar,2026,Lazar,Maariv,2023-12-28,,utj,7,,True,2026_2223,Polls,2026_2223:0:3
2026_20231228_lazar,2026,Lazar,Maariv,2023-12-28,,yesh_atid,13,,True,2026_2223,Polls,2026_2223:0:3
2026_20231228_lazar,2026,Lazar,Maariv,2023-12-28,,yisrael_beytenu,11,,True,2026_2223,Polls,2026_2223:0:3
2026_20240104_lazar,2026,Lazar,Maariv,2024-01-04,,balad,0,1.7,True,2026_2024,2024,2026_2024:2:25
2026_20240104_lazar,2026,Lazar,Maariv,2024-01-04,,blue_white,36,,True,2026_2024,2024,2026_2024:2:25
2026_20240104_lazar,2026,Lazar,Maariv,2024-01-04,,hadash_taal,5,,True,2026_2024,2024,2026_2024:2:25
2026_20240104_lazar,2026,Lazar,Maariv,2024-01-04,,labor,0,1.2,True,2026_2024,2024,2026_2024:2:25
2026_20240104_lazar,2026,Lazar,Maariv,2024-01-04,,likud,19,,True,2026_2024,2024,2026_2024:2:25
2026_20240104_lazar,2026,Lazar,Maariv,2024-01-04,,meretz,4,,True,2026_2024,2024,2026_2024:2:25
2026_20240104_lazar,2026,Lazar,Maariv,2024-01-04,,otzma,8,,True,2026_2024,2024,2026_2024:2:25
2026_20240104_lazar,2026,Lazar,Maariv,2024-01-04,,raam,5,,True,2026_2024,2024,2026_2024:2:25
2026_20240104_lazar,2026,Lazar,Maariv,2024-01-04,,rzp,4,,True,2026_2024,2024,2026_2024:2:25
2026_20240104_lazar,2026,Lazar,Maariv,2024-01-04,,shas,9,,True,2026_2024,2024,2026_2024:2:25
2026_20240104_lazar,2026,Lazar,Maariv,2024-01-04,,utj,6,,True,2026_2024,2024,2026_2024:2:25
2026_20240104_lazar,2026,Lazar,Maariv,2024-01-04,,yesh_atid,14,,True,2026_2024,2024,2026_2024:2:25
2026_20240104_lazar,2026,Lazar,Maariv,2024-01-04,,yisrael_beytenu,10,,True,2026_2024,2024,2026_2024:2:25
2026_20240106_directpolls,2026,Direct Polls,Channel 14,2024-01-06,,balad,0,1.8,True,2026_2024,2024,2026_2024:2:24
2026_20240106_directpolls,2026,Direct Polls,Channel 14,2024-01-06,,blue_white,27,,True,2026_2024,2024,2026_2024:2:24
2026_20240106_directpolls,2026,Direct Polls,Channel 14,2024-01-06,,hadash_taal,4,,True,2026_2024,2024,2026_2024:2:24
2026_20240106_directpolls,2026,Direct Polls,Channel 14,2024-01-06,,labor,0,0.5,True,2026_2024,2024,2026_2024:2:24
2026_20240106_directpolls,2026,Direct Polls,Channel 14,2024-01-06,,likud,25,,True,2026_2024,2024,2026_2024:2:24
2026_20240106_directpolls,2026,Direct Polls,Channel 14,2024-01-06,,meretz,4,,True,2026_2024,2024,2026_2024:2:24
2026_20240106_directpolls,2026,Direct Polls,Channel 14,2024-01-06,,otzma,9,,True,2026_2024,2024,2026_2024:2:24
2026_20240106_directpolls,2026,Direct Polls,Channel 14,2024-01-06,,raam,5,,True,2026_2024,2024,2026_2024:2:24
2026_20240106_directpolls,2026,Direct Polls,Channel 14,2024-01-06,,rzp,5,,True,2026_2024,2024,2026_2024:2:24
2026_20240106_directpolls,2026,Direct Polls,Channel 14,2024-01-06,,shas,9,,True,2026_2024,2024,2026_2024:2:24
2026_20240106_directpolls,2026,Direct Polls,Channel 14,2024-01-06,,utj,8,,True,2026_2024,2024,2026_2024:2:24
2026_20240106_directpolls,2026,Direct Polls,Channel 14,2024-01-06,,yesh_atid,14,,True,2026_2024,2024,2026_2024:2:24
2026_20240106_directpolls,2026,Direct Polls,Channel 14,2024-01-06,,yisrael_beytenu,10,,True,2026_2024,2024,2026_2024:2:24
2026_20240107_kantar,2026,Kantar,Kan 11,2024-01-07,,balad,0,1.2,True,2026_2024,2024,2026_2024:2:23
2026_20240107_kantar,2026,Kantar,Kan 11,2024-01-07,,blue_white,33,,True,2026_2024,2024,2026_2024:2:23
2026_20240107_kantar,2026,Kantar,Kan 11,2024-01-07,,hadash_taal,5,,True,2026_2024,2024,2026_2024:2:23
2026_20240107_kantar,2026,Kantar,Kan 11,2024-01-07,,labor,0,1.5,True,2026_2024,2024,2026_2024:2:23
2026_20240107_kantar,2026,Kantar,Kan 11,2024-01-07,,likud,20,,True,2026_2024,2024,2026_2024:2:23
2026_20240107_kantar,2026,Kantar,Kan 11,2024-01-07,,meretz,4,,True,2026_2024,2024,2026_2024:2:23
2026_20240107_kantar,2026,Kantar,Kan 11,2024-01-07,,otzma,8,,True,2026_2024,2024,2026_2024:2:23
2026_20240107_kantar,2026,Kantar,Kan 11,2024-01-07,,raam,5,,True,2026_2024,2024,2026_2024:2:23
2026_20240107_kantar,2026,Kantar,Kan 11,2024-01-07,,rzp,4,,True,2026_2024,2024,2026_2024:2:23
2026_20240107_kantar,2026,Kantar,Kan 11,2024-01-07,,shas,10,,True,2026_2024,2024,2026_2024:2:23
2026_20240107_kantar,2026,Kantar,Kan 11,2024-01-07,,utj,7,,True,2026_2024,2024,2026_2024:2:23
2026_20240107_kantar,2026,Kantar,Kan 11,2024-01-07,,yesh_atid,14,,True,2026_2024,2024,2026_2024:2:23
2026_20240107_kantar,2026,Kantar,Kan 11,2024-01-07,,yisrael_beytenu,10,,True,2026_2024,2024,2026_2024:2:23
2026_20240111_lazar,2026,Lazar,Maariv,2024-01-11,,blue_white,39,,True,2026_2024,2024,2026_2024:2:22
2026_20240111_lazar,2026,Lazar,Maariv,2024-01-11,,hadash_taal,5,,True,2026_2024,2024,2026_2024:2:22
2026_20240111_lazar,2026,Lazar,Maariv,2024-01-11,,likud,16,,True,2026_2024,2024,2026_2024:2:22
2026_20240111_lazar,2026,Lazar,Maariv,2024-01-11,,meretz,4,,True,2026_2024,2024,2026_2024:2:22
2026_20240111_lazar,2026,Lazar,Maariv,2024-01-11,,otzma,8,,True,2026_2024,2024,2026_2024:2:22
2026_20240111_lazar,2026,Lazar,Maariv,2024-01-11,,raam,5,,True,2026_2024,2024,2026_2024:2:22
2026_20240111_lazar,2026,Lazar,Maariv,2024-01-11,,rzp,4,,True,2026_2024,2024,2026_2024:2:22
2026_20240111_lazar,2026,Lazar,Maariv,2024-01-11,,shas,9,,True,2026_2024,2024,2026_2024:2:22
2026_20240111_lazar,2026,Lazar,Maariv,2024-01-11,,utj,7,,True,2026_2024,2024,2026_2024:2:22
2026_20240111_lazar,2026,Lazar,Maariv,2024-01-11,,yesh_atid,13,,True,2026_2024,2024,2026_2024:2:22
2026_20240111_lazar,2026,Lazar,Maariv,2024-01-11,,yisrael_beytenu,10,,True,2026_2024,2024,2026_2024:2:22
2026_20240111_midgam,2026,Midgam,HaHadashot 12,2024-01-11,,balad,0,2.0,True,2026_2024,2024,2026_2024:2:21
2026_20240111_midgam,2026,Midgam,HaHadashot 12,2024-01-11,,blue_white,35,,True,2026_2024,2024,2026_2024:2:21
2026_20240111_midgam,2026,Midgam,HaHadashot 12,2024-01-11,,hadash_taal,5,,True,2026_2024,2024,2026_2024:2:21
2026_20240111_midgam,2026,Midgam,HaHadashot 12,2024-01-11,,labor,0,1.6,True,2026_2024,2024,2026_2024:2:21
2026_20240111_midgam,2026,Midgam,HaHadashot 12,2024-01-11,,likud,18,,True,2026_2024,2024,2026_2024:2:21
2026_20240111_midgam,2026,Midgam,HaHadashot 12,2024-01-11,,meretz,4,,True,2026_2024,2024,2026_2024:2:21
2026_20240111_midgam,2026,Midgam,HaHadashot 12,2024-01-11,,otzma,8,,True,2026_2024,2024,2026_2024:2:21
2026_20240111_midgam,2026,Midgam,HaHadashot 12,2024-01-11,,raam,5,,True,2026_2024,2024,2026_2024:2:21
2026_20240111_midgam,2026,Midgam,HaHadashot 12,2024-01-11,,rzp,4,,True,2026_2024,2024,2026_2024:2:21
2026_20240111_midgam,2026,Midgam,HaHadashot 12,2024-01-11,,shas,11,,True,2026_2024,2024,2026_2024:2:21
2026_20240111_midgam,2026,Midgam,HaHadashot 12,2024-01-11,,utj,7,,True,2026_2024,2024,2026_2024:2:21
2026_20240111_midgam,2026,Midgam,HaHadashot 12,2024-01-11,,yesh_atid,14,,True,2026_2024,2024,2026_2024:2:21
2026_20240111_midgam,2026,Midgam,HaHadashot 12,2024-01-11,,yisrael_beytenu,9,,True,2026_2024,2024,2026_2024:2:21
2026_20240114_directpolls,2026,Direct Polls,Channel 14,2024-01-14,,balad,0,2.4,True,2026_2024,2024,2026_2024:2:20
2026_20240114_directpolls,2026,Direct Polls,Channel 14,2024-01-14,,blue_white,29,,True,2026_2024,2024,2026_2024:2:20
2026_20240114_directpolls,2026,Direct Polls,Channel 14,2024-01-14,,hadash_taal,4,,True,2026_2024,2024,2026_2024:2:20
2026_20240114_directpolls,2026,Direct Polls,Channel 14,2024-01-14,,labor,0,2.0,True,2026_2024,2024,2026_2024:2:20
2026_20240114_directpolls,2026,Direct Polls,Channel 14,2024-01-14,,likud,26,,True,2026_2024,2024,2026_2024:2:20
2026_20240114_directpolls,2026,Direct Polls,Channel 14,2024-01-14,,meretz,4,,True,2026_2024,2024,2026_2024:2:20
2026_20240114_directpolls,2026,Direct Polls,Channel 14,2024-01-14,,otzma,8,,True,2026_2024,2024,2026_2024:2:20
2026_20240114_directpolls,2026,Direct Polls,Channel 14,2024-01-14,,raam,4,,True,2026_2024,2024,2026_2024:2:20
2026_20240114_directpolls,2026,Direct Polls,Channel 14,2024-01-14,,rzp,4,,True,2026_2024,2024,2026_2024:2:20
2026_20240114_directpolls,2026,Direct Polls,Channel 14,2024-01-14,,shas,10,,True,2026_2024,2024,2026_2024:2:20
2026_20240114_directpolls,2026,Direct Polls,Channel 14,2024-01-14,,utj,8,,True,2026_2024,2024,2026_2024:2:20
2026_20240114_directpolls,2026,Direct Polls,Channel 14,2024-01-14,,yesh_atid,14,,True,2026_2024,2024,2026_2024:2:20
2026_20240114_directpolls,2026,Direct Polls,Channel 14,2024-01-14,,yisrael_beytenu,9,,True,2026_2024,2024,2026_2024:2:20
2026_20240118_lazar,2026,Lazar,Maariv,2024-01-18,,balad,0,1.8,True,2026_2024,2024,2026_2024:2:19
2026_20240118_lazar,2026,Lazar,Maariv,2024-01-18,,blue_white,39,,True,2026_2024,2024,2026_2024:2:19
2026_20240118_lazar,2026,Lazar,Maariv,2024-01-18,,hadash_taal,5,,True,2026_2024,2024,2026_2024:2:19
2026_20240118_lazar,2026,Lazar,Maariv,2024-01-18,,labor,0,1.4,True,2026_2024,2024,2026_2024:2:19
2026_20240118_lazar,2026,Lazar,Maariv,2024-01-18,,likud,16,,True,2026_2024,2024,2026_2024:2:19
2026_20240118_lazar,2026,Lazar,Maariv,2024-01-18,,meretz,4,,True,2026_2024,2024,2026_2024:2:19
2026_20240118_lazar,2026,Lazar,Maariv,2024-01-18,,otzma,9,,True,2026_2024,2024,2026_2024:2:19
2026_20240118_lazar,2026,Lazar,Maariv,2024-01-18,,raam,5,,True,2026_2024,2024,2026_2024:2:19
2026_20240118_lazar,2026,Lazar,Maariv,2024-01-18,,rzp,4,,True,2026_2024,2024,2026_2024:2:19
2026_20240118_lazar,2026,Lazar,Maariv,2024-01-18,,shas,9,,True,2026_2024,2024,2026_2024:2:19
2026_20240118_lazar,2026,Lazar,Maariv,2024-01-18,,utj,6,,True,2026_2024,2024,2026_2024:2:19
2026_20240118_lazar,2026,Lazar,Maariv,2024-01-18,,yesh_atid,13,,True,2026_2024,2024,2026_2024:2:19
2026_20240118_lazar,2026,Lazar,Maariv,2024-01-18,,yisrael_beytenu,10,,True,2026_2024,2024,2026_2024:2:19
2026_20240121_camilfuchs,2026,Camil Fuchs,Channel 13,2024-01-21,,blue_white,37,,True,2026_2024,2024,2026_2024:2:18
2026_20240121_camilfuchs,2026,Camil Fuchs,Channel 13,2024-01-21,,hadash_taal,5,,True,2026_2024,2024,2026_2024:2:18
2026_20240121_camilfuchs,2026,Camil Fuchs,Channel 13,2024-01-21,,likud,16,,True,2026_2024,2024,2026_2024:2:18
2026_20240121_camilfuchs,2026,Camil Fuchs,Channel 13,2024-01-21,,meretz,4,,True,2026_2024,2024,2026_2024:2:18
2026_20240121_camilfuchs,2026,Camil Fuchs,Channel 13,2024-01-21,,otzma,8,,True,2026_2024,2024,2026_2024:2:18
2026_20240121_camilfuchs,2026,Camil Fuchs,Channel 13,2024-01-21,,raam,5,,True,2026_2024,2024,2026_2024:2:18
2026_20240121_camilfuchs,2026,Camil Fuchs,Channel 13,2024-01-21,,rzp,6,,True,2026_2024,2024,2026_2024:2:18
2026_20240121_camilfuchs,2026,Camil Fuchs,Channel 13,2024-01-21,,shas,9,,True,2026_2024,2024,2026_2024:2:18
2026_20240121_camilfuchs,2026,Camil Fuchs,Channel 13,2024-01-21,,utj,7,,True,2026_2024,2024,2026_2024:2:18
2026_20240121_camilfuchs,2026,Camil Fuchs,Channel 13,2024-01-21,,yesh_atid,14,,True,2026_2024,2024,2026_2024:2:18
2026_20240121_camilfuchs,2026,Camil Fuchs,Channel 13,2024-01-21,,yisrael_beytenu,9,,True,2026_2024,2024,2026_2024:2:18
2026_20240125_lazar,2026,Lazar,Maariv,2024-01-25,,balad,0,1.8,True,2026_2024,2024,2026_2024:2:17
2026_20240125_lazar,2026,Lazar,Maariv,2024-01-25,,blue_white,40,,True,2026_2024,2024,2026_2024:2:17
2026_20240125_lazar,2026,Lazar,Maariv,2024-01-25,,hadash_taal,5,,True,2026_2024,2024,2026_2024:2:17
2026_20240125_lazar,2026,Lazar,Maariv,2024-01-25,,labor,0,1.4,True,2026_2024,2024,2026_2024:2:17
2026_20240125_lazar,2026,Lazar,Maariv,2024-01-25,,likud,16,,True,2026_2024,2024,2026_2024:2:17
2026_20240125_lazar,2026,Lazar,Maariv,2024-01-25,,meretz,4,,True,2026_2024,2024,2026_2024:2:17
2026_20240125_lazar,2026,Lazar,Maariv,2024-01-25,,otzma,8,,True,2026_2024,2024,2026_2024:2:17
2026_20240125_lazar,2026,Lazar,Maariv,2024-01-25,,raam,5,,True,2026_2024,2024,2026_2024:2:17
2026_20240125_lazar,2026,Lazar,Maariv,2024-01-25,,rzp,4,,True,2026_2024,2024,2026_2024:2:17
2026_20240125_lazar,2026,Lazar,Maariv,2024-01-25,,shas,9,,True,2026_2024,2024,2026_2024:2:17
2026_20240125_lazar,2026,Lazar,Maariv,2024-01-25,,utj,7,,True,2026_2024,2024,2026_2024:2:17
2026_20240125_lazar,2026,Lazar,Maariv,2024-01-25,,yesh_atid,13,,True,2026_2024,2024,2026_2024:2:17
2026_20240125_lazar,2026,Lazar,Maariv,2024-01-25,,yisrael_beytenu,9,,True,2026_2024,2024,2026_2024:2:17
2026_20240130_midgam,2026,Midgam,HaHadashot 12,2024-01-30,,balad,0,2.3,True,2026_2024,2024,2026_2024:2:16
2026_20240130_midgam,2026,Midgam,HaHadashot 12,2024-01-30,,blue_white,37,,True,2026_2024,2024,2026_2024:2:16
2026_20240130_midgam,2026,Midgam,HaHadashot 12,2024-01-30,,hadash_taal,5,,True,2026_2024,2024,2026_2024:2:16
2026_20240130_midgam,2026,Midgam,HaHadashot 12,2024-01-30,,labor,0,1.6,True,2026_2024,2024,2026_2024:2:16
2026_20240130_midgam,2026,Midgam,HaHadashot 12,2024-01-30,,likud,18,,True,2026_2024,2024,2026_2024:2:16
2026_20240130_midgam,2026,Midgam,HaHadashot 12,2024-01-30,,meretz,4,,True,2026_2024,2024,2026_2024:2:16
2026_20240130_midgam,2026,Midgam,HaHadashot 12,2024-01-30,,otzma,8,,True,2026_2024,2024,2026_2024:2:16
2026_20240130_midgam,2026,Midgam,HaHadashot 12,2024-01-30,,raam,5,,True,2026_2024,2024,2026_2024:2:16
2026_20240130_midgam,2026,Midgam,HaHadashot 12,2024-01-30,,rzp,4,,True,2026_2024,2024,2026_2024:2:16
2026_20240130_midgam,2026,Midgam,HaHadashot 12,2024-01-30,,shas,10,,True,2026_2024,2024,2026_2024:2:16
2026_20240130_midgam,2026,Midgam,HaHadashot 12,2024-01-30,,utj,7,,True,2026_2024,2024,2026_2024:2:16
2026_20240130_midgam,2026,Midgam,HaHadashot 12,2024-01-30,,yesh_atid,14,,True,2026_2024,2024,2026_2024:2:16
2026_20240130_midgam,2026,Midgam,HaHadashot 12,2024-01-30,,yisrael_beytenu,8,,True,2026_2024,2024,2026_2024:2:16
2026_20240131_lazar,2026,Lazar,Maariv,2024-01-31,,balad,0,1.5,True,2026_2024,2024,2026_2024:2:15
2026_20240131_lazar,2026,Lazar,Maariv,2024-01-31,,blue_white,38,,True,2026_2024,2024,2026_2024:2:15
2026_20240131_lazar,2026,Lazar,Maariv,2024-01-31,,hadash_taal,5,,True,2026_2024,2024,2026_2024:2:15
2026_20240131_lazar,2026,Lazar,Maariv,2024-01-31,,labor,0,1.2,True,2026_2024,2024,2026_2024:2:15
2026_20240131_lazar,2026,Lazar,Maariv,2024-01-31,,likud,18,,True,2026_2024,2024,2026_2024:2:15
2026_20240131_lazar,2026,Lazar,Maariv,2024-01-31,,meretz,4,,True,2026_2024,2024,2026_2024:2:15
2026_20240131_lazar,2026,Lazar,Maariv,2024-01-31,,otzma,9,,True,2026_2024,2024,2026_2024:2:15
2026_20240131_lazar,2026,Lazar,Maariv,2024-01-31,,raam,5,,True,2026_2024,2024,2026_2024:2:15
2026_20240131_lazar,2026,Lazar,Maariv,2024-01-31,,rzp,4,,True,2026_2024,2024,2026_2024:2:15
2026_20240131_lazar,2026,Lazar,Maariv,2024-01-31,,shas,9,,True,2026_2024,2024,2026_2024:2:15
2026_20240131_lazar,2026,Lazar,Maariv,2024-01-31,,utj,6,,True,2026_2024,2024,2026_2024:2:15
2026_20240131_lazar,2026,Lazar,Maariv,2024-01-31,,yesh_atid,12,,True,2026_2024,2024,2026_2024:2:15
2026_20240131_lazar,2026,Lazar,Maariv,2024-01-31,,yisrael_beytenu,10,,True,2026_2024,2024,2026_2024:2:15
2026_20240208_lazar,2026,Lazar,Maariv,2024-02-08,,balad,0,1.4,True,2026_2024,2024,2026_2024:2:14
2026_20240208_lazar,2026,Lazar,Maariv,2024-02-08,,blue_white,36,,True,2026_2024,2024,2026_2024:2:14
2026_20240208_lazar,2026,Lazar,Maariv,2024-02-08,,hadash_taal,5,,True,2026_2024,2024,2026_2024:2:14
2026_20240208_lazar,2026,Lazar,Maariv,2024-02-08,,labor,0,1.4,True,2026_2024,2024,2026_2024:2:14
2026_20240208_lazar,2026,Lazar,Maariv,2024-02-08,,likud,17,,True,2026_2024,2024,2026_2024:2:14
2026_20240208_lazar,2026,Lazar,Maariv,2024-02-08,,meretz,4,,True,2026_2024,2024,2026_2024:2:14
2026_20240208_lazar,2026,Lazar,Maariv,2024-02-08,,otzma,10,,True,2026_2024,2024,2026_2024:2:14
2026_20240208_lazar,2026,Lazar,Maariv,2024-02-08,,raam,5,,True,2026_2024,2024,2026_2024:2:14
2026_20240208_lazar,2026,Lazar,Maariv,2024-02-08,,rzp,5,,True,2026_2024,2024,2026_2024:2:14
2026_20240208_lazar,2026,Lazar,Maariv,2024-02-08,,shas,9,,True,2026_2024,2024,2026_2024:2:14
2026_20240208_lazar,2026,Lazar,Maariv,2024-02-08,,utj,7,,True,2026_2024,2024,2026_2024:2:14
2026_20240208_lazar,2026,Lazar,Maariv,2024-02-08,,yesh_atid,12,,True,2026_2024,2024,2026_2024:2:14
2026_20240208_lazar,2026,Lazar,Maariv,2024-02-08,,yisrael_beytenu,10,,True,2026_2024,2024,2026_2024:2:14
2026_20240211_camilfuchs,2026,Camil Fuchs,Channel 13,2024-02-11,,blue_white,37,,True,2026_2024,2024,2026_2024:2:12
2026_20240211_camilfuchs,2026,Camil Fuchs,Channel 13,2024-02-11,,hadash_taal,4,,True,2026_2024,2024,2026_2024:2:12
2026_20240211_camilfuchs,2026,Camil Fuchs,Channel 13,2024-02-11,,likud,18,,True,2026_2024,2024,2026_2024:2:12
2026_20240211_camilfuchs,2026,Camil Fuchs,Channel 13,2024-02-11,,meretz,4,,True,2026_2024,2024,2026_2024:2:12
2026_20240211_camilfuchs,2026,Camil Fuchs,Channel 13,2024-02-11,,otzma,8,,True,2026_2024,2024,2026_2024:2:12
2026_20240211_camilfuchs,2026,Camil Fuchs,Channel 13,2024-02-11,,raam,4,,True,2026_2024,2024,2026_2024:2:12
2026_20240211_camilfuchs,2026,Camil Fuchs,Channel 13,2024-02-11,,rzp,6,,True,2026_2024,2024,2026_2024:2:12
2026_20240211_camilfuchs,2026,Camil Fuchs,Channel 13,2024-02-11,,shas,9,,True,2026_2024,2024,2026_2024:2:12
2026_20240211_camilfuchs,2026,Camil Fuchs,Channel 13,2024-02-11,,utj,7,,True,2026_2024,2024,2026_2024:2:12
2026_20240211_camilfuchs,2026,Camil Fuchs,Channel 13,2024-02-11,,yesh_atid,13,,True,2026_2024,2024,2026_2024:2:12
2026_20240211_camilfuchs,2026,Camil Fuchs,Channel 13,2024-02-11,,yisrael_beytenu,10,,True,2026_2024,2024,2026_2024:2:12
2026_20240211_midgam,2026,Midgam,HaHadashot 12,2024-02-11,,balad,0,1.3,True,2026_2024,2024,2026_2024:2:13
2026_20240211_midgam,2026,Midgam,HaHadashot 12,2024-02-11,,blue_white,37,,True,2026_2024,2024,2026_2024:2:13
2026_20240211_midgam,2026,Midgam,HaHadashot 12,2024-02-11,,hadash_taal,5,,True,2026_2024,2024,2026_2024:2:13
2026_20240211_midgam,2026,Midgam,HaHadashot 12,2024-02-11,,labor,0,1.4,True,2026_2024,2024,2026_2024:2:13
2026_20240211_midgam,2026,Midgam,HaHadashot 12,2024-02-11,,likud,18,,True,2026_2024,2024,2026_2024:2:13
2026_20240211_midgam,2026,Midgam,HaHadashot 12,2024-02-11,,meretz,4,,True,2026_2024,2024,2026_2024:2:13
2026_20240211_midgam,2026,Midgam,HaHadashot 12,2024-02-11,,otzma,9,,True,2026_2024,2024,2026_2024:2:13
2026_20240211_midgam,2026,Midgam,HaHadashot 12,2024-02-11,,raam,5,,True,2026_2024,2024,2026_2024:2:13
2026_20240211_midgam,2026,Midgam,HaHadashot 12,2024-02-11,,rzp,0,2.3,True,2026_2024,2024,2026_2024:2:13
2026_20240211_midgam,2026,Midgam,HaHadashot 12,2024-02-11,,shas,11,,True,2026_2024,2024,2026_2024:2:13
2026_20240211_midgam,2026,Midgam,HaHadashot 12,2024-02-11,,utj,7,,True,2026_2024,2024,2026_2024:2:13
2026_20240211_midgam,2026,Midgam,HaHadashot 12,2024-02-11,,yesh_atid,15,,True,2026_2024,2024,2026_2024:2:13
2026_20240211_midgam,2026,Midgam,HaHadashot 12,2024-02-11,,yisrael_beytenu,9,,True,2026_2024,2024,2026_2024:2:13
2026_20240213_directpolls,2026,Direct Polls,Channel 14,2024-02-13,,balad,0,2.2,True,2026_2024,2024,2026_2024:2:11
2026_20240213_directpolls,2026,Direct Polls,Channel 14,2024-02-13,,blue_white,26,,True,2026_2024,2024,2026_2024:2:11
2026_20240213_directpolls,2026,Direct Polls,Channel 14,2024-02-13,,hadash_taal,4,,True,2026_2024,2024,2026_2024:2:11
2026_20240213_directpolls,2026,Direct Polls,Channel 14,2024-02-13,,labor,0,2.3,True,2026_2024,2024,2026_2024:2:11
2026_20240213_directpolls,2026,Direct Polls,Channel 14,2024-02-13,,likud,28,,True,2026_2024,2024,2026_2024:2:11
2026_20240213_directpolls,2026,Direct Polls,Channel 14,2024-02-13,,meretz,4,,True,2026_2024,2024,2026_2024:2:11
2026_20240213_directpolls,2026,Direct Polls,Channel 14,2024-02-13,,otzma,9,,True,2026_2024,2024,2026_2024:2:11
2026_20240213_directpolls,2026,Direct Polls,Channel 14,2024-02-13,,raam,6,,True,2026_2024,2024,2026_2024:2:11
2026_20240213_directpolls,2026,Direct Polls,Channel 14,2024-02-13,,rzp,5,,True,2026_2024,2024,2026_2024:2:11
2026_20240213_directpolls,2026,Direct Polls,Channel 14,2024-02-13,,shas,9,,True,2026_2024,2024,2026_2024:2:11
2026_20240213_directpolls,2026,Direct Polls,Channel 14,2024-02-13,,utj,8,,True,2026_2024,2024,2026_2024:2:11
2026_20240213_directpolls,2026,Direct Polls,Channel 14,2024-02-13,,yesh_atid,12,,True,2026_2024,2024,2026_2024:2:11
2026_20240213_directpolls,2026,Direct Polls,Channel 14,2024-02-13,,yisrael_beytenu,9,,True,2026_2024,2024,2026_2024:2:11
2026_20240215_lazar,2026,Lazar,Maariv,2024-02-15,,balad,0,1.4,True,2026_2024,2024,2026_2024:2:10
2026_20240215_lazar,2026,Lazar,Maariv,2024-02-15,,blue_white,40,,True,2026_2024,2024,2026_2024:2:10
2026_20240215_lazar,2026,Lazar,Maariv,2024-02-15,,hadash_taal,5,,True,2026_2024,2024,2026_2024:2:10
2026_20240215_lazar,2026,Lazar,Maariv,2024-02-15,,labor,0,1.0,True,2026_2024,2024,2026_2024:2:10
2026_20240215_lazar,2026,Lazar,Maariv,2024-02-15,,likud,18,,True,2026_2024,2024,2026_2024:2:10
2026_20240215_lazar,2026,Lazar,Maariv,2024-02-15,,meretz,4,,True,2026_2024,2024,2026_2024:2:10
2026_20240215_lazar,2026,Lazar,Maariv,2024-02-15,,otzma,10,,True,2026_2024,2024,2026_2024:2:10
2026_20240215_lazar,2026,Lazar,Maariv,2024-02-15,,raam,5,,True,2026_2024,2024,2026_2024:2:10
2026_20240215_lazar,2026,Lazar,Maariv,2024-02-15,,rzp,0,2.9,True,2026_2024,2024,2026_2024:2:10
2026_20240215_lazar,2026,Lazar,Maariv,2024-02-15,,shas,9,,True,2026_2024,2024,2026_2024:2:10
2026_20240215_lazar,2026,Lazar,Maariv,2024-02-15,,utj,7,,True,2026_2024,2024,2026_2024:2:10
2026_20240215_lazar,2026,Lazar,Maariv,2024-02-15,,yesh_atid,12,,True,2026_2024,2024,2026_2024:2:10
2026_20240215_lazar,2026,Lazar,Maariv,2024-02-15,,yisrael_beytenu,10,,True,2026_2024,2024,2026_2024:2:10
2026_20240222_lazar,2026,Lazar,Maariv,2024-02-22,,balad,0,1.8,True,2026_2024,2024,2026_2024:2:9
2026_20240222_lazar,2026,Lazar,Maariv,2024-02-22,,blue_white,39,,True,2026_2024,2024,2026_2024:2:9
2026_20240222_lazar,2026,Lazar,Maariv,2024-02-22,,hadash_taal,5,,True,2026_2024,2024,2026_2024:2:9
2026_20240222_lazar,2026,Lazar,Maariv,2024-02-22,,labor,0,1.6,True,2026_2024,2024,2026_2024:2:9
2026_20240222_lazar,2026,Lazar,Maariv,2024-02-22,,likud,18,,True,2026_2024,2024,2026_2024:2:9
2026_20240222_lazar,2026,Lazar,Maariv,2024-02-22,,meretz,5,,True,2026_2024,2024,2026_2024:2:9
2026_20240222_lazar,2026,Lazar,Maariv,2024-02-22,,otzma,10,,True,2026_2024,2024,2026_2024:2:9
2026_20240222_lazar,2026,Lazar,Maariv,2024-02-22,,raam,4,,True,2026_2024,2024,2026_2024:2:9
2026_20240222_lazar,2026,Lazar,Maariv,2024-02-22,,rzp,0,2.9,True,2026_2024,2024,2026_2024:2:9
2026_20240222_lazar,2026,Lazar,Maariv,2024-02-22,,shas,10,,True,2026_2024,2024,2026_2024:2:9
2026_20240222_lazar,2026,Lazar,Maariv,2024-02-22,,utj,6,,True,2026_2024,2024,2026_2024:2:9
2026_20240222_lazar,2026,Lazar,Maariv,2024-02-22,,yesh_atid,13,,True,2026_2024,2024,2026_2024:2:9
2026_20240222_lazar,2026,Lazar,Maariv,2024-02-22,,yisrael_beytenu,10,,True,2026_2024,2024,2026_2024:2:9
2026_20240227_directpolls,2026,Direct Polls,Channel 14,2024-02-27,,balad,4,,True,2026_2024,2024,2026_2024:2:7
2026_20240227_directpolls,2026,Direct Polls,Channel 14,2024-02-27,,blue_white,27,,True,2026_2024,2024,2026_2024:2:7
2026_20240227_directpolls,2026,Direct Polls,Channel 14,2024-02-27,,hadash_taal,0,3.1,True,2026_2024,2024,2026_2024:2:7
2026_20240227_directpolls,2026,Direct Polls,Channel 14,2024-02-27,,labor,0,1.9,True,2026_2024,2024,2026_2024:2:7
2026_20240227_directpolls,2026,Direct Polls,Channel 14,2024-02-27,,likud,24,,True,2026_2024,2024,2026_2024:2:7
2026_20240227_directpolls,2026,Direct Polls,Channel 14,2024-02-27,,meretz,6,,True,2026_2024,2024,2026_2024:2:7
2026_20240227_directpolls,2026,Direct Polls,Channel 14,2024-02-27,,otzma,10,,True,2026_2024,2024,2026_2024:2:7
2026_20240227_directpolls,2026,Direct Polls,Channel 14,2024-02-27,,raam,5,,True,2026_2024,2024,2026_2024:2:7
2026_20240227_directpolls,2026,Direct Polls,Channel 14,2024-02-27,,rzp,5,,True,2026_2024,2024,2026_2024:2:7
2026_20240227_directpolls,2026,Direct Polls,Channel 14,2024-02-27,,shas,10,,True,2026_2024,2024,2026_2024:2:7
2026_20240227_directpolls,2026,Direct Polls,Channel 14,2024-02-27,,utj,8,,True,2026_2024,2024,2026_2024:2:7
2026_20240227_directpolls,2026,Direct Polls,Channel 14,2024-02-27,,yesh_atid,10,,True,2026_2024,2024,2026_2024:2:7
2026_20240227_directpolls,2026,Direct Polls,Channel 14,2024-02-27,,yisrael_beytenu,11,,True,2026_2024,2024,2026_2024:2:7
2026_20240229_lazar,2026,Lazar,Maariv,2024-02-29,,balad,0,1.7,True,2026_2024,2024,2026_2024:2:6
2026_20240229_lazar,2026,Lazar,Maariv,2024-02-29,,blue_white,41,,True,2026_2024,2024,2026_2024:2:6
2026_20240229_lazar,2026,Lazar,Maariv,2024-02-29,,hadash_taal,5,,True,2026_2024,2024,2026_2024:2:6
2026_20240229_lazar,2026,Lazar,Maariv,2024-02-29,,labor,0,2.5,True,2026_2024,2024,2026_2024:2:6
2026_20240229_lazar,2026,Lazar,Maariv,2024-02-29,,likud,18,,True,2026_2024,2024,2026_2024:2:6
2026_20240229_lazar,2026,Lazar,Maariv,2024-02-29,,meretz,5,,True,2026_2024,2024,2026_2024:2:6
2026_20240229_lazar,2026,Lazar,Maariv,2024-02-29,,otzma,9,,True,2026_2024,2024,2026_2024:2:6
2026_20240229_lazar,2026,Lazar,Maariv,2024-02-29,,raam,4,,True,2026_2024,2024,2026_2024:2:6
2026_20240229_lazar,2026,Lazar,Maariv,2024-02-29,,rzp,0,2.8,True,2026_2024,2024,2026_2024:2:6
2026_20240229_lazar,2026,Lazar,Maariv,2024-02-29,,shas,10,,True,2026_2024,2024,2026_2024:2:6
2026_20240229_lazar,2026,Lazar,Maariv,2024-02-29,,utj,6,,True,2026_2024,2024,2026_2024:2:6
2026_20240229_lazar,2026,Lazar,Maariv,2024-02-29,,yesh_atid,12,,True,2026_2024,2024,2026_2024:2:6
2026_20240229_lazar,2026,Lazar,Maariv,2024-02-29,,yisrael_beytenu,10,,True,2026_2024,2024,2026_2024:2:6
2026_20240303_camilfuchs,2026,Camil Fuchs,Channel 13,2024-03-03,,blue_white,39,,True,2026_2024,2024,2026_2024:2:5
2026_20240303_camilfuchs,2026,Camil Fuchs,Channel 13,2024-03-03,,hadash_taal,4,,True,2026_2024,2024,2026_2024:2:5
2026_20240303_camilfuchs,2026,Camil Fuchs,Channel 13,2024-03-03,,likud,17,,True,2026_2024,2024,2026_2024:2:5
2026_20240303_camilfuchs,2026,Camil Fuchs,Channel 13,2024-03-03,,meretz,4,,True,2026_2024,2024,2026_2024:2:5
2026_20240303_camilfuchs,2026,Camil Fuchs,Channel 13,2024-03-03,,otzma,9,,True,2026_2024,2024,2026_2024:2:5
2026_20240303_camilfuchs,2026,Camil Fuchs,Channel 13,2024-03-03,,raam,5,,True,2026_2024,2024,2026_2024:2:5
2026_20240303_camilfuchs,2026,Camil Fuchs,Channel 13,2024-03-03,,rzp,5,,True,2026_2024,2024,2026_2024:2:5
2026_20240303_camilfuchs,2026,Camil Fuchs,Channel 13,2024-03-03,,shas,9,,True,2026_2024,2024,2026_2024:2:5
2026_20240303_camilfuchs,2026,Camil Fuchs,Channel 13,2024-03-03,,utj,7,,True,2026_2024,2024,2026_2024:2:5
2026_20240303_camilfuchs,2026,Camil Fuchs,Channel 13,2024-03-03,,yesh_atid,12,,True,2026_2024,2024,2026_2024:2:5
2026_20240303_camilfuchs,2026,Camil Fuchs,Channel 13,2024-03-03,,yisrael_beytenu,9,,True,2026_2024,2024,2026_2024:2:5
2026_20240307_lazara,2026,Lazar,The Jerusalem Post,2024-03-07,,balad,0,1.8,True,2026_2024,2024,2026_2024:2:3
2026_20240307_lazara,2026,Lazar,The Jerusalem Post,2024-03-07,,blue_white,41,,True,2026_2024,2024,2026_2024:2:3
2026_20240307_lazara,2026,Lazar,The Jerusalem Post,2024-03-07,,hadash_taal,5,,True,2026_2024,2024,2026_2024:2:3
2026_20240307_lazara,2026,Lazar,The Jerusalem Post,2024-03-07,,labor,4,,True,2026_2024,2024,2026_2024:2:3
2026_20240307_lazara,2026,Lazar,The Jerusalem Post,2024-03-07,,likud,18,,True,2026_2024,2024,2026_2024:2:3
2026_20240307_lazara,2026,Lazar,The Jerusalem Post,2024-03-07,,meretz,0,2.9,True,2026_2024,2024,2026_2024:2:3
2026_20240307_lazara,2026,Lazar,The Jerusalem Post,2024-03-07,,otzma,9,,True,2026_2024,2024,2026_2024:2:3
2026_20240307_lazara,2026,Lazar,The Jerusalem Post,2024-03-07,,raam,4,,True,2026_2024,2024,2026_2024:2:3
2026_20240307_lazara,2026,Lazar,The Jerusalem Post,2024-03-07,,rzp,4,,True,2026_2024,2024,2026_2024:2:3
2026_20240307_lazara,2026,Lazar,The Jerusalem Post,2024-03-07,,shas,10,,True,2026_2024,2024,2026_2024:2:3
2026_20240307_lazara,2026,Lazar,The Jerusalem Post,2024-03-07,,utj,6,,True,2026_2024,2024,2026_2024:2:3
2026_20240307_lazara,2026,Lazar,The Jerusalem Post,2024-03-07,,yesh_atid,10,,True,2026_2024,2024,2026_2024:2:3
2026_20240307_lazara,2026,Lazar,The Jerusalem Post,2024-03-07,,yisrael_beytenu,9,,True,2026_2024,2024,2026_2024:2:3
2026_20240307_lazarb,2026,Lazar,Maariv,2024-03-07,,balad,0,1.8,True,2026_2024,2024,2026_2024:2:4
2026_20240307_lazarb,2026,Lazar,Maariv,2024-03-07,,blue_white,40,,True,2026_2024,2024,2026_2024:2:4
2026_20240307_lazarb,2026,Lazar,Maariv,2024-03-07,,hadash_taal,5,,True,2026_2024,2024,2026_2024:2:4
2026_20240307_lazarb,2026,Lazar,Maariv,2024-03-07,,labor,0,1.9,True,2026_2024,2024,2026_2024:2:4
2026_20240307_lazarb,2026,Lazar,Maariv,2024-03-07,,likud,18,,True,2026_2024,2024,2026_2024:2:4
2026_20240307_lazarb,2026,Lazar,Maariv,2024-03-07,,meretz,4,,True,2026_2024,2024,2026_2024:2:4
2026_20240307_lazarb,2026,Lazar,Maariv,2024-03-07,,otzma,9,,True,2026_2024,2024,2026_2024:2:4
2026_20240307_lazarb,2026,Lazar,Maariv,2024-03-07,,raam,5,,True,2026_2024,2024,2026_2024:2:4
2026_20240307_lazarb,2026,Lazar,Maariv,2024-03-07,,rzp,4,,True,2026_2024,2024,2026_2024:2:4
2026_20240307_lazarb,2026,Lazar,Maariv,2024-03-07,,shas,10,,True,2026_2024,2024,2026_2024:2:4
2026_20240307_lazarb,2026,Lazar,Maariv,2024-03-07,,utj,6,,True,2026_2024,2024,2026_2024:2:4
2026_20240307_lazarb,2026,Lazar,Maariv,2024-03-07,,yesh_atid,10,,True,2026_2024,2024,2026_2024:2:4
2026_20240307_lazarb,2026,Lazar,Maariv,2024-03-07,,yisrael_beytenu,9,,True,2026_2024,2024,2026_2024:2:4
2026_20240312_midgam,2026,Midgam,HaHadashot 12,2024-03-12,,balad,0,2.0,True,2026_2024,2024,2026_2024:2:2
2026_20240312_midgam,2026,Midgam,HaHadashot 12,2024-03-12,,blue_white,35,,True,2026_2024,2024,2026_2024:2:2
2026_20240312_midgam,2026,Midgam,HaHadashot 12,2024-03-12,,hadash_taal,5,,True,2026_2024,2024,2026_2024:2:2
2026_20240312_midgam,2026,Midgam,HaHadashot 12,2024-03-12,,labor,0,1.7,True,2026_2024,2024,2026_2024:2:2
2026_20240312_midgam,2026,Midgam,HaHadashot 12,2024-03-12,,likud,19,,True,2026_2024,2024,2026_2024:2:2
2026_20240312_midgam,2026,Midgam,HaHadashot 12,2024-03-12,,meretz,5,,True,2026_2024,2024,2026_2024:2:2
2026_20240312_midgam,2026,Midgam,HaHadashot 12,2024-03-12,,otzma,9,,True,2026_2024,2024,2026_2024:2:2
2026_20240312_midgam,2026,Midgam,HaHadashot 12,2024-03-12,,raam,5,,True,2026_2024,2024,2026_2024:2:2
2026_20240312_midgam,2026,Midgam,HaHadashot 12,2024-03-12,,rzp,0,2.9,True,2026_2024,2024,2026_2024:2:2
2026_20240312_midgam,2026,Midgam,HaHadashot 12,2024-03-12,,shas,11,,True,2026_2024,2024,2026_2024:2:2
2026_20240312_midgam,2026,Midgam,HaHadashot 12,2024-03-12,,utj,7,,True,2026_2024,2024,2026_2024:2:2
2026_20240312_midgam,2026,Midgam,HaHadashot 12,2024-03-12,,yesh_atid,14,,True,2026_2024,2024,2026_2024:2:2
2026_20240312_midgam,2026,Midgam,HaHadashot 12,2024-03-12,,yisrael_beytenu,10,,True,2026_2024,2024,2026_2024:2:2
2026_20240313_camilfuchs,2026,Camil Fuchs,Channel 13,2024-03-13,,blue_white,34,,True,2026_2024,2024,2026_2024:1:49
2026_20240313_camilfuchs,2026,Camil Fuchs,Channel 13,2024-03-13,,hadash_taal,4,,True,2026_2024,2024,2026_2024:1:49
2026_20240313_camilfuchs,2026,Camil Fuchs,Channel 13,2024-03-13,,likud,17,,True,2026_2024,2024,2026_2024:1:49
2026_20240313_camilfuchs,2026,Camil Fuchs,Channel 13,2024-03-13,,meretz,4,,True,2026_2024,2024,2026_2024:1:49
2026_20240313_camilfuchs,2026,Camil Fuchs,Channel 13,2024-03-13,,new_hope,6,,True,2026_2024,2024,2026_2024:1:49
2026_20240313_camilfuchs,2026,Camil Fuchs,Channel 13,2024-03-13,,otzma,9,,True,2026_2024,2024,2026_2024:1:49
2026_20240313_camilfuchs,2026,Camil Fuchs,Channel 13,2024-03-13,,raam,4,,True,2026_2024,2024,2026_2024:1:49
2026_20240313_camilfuchs,2026,Camil Fuchs,Channel 13,2024-03-13,,rzp,4,,True,2026_2024,2024,2026_2024:1:49
2026_20240313_camilfuchs,2026,Camil Fuchs,Channel 13,2024-03-13,,shas,9,,True,2026_2024,2024,2026_2024:1:49
2026_20240313_camilfuchs,2026,Camil Fuchs,Channel 13,2024-03-13,,utj,7,,True,2026_2024,2024,2026_2024:1:49
2026_20240313_camilfuchs,2026,Camil Fuchs,Channel 13,2024-03-13,,yesh_atid,14,,True,2026_2024,2024,2026_2024:1:49
2026_20240313_camilfuchs,2026,Camil Fuchs,Channel 13,2024-03-13,,yisrael_beytenu,8,,True,2026_2024,2024,2026_2024:1:49
2026_20240313_directpolls,2026,Direct Polls,Channel 14,2024-03-13,,balad,0,2.8,True,2026_2024,2024,2026_2024:1:51
2026_20240313_directpolls,2026,Direct Polls,Channel 14,2024-03-13,,blue_white,22,,True,2026_2024,2024,2026_2024:1:51
2026_20240313_directpolls,2026,Direct Polls,Channel 14,2024-03-13,,hadash_taal,4,,True,2026_2024,2024,2026_2024:1:51
2026_20240313_directpolls,2026,Direct Polls,Channel 14,2024-03-13,,labor,0,1.9,True,2026_2024,2024,2026_2024:1:51
2026_20240313_directpolls,2026,Direct Polls,Channel 14,2024-03-13,,likud,25,,True,2026_2024,2024,2026_2024:1:51
2026_20240313_directpolls,2026,Direct Polls,Channel 14,2024-03-13,,meretz,5,,True,2026_2024,2024,2026_2024:1:51
2026_20240313_directpolls,2026,Direct Polls,Channel 14,2024-03-13,,new_hope,6,,True,2026_2024,2024,2026_2024:1:51
2026_20240313_directpolls,2026,Direct Polls,Channel 14,2024-03-13,,otzma,9,,True,2026_2024,2024,2026_2024:1:51
2026_20240313_directpolls,2026,Direct Polls,Channel 14,2024-03-13,,raam,6,,True,2026_2024,2024,2026_2024:1:51
2026_20240313_directpolls,2026,Direct Polls,Channel 14,2024-03-13,,rzp,4,,True,2026_2024,2024,2026_2024:1:51
2026_20240313_directpolls,2026,Direct Polls,Channel 14,2024-03-13,,shas,10,,True,2026_2024,2024,2026_2024:1:51
2026_20240313_directpolls,2026,Direct Polls,Channel 14,2024-03-13,,utj,8,,True,2026_2024,2024,2026_2024:1:51
2026_20240313_directpolls,2026,Direct Polls,Channel 14,2024-03-13,,yesh_atid,12,,True,2026_2024,2024,2026_2024:1:51
2026_20240313_directpolls,2026,Direct Polls,Channel 14,2024-03-13,,yisrael_beytenu,9,,True,2026_2024,2024,2026_2024:1:51
2026_20240313_kantar,2026,Kantar,Kan 11,2024-03-13,,balad,0,1.9,True,2026_2024,2024,2026_2024:1:48
2026_20240313_kantar,2026,Kantar,Kan 11,2024-03-13,,blue_white,30,,True,2026_2024,2024,2026_2024:1:48
2026_20240313_kantar,2026,Kantar,Kan 11,2024-03-13,,hadash_taal,5,,True,2026_2024,2024,2026_2024:1:48
2026_20240313_kantar,2026,Kantar,Kan 11,2024-03-13,,labor,0,1.8,True,2026_2024,2024,2026_2024:1:48
2026_20240313_kantar,2026,Kantar,Kan 11,2024-03-13,,likud,21,,True,2026_2024,2024,2026_2024:1:48
2026_20240313_kantar,2026,Kantar,Kan 11,2024-03-13,,meretz,4,,True,2026_2024,2024,2026_2024:1:48
2026_20240313_kantar,2026,Kantar,Kan 11,2024-03-13,,new_hope,5,,True,2026_2024,2024,2026_2024:1:48
2026_20240313_kantar,2026,Kantar,Kan 11,2024-03-13,,otzma,8,,True,2026_2024,2024,2026_2024:1:48
2026_20240313_kantar,2026,Kantar,Kan 11,2024-03-13,,raam,5,,True,2026_2024,2024,2026_2024:1:48
2026_20240313_kantar,2026,Kantar,Kan 11,2024-03-13,,rzp,0,2.8,True,2026_2024,2024,2026_2024:1:48
2026_20240313_kantar,2026,Kantar,Kan 11,2024-03-13,,shas,10,,True,2026_2024,2024,2026_2024:1:48
2026_20240313_kantar,2026,Kantar,Kan 11,2024-03-13,,utj,7,,True,2026_2024,2024,2026_2024:1:48
2026_20240313_kantar,2026,Kantar,Kan 11,2024-03-13,,yesh_atid,14,,True,2026_2024,2024,2026_2024:1:48
2026_20240313_kantar,2026,Kantar,Kan 11,2024-03-13,,yisrael_beytenu,11,,True,2026_2024,2024,2026_2024:1:48
2026_20240313_midgam,2026,Midgam,HaHadashot 12,2024-03-13,,balad,0,1.7,True,2026_2024,2024,2026_2024:1:50
2026_20240313_midgam,2026,Midgam,HaHadashot 12,2024-03-13,,blue_white,33,,True,2026_2024,2024,2026_2024:1:50
2026_20240313_midgam,2026,Midgam,HaHadashot 12,2024-03-13,,hadash_taal,5,,True,2026_2024,2024,2026_2024:1:50
2026_20240313_midgam,2026,Midgam,HaHadashot 12,2024-03-13,,labor,0,1.8,True,2026_2024,2024,2026_2024:1:50
2026_20240313_midgam,2026,Midgam,HaHadashot 12,2024-03-13,,likud,18,,True,2026_2024,2024,2026_2024:1:50
2026_20240313_midgam,2026,Midgam,HaHadashot 12,2024-03-13,,meretz,4,,True,2026_2024,2024,2026_2024:1:50
2026_20240313_midgam,2026,Midgam,HaHadashot 12,2024-03-13,,new_hope,5,,True,2026_2024,2024,2026_2024:1:50
2026_20240313_midgam,2026,Midgam,HaHadashot 12,2024-03-13,,otzma,8,,True,2026_2024,2024,2026_2024:1:50
2026_20240313_midgam,2026,Midgam,HaHadashot 12,2024-03-13,,raam,5,,True,2026_2024,2024,2026_2024:1:50
2026_20240313_midgam,2026,Midgam,HaHadashot 12,2024-03-13,,rzp,0,2.9,True,2026_2024,2024,2026_2024:1:50
2026_20240313_midgam,2026,Midgam,HaHadashot 12,2024-03-13,,shas,11,,True,2026_2024,2024,2026_2024:1:50
2026_20240313_midgam,2026,Midgam,HaHadashot 12,2024-03-13,,utj,7,,True,2026_2024,2024,2026_2024:1:50
2026_20240313_midgam,2026,Midgam,HaHadashot 12,2024-03-13,,yesh_atid,13,,True,2026_2024,2024,2026_2024:1:50
2026_20240313_midgam,2026,Midgam,HaHadashot 12,2024-03-13,,yisrael_beytenu,11,,True,2026_2024,2024,2026_2024:1:50
2026_20240314_lazar,2026,Lazar,Maariv,2024-03-14,,balad,0,1.9,True,2026_2024,2024,2026_2024:1:47
2026_20240314_lazar,2026,Lazar,Maariv,2024-03-14,,blue_white,36,,True,2026_2024,2024,2026_2024:1:47
2026_20240314_lazar,2026,Lazar,Maariv,2024-03-14,,hadash_taal,5,,True,2026_2024,2024,2026_2024:1:47
2026_20240314_lazar,2026,Lazar,Maariv,2024-03-14,,labor,0,1.8,True,2026_2024,2024,2026_2024:1:47
2026_20240314_lazar,2026,Lazar,Maariv,2024-03-14,,likud,18,,True,2026_2024,2024,2026_2024:1:47
2026_20240314_lazar,2026,Lazar,Maariv,2024-03-14,,meretz,4,,True,2026_2024,2024,2026_2024:1:47
2026_20240314_lazar,2026,Lazar,Maariv,2024-03-14,,new_hope,4,,True,2026_2024,2024,2026_2024:1:47
2026_20240314_lazar,2026,Lazar,Maariv,2024-03-14,,otzma,9,,True,2026_2024,2024,2026_2024:1:47
2026_20240314_lazar,2026,Lazar,Maariv,2024-03-14,,raam,4,,True,2026_2024,2024,2026_2024:1:47
2026_20240314_lazar,2026,Lazar,Maariv,2024-03-14,,rzp,4,,True,2026_2024,2024,2026_2024:1:47
2026_20240314_lazar,2026,Lazar,Maariv,2024-03-14,,shas,10,,True,2026_2024,2024,2026_2024:1:47
2026_20240314_lazar,2026,Lazar,Maariv,2024-03-14,,utj,6,,True,2026_2024,2024,2026_2024:1:47
2026_20240314_lazar,2026,Lazar,Maariv,2024-03-14,,yesh_atid,11,,True,2026_2024,2024,2026_2024:1:47
2026_20240314_lazar,2026,Lazar,Maariv,2024-03-14,,yisrael_beytenu,9,,True,2026_2024,2024,2026_2024:1:47
2026_20240321_lazar,2026,Lazar,Maariv,2024-03-21,,balad,0,2.4,True,2026_2024,2024,2026_2024:1:46
2026_20240321_lazar,2026,Lazar,Maariv,2024-03-21,,blue_white,35,,True,2026_2024,2024,2026_2024:1:46
2026_20240321_lazar,2026,Lazar,Maariv,2024-03-21,,hadash_taal,5,,True,2026_2024,2024,2026_2024:1:46
2026_20240321_lazar,2026,Lazar,Maariv,2024-03-21,,labor,0,1.9,True,2026_2024,2024,2026_2024:1:46
2026_20240321_lazar,2026,Lazar,Maariv,2024-03-21,,likud,17,,True,2026_2024,2024,2026_2024:1:46
2026_20240321_lazar,2026,Lazar,Maariv,2024-03-21,,meretz,5,,True,2026_2024,2024,2026_2024:1:46
2026_20240321_lazar,2026,Lazar,Maariv,2024-03-21,,new_hope,0,2.7,True,2026_2024,2024,2026_2024:1:46
2026_20240321_lazar,2026,Lazar,Maariv,2024-03-21,,otzma,10,,True,2026_2024,2024,2026_2024:1:46
2026_20240321_lazar,2026,Lazar,Maariv,2024-03-21,,raam,5,,True,2026_2024,2024,2026_2024:1:46
2026_20240321_lazar,2026,Lazar,Maariv,2024-03-21,,rzp,5,,True,2026_2024,2024,2026_2024:1:46
2026_20240321_lazar,2026,Lazar,Maariv,2024-03-21,,shas,10,,True,2026_2024,2024,2026_2024:1:46
2026_20240321_lazar,2026,Lazar,Maariv,2024-03-21,,utj,6,,True,2026_2024,2024,2026_2024:1:46
2026_20240321_lazar,2026,Lazar,Maariv,2024-03-21,,yesh_atid,12,,True,2026_2024,2024,2026_2024:1:46
2026_20240321_lazar,2026,Lazar,Maariv,2024-03-21,,yisrael_beytenu,10,,True,2026_2024,2024,2026_2024:1:46
2026_20240328_lazar,2026,Lazar,Maariv,2024-03-28,,balad,0,2.0,True,2026_2024,2024,2026_2024:1:44
2026_20240328_lazar,2026,Lazar,Maariv,2024-03-28,,blue_white,33,,True,2026_2024,2024,2026_2024:1:44
2026_20240328_lazar,2026,Lazar,Maariv,2024-03-28,,hadash_taal,5,,True,2026_2024,2024,2026_2024:1:44
2026_20240328_lazar,2026,Lazar,Maariv,2024-03-28,,labor,0,2.4,True,2026_2024,2024,2026_2024:1:44
2026_20240328_lazar,2026,Lazar,Maariv,2024-03-28,,likud,19,,True,2026_2024,2024,2026_2024:1:44
2026_20240328_lazar,2026,Lazar,Maariv,2024-03-28,,meretz,5,,True,2026_2024,2024,2026_2024:1:44
2026_20240328_lazar,2026,Lazar,Maariv,2024-03-28,,new_hope,4,,True,2026_2024,2024,2026_2024:1:44
2026_20240328_lazar,2026,Lazar,Maariv,2024-03-28,,otzma,10,,True,2026_2024,2024,2026_2024:1:44
2026_20240328_lazar,2026,Lazar,Maariv,2024-03-28,,raam,5,,True,2026_2024,2024,2026_2024:1:44
2026_20240328_lazar,2026,Lazar,Maariv,2024-03-28,,rzp,0,2.9,True,2026_2024,2024,2026_2024:1:44
2026_20240328_lazar,2026,Lazar,Maariv,2024-03-28,,shas,10,,True,2026_2024,2024,2026_2024:1:44
2026_20240328_lazar,2026,Lazar,Maariv,2024-03-28,,utj,7,,True,2026_2024,2024,2026_2024:1:44
2026_20240328_lazar,2026,Lazar,Maariv,2024-03-28,,yesh_atid,12,,True,2026_2024,2024,2026_2024:1:44
2026_20240328_lazar,2026,Lazar,Maariv,2024-03-28,,yisrael_beytenu,10,,True,2026_2024,2024,2026_2024:1:44
2026_20240331_directpolls,2026,Direct Polls,Channel 14,2024-03-31,,balad,0,2.7,True,2026_2024,2024,2026_2024:1:42
2026_20240331_directpolls,2026,Direct Polls,Channel 14,2024-03-31,,blue_white,22,,True,2026_2024,2024,2026_2024:1:42
2026_20240331_directpolls,2026,Direct Polls,Channel 14,2024-03-31,,hadash_taal,4,,True,2026_2024,2024,2026_2024:1:42
2026_20240331_directpolls,2026,Direct Polls,Channel 14,2024-03-31,,labor,5,,True,2026_2024,2024,2026_2024:1:42
2026_20240331_directpolls,2026,Direct Polls,Channel 14,2024-03-31,,likud,24,,True,2026_2024,2024,2026_2024:1:42
2026_20240331_directpolls,2026,Direct Polls,Channel 14,2024-03-31,,meretz,4,,True,2026_2024,2024,2026_2024:1:42
2026_20240331_directpolls,2026,Direct Polls,Channel 14,2024-03-31,,new_hope,0,3.0,True,2026_2024,2024,2026_2024:1:42
2026_20240331_directpolls,2026,Direct Polls,Channel 14,2024-03-31,,otzma,10,,True,2026_2024,2024,2026_2024:1:42
2026_20240331_directpolls,2026,Direct Polls,Channel 14,2024-03-31,,raam,6,,True,2026_2024,2024,2026_2024:1:42
2026_20240331_directpolls,2026,Direct Polls,Channel 14,2024-03-31,,rzp,6,,True,2026_2024,2024,2026_2024:1:42
2026_20240331_directpolls,2026,Direct Polls,Channel 14,2024-03-31,,shas,10,,True,2026_2024,2024,2026_2024:1:42
2026_20240331_directpolls,2026,Direct Polls,Channel 14,2024-03-31,,utj,8,,True,2026_2024,2024,2026_2024:1:42
2026_20240331_directpolls,2026,Direct Polls,Channel 14,2024-03-31,,yesh_atid,13,,True,2026_2024,2024,2026_2024:1:42
2026_20240331_directpolls,2026,Direct Polls,Channel 14,2024-03-31,,yisrael_beytenu,8,,True,2026_2024,2024,2026_2024:1:42
2026_20240403_lazar,2026,Lazar,Maariv,2024-04-03,,balad,0,1.4,True,2026_2024,2024,2026_2024:1:41
2026_20240403_lazar,2026,Lazar,Maariv,2024-04-03,,blue_white,32,,True,2026_2024,2024,2026_2024:1:41
2026_20240403_lazar,2026,Lazar,Maariv,2024-04-03,,hadash_taal,5,,True,2026_2024,2024,2026_2024:1:41
2026_20240403_lazar,2026,Lazar,Maariv,2024-04-03,,labor,0,3.0,True,2026_2024,2024,2026_2024:1:41
2026_20240403_lazar,2026,Lazar,Maariv,2024-04-03,,likud,17,,True,2026_2024,2024,2026_2024:1:41
2026_20240403_lazar,2026,Lazar,Maariv,2024-04-03,,meretz,4,,True,2026_2024,2024,2026_2024:1:41
2026_20240403_lazar,2026,Lazar,Maariv,2024-04-03,,new_hope,4,,True,2026_2024,2024,2026_2024:1:41
2026_20240403_lazar,2026,Lazar,Maariv,2024-04-03,,otzma,9,,True,2026_2024,2024,2026_2024:1:41
2026_20240403_lazar,2026,Lazar,Maariv,2024-04-03,,raam,4,,True,2026_2024,2024,2026_2024:1:41
2026_20240403_lazar,2026,Lazar,Maariv,2024-04-03,,rzp,4,,True,2026_2024,2024,2026_2024:1:41
2026_20240403_lazar,2026,Lazar,Maariv,2024-04-03,,shas,9,,True,2026_2024,2024,2026_2024:1:41
2026_20240403_lazar,2026,Lazar,Maariv,2024-04-03,,utj,6,,True,2026_2024,2024,2026_2024:1:41
2026_20240403_lazar,2026,Lazar,Maariv,2024-04-03,,yesh_atid,15,,True,2026_2024,2024,2026_2024:1:41
2026_20240403_lazar,2026,Lazar,Maariv,2024-04-03,,yisrael_beytenu,11,,True,2026_2024,2024,2026_2024:1:41
2026_20240407_directpolls,2026,Direct Polls,Channel 14,2024-04-07,,blue_white,23,,True,2026_2024,2024,2026_2024:1:38
2026_20240407_directpolls,2026,Direct Polls,Channel 14,2024-04-07,,hadash_taal,4,,True,2026_2024,2024,2026_2024:1:38
2026_20240407_directpolls,2026,Direct Polls,Channel 14,2024-04-07,,labor,4,,True,2026_2024,2024,2026_2024:1:38
2026_20240407_directpolls,2026,Direct Polls,Channel 14,2024-04-07,,likud,22,,True,2026_2024,2024,2026_2024:1:38
2026_20240407_directpolls,2026,Direct Polls,Channel 14,2024-04-07,,meretz,5,,True,2026_2024,2024,2026_2024:1:38
2026_20240407_directpolls,2026,Direct Polls,Channel 14,2024-04-07,,new_hope,4,,True,2026_2024,2024,2026_2024:1:38
2026_20240407_directpolls,2026,Direct Polls,Channel 14,2024-04-07,,otzma,10,,True,2026_2024,2024,2026_2024:1:38
2026_20240407_directpolls,2026,Direct Polls,Channel 14,2024-04-07,,raam,6,,True,2026_2024,2024,2026_2024:1:38
2026_20240407_directpolls,2026,Direct Polls,Channel 14,2024-04-07,,rzp,5,,True,2026_2024,2024,2026_2024:1:38
2026_20240407_directpolls,2026,Direct Polls,Channel 14,2024-04-07,,shas,10,,True,2026_2024,2024,2026_2024:1:38
2026_20240407_directpolls,2026,Direct Polls,Channel 14,2024-04-07,,utj,8,,True,2026_2024,2024,2026_2024:1:38
2026_20240407_directpolls,2026,Direct Polls,Channel 14,2024-04-07,,yesh_atid,11,,True,2026_2024,2024,2026_2024:1:38
2026_20240407_directpolls,2026,Direct Polls,Channel 14,2024-04-07,,yisrael_beytenu,8,,True,2026_2024,2024,2026_2024:1:38
2026_20240407_kantar,2026,Kantar,Kan 11,2024-04-07,,balad,0,1.8,True,2026_2024,2024,2026_2024:1:40
2026_20240407_kantar,2026,Kantar,Kan 11,2024-04-07,,blue_white,30,,True,2026_2024,2024,2026_2024:1:40
2026_20240407_kantar,2026,Kantar,Kan 11,2024-04-07,,hadash_taal,5,,True,2026_2024,2024,2026_2024:1:40
2026_20240407_kantar,2026,Kantar,Kan 11,2024-04-07,,labor,0,2.4,True,2026_2024,2024,2026_2024:1:40
2026_20240407_kantar,2026,Kantar,Kan 11,2024-04-07,,likud,21,,True,2026_2024,2024,2026_2024:1:40
2026_20240407_kantar,2026,Kantar,Kan 11,2024-04-07,,meretz,4,,True,2026_2024,2024,2026_2024:1:40
2026_20240407_kantar,2026,Kantar,Kan 11,2024-04-07,,new_hope,4,,True,2026_2024,2024,2026_2024:1:40
2026_20240407_kantar,2026,Kantar,Kan 11,2024-04-07,,otzma,10,,True,2026_2024,2024,2026_2024:1:40
2026_20240407_kantar,2026,Kantar,Kan 11,2024-04-07,,raam,5,,True,2026_2024,2024,2026_2024:1:40
2026_20240407_kantar,2026,Kantar,Kan 11,2024-04-07,,rzp,0,2.7,True,2026_2024,2024,2026_2024:1:40
2026_20240407_kantar,2026,Kantar,Kan 11,2024-04-07,,shas,10,,True,2026_2024,2024,2026_2024:1:40
2026_20240407_kantar,2026,Kantar,Kan 11,2024-04-07,,utj,7,,True,2026_2024,2024,2026_2024:1:40
2026_20240407_kantar,2026,Kantar,Kan 11,2024-04-07,,yesh_atid,14,,True,2026_2024,2024,2026_2024:1:40
2026_20240407_kantar,2026,Kantar,Kan 11,2024-04-07,,yisrael_beytenu,10,,True,2026_2024,2024,2026_2024:1:40
2026_20240407_midgam,2026,Midgam,HaHadashot 12,2024-04-07,,blue_white,32,,True,2026_2024,2024,2026_2024:1:39
2026_20240407_midgam,2026,Midgam,HaHadashot 12,2024-04-07,,hadash_taal,5,,True,2026_2024,2024,2026_2024:1:39
2026_20240407_midgam,2026,Midgam,HaHadashot 12,2024-04-07,,likud,19,,True,2026_2024,2024,2026_2024:1:39
2026_20240407_midgam,2026,Midgam,HaHadashot 12,2024-04-07,,meretz,5,,True,2026_2024,2024,2026_2024:1:39
2026_20240407_midgam,2026,Midgam,HaHadashot 12,2024-04-07,,otzma,9,,True,2026_2024,2024,2026_2024:1:39
2026_20240407_midgam,2026,Midgam,HaHadashot 12,2024-04-07,,raam,5,,True,2026_2024,2024,2026_2024:1:39
2026_20240407_midgam,2026,Midgam,HaHadashot 12,2024-04-07,,shas,11,,True,2026_2024,2024,2026_2024:1:39
2026_20240407_midgam,2026,Midgam,HaHadashot 12,2024-04-07,,utj,8,,True,2026_2024,2024,2026_2024:1:39
2026_20240407_midgam,2026,Midgam,HaHadashot 12,2024-04-07,,yesh_atid,15,,True,2026_2024,2024,2026_2024:1:39
2026_20240407_midgam,2026,Midgam,HaHadashot 12,2024-04-07,,yisrael_beytenu,11,,True,2026_2024,2024,2026_2024:1:39
2026_20240411_lazar,2026,Lazar,Maariv,2024-04-11,,balad,0,1.4,True,2026_2024,2024,2026_2024:1:37
2026_20240411_lazar,2026,Lazar,Maariv,2024-04-11,,blue_white,30,,True,2026_2024,2024,2026_2024:1:37
2026_20240411_lazar,2026,Lazar,Maariv,2024-04-11,,hadash_taal,5,,True,2026_2024,2024,2026_2024:1:37
2026_20240411_lazar,2026,Lazar,Maariv,2024-04-11,,labor,0,2.0,True,2026_2024,2024,2026_2024:1:37
2026_20240411_lazar,2026,Lazar,Maariv,2024-04-11,,likud,19,,True,2026_2024,2024,2026_2024:1:37
2026_20240411_lazar,2026,Lazar,Maariv,2024-04-11,,meretz,4,,True,2026_2024,2024,2026_2024:1:37
2026_20240411_lazar,2026,Lazar,Maariv,2024-04-11,,new_hope,4,,True,2026_2024,2024,2026_2024:1:37
2026_20240411_lazar,2026,Lazar,Maariv,2024-04-11,,otzma,10,,True,2026_2024,2024,2026_2024:1:37
2026_20240411_lazar,2026,Lazar,Maariv,2024-04-11,,raam,5,,True,2026_2024,2024,2026_2024:1:37
2026_20240411_lazar,2026,Lazar,Maariv,2024-04-11,,rzp,0,2.7,True,2026_2024,2024,2026_2024:1:37
2026_20240411_lazar,2026,Lazar,Maariv,2024-04-11,,shas,9,,True,2026_2024,2024,2026_2024:1:37
2026_20240411_lazar,2026,Lazar,Maariv,2024-04-11,,utj,7,,True,2026_2024,2024,2026_2024:1:37
2026_20240411_lazar,2026,Lazar,Maariv,2024-04-11,,yesh_atid,15,,True,2026_2024,2024,2026_2024:1:37
2026_20240411_lazar,2026,Lazar,Maariv,2024-04-11,,yisrael_beytenu,12,,True,2026_2024,2024,2026_2024:1:37
2026_20240414_directpolls,2026,Direct Polls,Channel 14,2024-04-14,,balad,0,2.9,True,2026_2024,2024,2026_2024:1:36
2026_20240414_directpolls,2026,Direct Polls,Channel 14,2024-04-14,,blue_white,22,,True,2026_2024,2024,2026_2024:1:36
2026_20240414_directpolls,2026,Direct Polls,Channel 14,2024-04-14,,hadash_taal,4,,True,2026_2024,2024,2026_2024:1:36
2026_20240414_directpolls,2026,Direct Polls,Channel 14,2024-04-14,,labor,4,,True,2026_2024,2024,2026_2024:1:36
2026_20240414_directpolls,2026,Direct Polls,Channel 14,2024-04-14,,likud,26,,True,2026_2024,2024,2026_2024:1:36
2026_20240414_directpolls,2026,Direct Polls,Channel 14,2024-04-14,,meretz,4,,True,2026_2024,2024,2026_2024:1:36
2026_20240414_directpolls,2026,Direct Polls,Channel 14,2024-04-14,,new_hope,0,1.5,True,2026_2024,2024,2026_2024:1:36
2026_20240414_directpolls,2026,Direct Polls,Channel 14,2024-04-14,,otzma,9,,True,2026_2024,2024,2026_2024:1:36
2026_20240414_directpolls,2026,Direct Polls,Channel 14,2024-04-14,,raam,6,,True,2026_2024,2024,2026_2024:1:36
2026_20240414_directpolls,2026,Direct Polls,Channel 14,2024-04-14,,rzp,5,,True,2026_2024,2024,2026_2024:1:36
2026_20240414_directpolls,2026,Direct Polls,Channel 14,2024-04-14,,shas,10,,True,2026_2024,2024,2026_2024:1:36
2026_20240414_directpolls,2026,Direct Polls,Channel 14,2024-04-14,,utj,8,,True,2026_2024,2024,2026_2024:1:36
2026_20240414_directpolls,2026,Direct Polls,Channel 14,2024-04-14,,yesh_atid,11,,True,2026_2024,2024,2026_2024:1:36
2026_20240414_directpolls,2026,Direct Polls,Channel 14,2024-04-14,,yisrael_beytenu,11,,True,2026_2024,2024,2026_2024:1:36
2026_20240418_lazar,2026,Lazar,Maariv,2024-04-18,,balad,0,1.8,True,2026_2024,2024,2026_2024:1:35
2026_20240418_lazar,2026,Lazar,Maariv,2024-04-18,,blue_white,31,,True,2026_2024,2024,2026_2024:1:35
2026_20240418_lazar,2026,Lazar,Maariv,2024-04-18,,hadash_taal,5,,True,2026_2024,2024,2026_2024:1:35
2026_20240418_lazar,2026,Lazar,Maariv,2024-04-18,,labor,0,2.1,True,2026_2024,2024,2026_2024:1:35
2026_20240418_lazar,2026,Lazar,Maariv,2024-04-18,,likud,21,,True,2026_2024,2024,2026_2024:1:35
2026_20240418_lazar,2026,Lazar,Maariv,2024-04-18,,meretz,4,,True,2026_2024,2024,2026_2024:1:35
2026_20240418_lazar,2026,Lazar,Maariv,2024-04-18,,new_hope,0,2.0,True,2026_2024,2024,2026_2024:1:35
2026_20240418_lazar,2026,Lazar,Maariv,2024-04-18,,otzma,9,,True,2026_2024,2024,2026_2024:1:35
2026_20240418_lazar,2026,Lazar,Maariv,2024-04-18,,raam,5,,True,2026_2024,2024,2026_2024:1:35
2026_20240418_lazar,2026,Lazar,Maariv,2024-04-18,,rzp,4,,True,2026_2024,2024,2026_2024:1:35
2026_20240418_lazar,2026,Lazar,Maariv,2024-04-18,,shas,9,,True,2026_2024,2024,2026_2024:1:35
2026_20240418_lazar,2026,Lazar,Maariv,2024-04-18,,utj,7,,True,2026_2024,2024,2026_2024:1:35
2026_20240418_lazar,2026,Lazar,Maariv,2024-04-18,,yesh_atid,13,,True,2026_2024,2024,2026_2024:1:35
2026_20240418_lazar,2026,Lazar,Maariv,2024-04-18,,yisrael_beytenu,12,,True,2026_2024,2024,2026_2024:1:35
2026_20240421_midgamprojectstatnet,2026,Midgam Project & StatNet,Channel 13,2024-04-21,,blue_white,30,,True,2026_2024,2024,2026_2024:1:34
2026_20240421_midgamprojectstatnet,2026,Midgam Project & StatNet,Channel 13,2024-04-21,,hadash_taal,5,,True,2026_2024,2024,2026_2024:1:34
2026_20240421_midgamprojectstatnet,2026,Midgam Project & StatNet,Channel 13,2024-04-21,,labor,4,,True,2026_2024,2024,2026_2024:1:34
2026_20240421_midgamprojectstatnet,2026,Midgam Project & StatNet,Channel 13,2024-04-21,,likud,20,,True,2026_2024,2024,2026_2024:1:34
2026_20240421_midgamprojectstatnet,2026,Midgam Project & StatNet,Channel 13,2024-04-21,,otzma,9,,True,2026_2024,2024,2026_2024:1:34
2026_20240421_midgamprojectstatnet,2026,Midgam Project & StatNet,Channel 13,2024-04-21,,raam,4,,True,2026_2024,2024,2026_2024:1:34
2026_20240421_midgamprojectstatnet,2026,Midgam Project & StatNet,Channel 13,2024-04-21,,rzp,7,,True,2026_2024,2024,2026_2024:1:34
2026_20240421_midgamprojectstatnet,2026,Midgam Project & StatNet,Channel 13,2024-04-21,,shas,8,,True,2026_2024,2024,2026_2024:1:34
2026_20240421_midgamprojectstatnet,2026,Midgam Project & StatNet,Channel 13,2024-04-21,,utj,7,,True,2026_2024,2024,2026_2024:1:34
2026_20240421_midgamprojectstatnet,2026,Midgam Project & StatNet,Channel 13,2024-04-21,,yesh_atid,15,,True,2026_2024,2024,2026_2024:1:34
2026_20240421_midgamprojectstatnet,2026,Midgam Project & StatNet,Channel 13,2024-04-21,,yisrael_beytenu,11,,True,2026_2024,2024,2026_2024:1:34
2026_20240426_lazar,2026,Lazar,Maariv,2024-04-26,,balad,0,1.8,True,2026_2024,2024,2026_2024:1:33
2026_20240426_lazar,2026,Lazar,Maariv,2024-04-26,,blue_white,29,,True,2026_2024,2024,2026_2024:1:33
2026_20240426_lazar,2026,Lazar,Maariv,2024-04-26,,hadash_taal,5,,True,2026_2024,2024,2026_2024:1:33
2026_20240426_lazar,2026,Lazar,Maariv,2024-04-26,,labor,0,2.6,True,2026_2024,2024,2026_2024:1:33
2026_20240426_lazar,2026,Lazar,Maariv,2024-04-26,,likud,21,,True,2026_2024,2024,2026_2024:1:33
2026_20240426_lazar,2026,Lazar,Maariv,2024-04-26,,meretz,4,,True,2026_2024,2024,2026_2024:1:33
2026_20240426_lazar,2026,Lazar,Maariv,2024-04-26,,new_hope,4,,True,2026_2024,2024,2026_2024:1:33
2026_20240426_lazar,2026,Lazar,Maariv,2024-04-26,,otzma,9,,True,2026_2024,2024,2026_2024:1:33
2026_20240426_lazar,2026,Lazar,Maariv,2024-04-26,,raam,4,,True,2026_2024,2024,2026_2024:1:33
2026_20240426_lazar,2026,Lazar,Maariv,2024-04-26,,rzp,4,,True,2026_2024,2024,2026_2024:1:33
2026_20240426_lazar,2026,Lazar,Maariv,2024-04-26,,shas,9,,True,2026_2024,2024,2026_2024:1:33
2026_20240426_lazar,2026,Lazar,Maariv,2024-04-26,,utj,7,,True,2026_2024,2024,2026_2024:1:33
2026_20240426_lazar,2026,Lazar,Maariv,2024-04-26,,yesh_atid,13,,True,2026_2024,2024,2026_2024:1:33
2026_20240426_lazar,2026,Lazar,Maariv,2024-04-26,,yisrael_beytenu,11,,True,2026_2024,2024,2026_2024:1:33
2026_20240430_kantar,2026,Kantar,Kan 11,2024-04-30,,balad,0,1.9,True,2026_2024,2024,2026_2024:1:32
2026_20240430_kantar,2026,Kantar,Kan 11,2024-04-30,,blue_white,29,,True,2026_2024,2024,2026_2024:1:32
2026_20240430_kantar,2026,Kantar,Kan 11,2024-04-30,,hadash_taal,5,,True,2026_2024,2024,2026_2024:1:32
2026_20240430_kantar,2026,Kantar,Kan 11,2024-04-30,,labor,0,2.1,True,2026_2024,2024,2026_2024:1:32
2026_20240430_kantar,2026,Kantar,Kan 11,2024-04-30,,likud,21,,True,2026_2024,2024,2026_2024:1:32
2026_20240430_kantar,2026,Kantar,Kan 11,2024-04-30,,meretz,4,,True,2026_2024,2024,2026_2024:1:32
2026_20240430_kantar,2026,Kantar,Kan 11,2024-04-30,,new_hope,0,2.5,True,2026_2024,2024,2026_2024:1:32
2026_20240430_kantar,2026,Kantar,Kan 11,2024-04-30,,otzma,9,,True,2026_2024,2024,2026_2024:1:32
2026_20240430_kantar,2026,Kantar,Kan 11,2024-04-30,,raam,4,,True,2026_2024,2024,2026_2024:1:32
2026_20240430_kantar,2026,Kantar,Kan 11,2024-04-30,,rzp,5,,True,2026_2024,2024,2026_2024:1:32
2026_20240430_kantar,2026,Kantar,Kan 11,2024-04-30,,shas,10,,True,2026_2024,2024,2026_2024:1:32
2026_20240430_kantar,2026,Kantar,Kan 11,2024-04-30,,utj,7,,True,2026_2024,2024,2026_2024:1:32
2026_20240430_kantar,2026,Kantar,Kan 11,2024-04-30,,yesh_atid,15,,True,2026_2024,2024,2026_2024:1:32
2026_20240430_kantar,2026,Kantar,Kan 11,2024-04-30,,yisrael_beytenu,11,,True,2026_2024,2024,2026_2024:1:32
2026_20240430_midgam,2026,Midgam,HaHadashot 12,2024-04-30,,balad,0,2.3,True,2026_2024,2024,2026_2024:1:31
2026_20240430_midgam,2026,Midgam,HaHadashot 12,2024-04-30,,blue_white,31,,True,2026_2024,2024,2026_2024:1:31
2026_20240430_midgam,2026,Midgam,HaHadashot 12,2024-04-30,,hadash_taal,5,,True,2026_2024,2024,2026_2024:1:31
2026_20240430_midgam,2026,Midgam,HaHadashot 12,2024-04-30,,labor,0,2.2,True,2026_2024,2024,2026_2024:1:31
2026_20240430_midgam,2026,Midgam,HaHadashot 12,2024-04-30,,likud,18,,True,2026_2024,2024,2026_2024:1:31
2026_20240430_midgam,2026,Midgam,HaHadashot 12,2024-04-30,,meretz,4,,True,2026_2024,2024,2026_2024:1:31
2026_20240430_midgam,2026,Midgam,HaHadashot 12,2024-04-30,,new_hope,0,2.2,True,2026_2024,2024,2026_2024:1:31
2026_20240430_midgam,2026,Midgam,HaHadashot 12,2024-04-30,,otzma,10,,True,2026_2024,2024,2026_2024:1:31
2026_20240430_midgam,2026,Midgam,HaHadashot 12,2024-04-30,,raam,5,,True,2026_2024,2024,2026_2024:1:31
2026_20240430_midgam,2026,Midgam,HaHadashot 12,2024-04-30,,rzp,4,,True,2026_2024,2024,2026_2024:1:31
2026_20240430_midgam,2026,Midgam,HaHadashot 12,2024-04-30,,shas,10,,True,2026_2024,2024,2026_2024:1:31
2026_20240430_midgam,2026,Midgam,HaHadashot 12,2024-04-30,,utj,8,,True,2026_2024,2024,2026_2024:1:31
2026_20240430_midgam,2026,Midgam,HaHadashot 12,2024-04-30,,yesh_atid,15,,True,2026_2024,2024,2026_2024:1:31
2026_20240430_midgam,2026,Midgam,HaHadashot 12,2024-04-30,,yisrael_beytenu,10,,True,2026_2024,2024,2026_2024:1:31
2026_20240502_lazar,2026,Lazar,Maariv,2024-05-02,,balad,0,1.5,True,2026_2024,2024,2026_2024:1:30
2026_20240502_lazar,2026,Lazar,Maariv,2024-05-02,,blue_white,31,,True,2026_2024,2024,2026_2024:1:30
2026_20240502_lazar,2026,Lazar,Maariv,2024-05-02,,hadash_taal,5,,True,2026_2024,2024,2026_2024:1:30
2026_20240502_lazar,2026,Lazar,Maariv,2024-05-02,,labor,0,1.9,True,2026_2024,2024,2026_2024:1:30
2026_20240502_lazar,2026,Lazar,Maariv,2024-05-02,,likud,19,,True,2026_2024,2024,2026_2024:1:30
2026_20240502_lazar,2026,Lazar,Maariv,2024-05-02,,meretz,4,,True,2026_2024,2024,2026_2024:1:30
2026_20240502_lazar,2026,Lazar,Maariv,2024-05-02,,new_hope,0,1.6,True,2026_2024,2024,2026_2024:1:30
2026_20240502_lazar,2026,Lazar,Maariv,2024-05-02,,otzma,10,,True,2026_2024,2024,2026_2024:1:30
2026_20240502_lazar,2026,Lazar,Maariv,2024-05-02,,raam,5,,True,2026_2024,2024,2026_2024:1:30
2026_20240502_lazar,2026,Lazar,Maariv,2024-05-02,,rzp,5,,True,2026_2024,2024,2026_2024:1:30
2026_20240502_lazar,2026,Lazar,Maariv,2024-05-02,,shas,9,,True,2026_2024,2024,2026_2024:1:30
2026_20240502_lazar,2026,Lazar,Maariv,2024-05-02,,utj,7,,True,2026_2024,2024,2026_2024:1:30
2026_20240502_lazar,2026,Lazar,Maariv,2024-05-02,,yesh_atid,13,,True,2026_2024,2024,2026_2024:1:30
2026_20240502_lazar,2026,Lazar,Maariv,2024-05-02,,yisrael_beytenu,12,,True,2026_2024,2024,2026_2024:1:30
2026_20240507_midgamprojectstatnet,2026,Midgam Project & StatNet,Channel 13,2024-05-07,,balad,0,2.9,True,2026_2024,2024,2026_2024:1:29
2026_20240507_midgamprojectstatnet,2026,Midgam Project & StatNet,Channel 13,2024-05-07,,blue_white,30,,True,2026_2024,2024,2026_2024:1:29
2026_20240507_midgamprojectstatnet,2026,Midgam Project & StatNet,Channel 13,2024-05-07,,hadash_taal,5,,True,2026_2024,2024,2026_2024:1:29
2026_20240507_midgamprojectstatnet,2026,Midgam Project & StatNet,Channel 13,2024-05-07,,labor,0,2.5,True,2026_2024,2024,2026_2024:1:29
2026_20240507_midgamprojectstatnet,2026,Midgam Project & StatNet,Channel 13,2024-05-07,,likud,19,,True,2026_2024,2024,2026_2024:1:29
2026_20240507_midgamprojectstatnet,2026,Midgam Project & StatNet,Channel 13,2024-05-07,,meretz,0,2.1,True,2026_2024,2024,2026_2024:1:29
2026_20240507_midgamprojectstatnet,2026,Midgam Project & StatNet,Channel 13,2024-05-07,,new_hope,0,1.5,True,2026_2024,2024,2026_2024:1:29
2026_20240507_midgamprojectstatnet,2026,Midgam Project & StatNet,Channel 13,2024-05-07,,otzma,12,,True,2026_2024,2024,2026_2024:1:29
2026_20240507_midgamprojectstatnet,2026,Midgam Project & StatNet,Channel 13,2024-05-07,,raam,6,,True,2026_2024,2024,2026_2024:1:29
2026_20240507_midgamprojectstatnet,2026,Midgam Project & StatNet,Channel 13,2024-05-07,,rzp,6,,True,2026_2024,2024,2026_2024:1:29
2026_20240507_midgamprojectstatnet,2026,Midgam Project & StatNet,Channel 13,2024-05-07,,shas,10,,True,2026_2024,2024,2026_2024:1:29
2026_20240507_midgamprojectstatnet,2026,Midgam Project & StatNet,Channel 13,2024-05-07,,utj,7,,True,2026_2024,2024,2026_2024:1:29
2026_20240507_midgamprojectstatnet,2026,Midgam Project & StatNet,Channel 13,2024-05-07,,yesh_atid,15,,True,2026_2024,2024,2026_2024:1:29
2026_20240507_midgamprojectstatnet,2026,Midgam Project & StatNet,Channel 13,2024-05-07,,yisrael_beytenu,10,,True,2026_2024,2024,2026_2024:1:29
2026_20240509_directpolls,2026,Direct Polls,Channel 14,2024-05-09,,blue_white,23,,True,2026_2024,2024,2026_2024:1:28
2026_20240509_directpolls,2026,Direct Polls,Channel 14,2024-05-09,,hadash_taal,4,,True,2026_2024,2024,2026_2024:1:28
2026_20240509_directpolls,2026,Direct Polls,Channel 14,2024-05-09,,labor,5,,True,2026_2024,2024,2026_2024:1:28
2026_20240509_directpolls,2026,Direct Polls,Channel 14,2024-05-09,,likud,25,,True,2026_2024,2024,2026_2024:1:28
2026_20240509_directpolls,2026,Direct Polls,Channel 14,2024-05-09,,meretz,4,,True,2026_2024,2024,2026_2024:1:28
2026_20240509_directpolls,2026,Direct Polls,Channel 14,2024-05-09,,otzma,9,,True,2026_2024,2024,2026_2024:1:28
2026_20240509_directpolls,2026,Direct Polls,Channel 14,2024-05-09,,raam,6,,True,2026_2024,2024,2026_2024:1:28
2026_20240509_directpolls,2026,Direct Polls,Channel 14,2024-05-09,,rzp,5,,True,2026_2024,2024,2026_2024:1:28
2026_20240509_directpolls,2026,Direct Polls,Channel 14,2024-05-09,,shas,10,,True,2026_2024,2024,2026_2024:1:28
2026_20240509_directpolls,2026,Direct Polls,Channel 14,2024-05-09,,utj,8,,True,2026_2024,2024,2026_2024:1:28
2026_20240509_directpolls,2026,Direct Polls,Channel 14,2024-05-09,,yesh_atid,13,,True,2026_2024,2024,2026_2024:1:28
2026_20240509_directpolls,2026,Direct Polls,Channel 14,2024-05-09,,yisrael_beytenu,8,,True,2026_2024,2024,2026_2024:1:28
2026_20240510_lazar,2026,Lazar,Maariv,2024-05-10,,balad,0,1.7,True,2026_2024,2024,2026_2024:1:27
2026_20240510_lazar,2026,Lazar,Maariv,2024-05-10,,blue_white,32,,True,2026_2024,2024,2026_2024:1:27
2026_20240510_lazar,2026,Lazar,Maariv,2024-05-10,,hadash_taal,5,,True,2026_2024,2024,2026_2024:1:27
2026_20240510_lazar,2026,Lazar,Maariv,2024-05-10,,labor,4,,True,2026_2024,2024,2026_2024:1:27
2026_20240510_lazar,2026,Lazar,Maariv,2024-05-10,,likud,17,,True,2026_2024,2024,2026_2024:1:27
2026_20240510_lazar,2026,Lazar,Maariv,2024-05-10,,meretz,4,,True,2026_2024,2024,2026_2024:1:27
2026_20240510_lazar,2026,Lazar,Maariv,2024-05-10,,new_hope,0,2.1,True,2026_2024,2024,2026_2024:1:27
2026_20240510_lazar,2026,Lazar,Maariv,2024-05-10,,otzma,9,,True,2026_2024,2024,2026_2024:1:27
2026_20240510_lazar,2026,Lazar,Maariv,2024-05-10,,raam,4,,True,2026_2024,2024,2026_2024:1:27
2026_20240510_lazar,2026,Lazar,Maariv,2024-05-10,,rzp,4,,True,2026_2024,2024,2026_2024:1:27
2026_20240510_lazar,2026,Lazar,Maariv,2024-05-10,,shas,10,,True,2026_2024,2024,2026_2024:1:27
2026_20240510_lazar,2026,Lazar,Maariv,2024-05-10,,utj,7,,True,2026_2024,2024,2026_2024:1:27
2026_20240510_lazar,2026,Lazar,Maariv,2024-05-10,,yesh_atid,13,,True,2026_2024,2024,2026_2024:1:27
2026_20240510_lazar,2026,Lazar,Maariv,2024-05-10,,yisrael_beytenu,11,,True,2026_2024,2024,2026_2024:1:27
2026_20240516_directpolls,2026,Direct Polls,Channel 14,2024-05-16,,balad,0,2.6,True,2026_2024,2024,2026_2024:1:23
2026_20240516_directpolls,2026,Direct Polls,Channel 14,2024-05-16,,blue_white,20,,True,2026_2024,2024,2026_2024:1:23
2026_20240516_directpolls,2026,Direct Polls,Channel 14,2024-05-16,,hadash_taal,4,,True,2026_2024,2024,2026_2024:1:23
2026_20240516_directpolls,2026,Direct Polls,Channel 14,2024-05-16,,labor,6,,True,2026_2024,2024,2026_2024:1:23
2026_20240516_directpolls,2026,Direct Polls,Channel 14,2024-05-16,,likud,25,,True,2026_2024,2024,2026_2024:1:23
2026_20240516_directpolls,2026,Direct Polls,Channel 14,2024-05-16,,meretz,4,,True,2026_2024,2024,2026_2024:1:23
2026_20240516_directpolls,2026,Direct Polls,Channel 14,2024-05-16,,new_hope,0,1.9,True,2026_2024,2024,2026_2024:1:23
2026_20240516_directpolls,2026,Direct Polls,Channel 14,2024-05-16,,otzma,10,,True,2026_2024,2024,2026_2024:1:23
2026_20240516_directpolls,2026,Direct Polls,Channel 14,2024-05-16,,raam,6,,True,2026_2024,2024,2026_2024:1:23
2026_20240516_directpolls,2026,Direct Polls,Channel 14,2024-05-16,,rzp,5,,True,2026_2024,2024,2026_2024:1:23
2026_20240516_directpolls,2026,Direct Polls,Channel 14,2024-05-16,,shas,10,,True,2026_2024,2024,2026_2024:1:23
2026_20240516_directpolls,2026,Direct Polls,Channel 14,2024-05-16,,utj,8,,True,2026_2024,2024,2026_2024:1:23
2026_20240516_directpolls,2026,Direct Polls,Channel 14,2024-05-16,,yesh_atid,14,,True,2026_2024,2024,2026_2024:1:23
2026_20240516_directpolls,2026,Direct Polls,Channel 14,2024-05-16,,yisrael_beytenu,8,,True,2026_2024,2024,2026_2024:1:23
2026_20240516_lazar,2026,Lazar,Maariv,2024-05-16,,balad,0,2.0,True,2026_2024,2024,2026_2024:1:26
2026_20240516_lazar,2026,Lazar,Maariv,2024-05-16,,blue_white,30,,True,2026_2024,2024,2026_2024:1:26
2026_20240516_lazar,2026,Lazar,Maariv,2024-05-16,,hadash_taal,5,,True,2026_2024,2024,2026_2024:1:26
2026_20240516_lazar,2026,Lazar,Maariv,2024-05-16,,labor,0,2.3,True,2026_2024,2024,2026_2024:1:26
2026_20240516_lazar,2026,Lazar,Maariv,2024-05-16,,likud,19,,True,2026_2024,2024,2026_2024:1:26
2026_20240516_lazar,2026,Lazar,Maariv,2024-05-16,,meretz,5,,True,2026_2024,2024,2026_2024:1:26
2026_20240516_lazar,2026,Lazar,Maariv,2024-05-16,,new_hope,0,2.4,True,2026_2024,2024,2026_2024:1:26
2026_20240516_lazar,2026,Lazar,Maariv,2024-05-16,,otzma,9,,True,2026_2024,2024,2026_2024:1:26
2026_20240516_lazar,2026,Lazar,Maariv,2024-05-16,,raam,5,,True,2026_2024,2024,2026_2024:1:26
2026_20240516_lazar,2026,Lazar,Maariv,2024-05-16,,rzp,5,,True,2026_2024,2024,2026_2024:1:26
2026_20240516_lazar,2026,Lazar,Maariv,2024-05-16,,shas,9,,True,2026_2024,2024,2026_2024:1:26
2026_20240516_lazar,2026,Lazar,Maariv,2024-05-16,,utj,7,,True,2026_2024,2024,2026_2024:1:26
2026_20240516_lazar,2026,Lazar,Maariv,2024-05-16,,yesh_atid,14,,True,2026_2024,2024,2026_2024:1:26
2026_20240516_lazar,2026,Lazar,Maariv,2024-05-16,,yisrael_beytenu,12,,True,2026_2024,2024,2026_2024:1:26
2026_20240516_midgama,2026,Midgam,HaHadashot 12,2024-05-16,,balad,0,2.5,True,2026_2024,2024,2026_2024:1:24
2026_20240516_midgama,2026,Midgam,HaHadashot 12,2024-05-16,,blue_white,29,,True,2026_2024,2024,2026_2024:1:24
2026_20240516_midgama,2026,Midgam,HaHadashot 12,2024-05-16,,hadash_taal,5,,True,2026_2024,2024,2026_2024:1:24
2026_20240516_midgama,2026,Midgam,HaHadashot 12,2024-05-16,,labor,0,1.8,True,2026_2024,2024,2026_2024:1:24
2026_20240516_midgama,2026,Midgam,HaHadashot 12,2024-05-16,,likud,19,,True,2026_2024,2024,2026_2024:1:24
2026_20240516_midgama,2026,Midgam,HaHadashot 12,2024-05-16,,meretz,4,,True,2026_2024,2024,2026_2024:1:24
2026_20240516_midgama,2026,Midgam,HaHadashot 12,2024-05-16,,new_hope,0,1.0,True,2026_2024,2024,2026_2024:1:24
2026_20240516_midgama,2026,Midgam,HaHadashot 12,2024-05-16,,otzma,9,,True,2026_2024,2024,2026_2024:1:24
2026_20240516_midgama,2026,Midgam,HaHadashot 12,2024-05-16,,raam,5,,True,2026_2024,2024,2026_2024:1:24
2026_20240516_midgama,2026,Midgam,HaHadashot 12,2024-05-16,,rzp,4,,True,2026_2024,2024,2026_2024:1:24
2026_20240516_midgama,2026,Midgam,HaHadashot 12,2024-05-16,,shas,10,,True,2026_2024,2024,2026_2024:1:24
2026_20240516_midgama,2026,Midgam,HaHadashot 12,2024-05-16,,utj,8,,True,2026_2024,2024,2026_2024:1:24
2026_20240516_midgama,2026,Midgam,HaHadashot 12,2024-05-16,,yesh_atid,16,,True,2026_2024,2024,2026_2024:1:24
2026_20240516_midgama,2026,Midgam,HaHadashot 12,2024-05-16,,yisrael_beytenu,11,,True,2026_2024,2024,2026_2024:1:24
2026_20240516_midgamb,2026,Midgam,HaHadashot 12,2024-05-16,,blue_white,27,,True,2026_2024,2024,2026_2024:1:25
2026_20240516_midgamb,2026,Midgam,HaHadashot 12,2024-05-16,,hadash_taal,5,,True,2026_2024,2024,2026_2024:1:25
2026_20240516_midgamb,2026,Midgam,HaHadashot 12,2024-05-16,,labor+meretz,8,,True,2026_2024,2024,2026_2024:1:25
2026_20240516_midgamb,2026,Midgam,HaHadashot 12,2024-05-16,,likud,19,,True,2026_2024,2024,2026_2024:1:25
2026_20240516_midgamb,2026,Midgam,HaHadashot 12,2024-05-16,,otzma,9,,True,2026_2024,2024,2026_2024:1:25
2026_20240516_midgamb,2026,Midgam,HaHadashot 12,2024-05-16,,raam,5,,True,2026_2024,2024,2026_2024:1:25
2026_20240516_midgamb,2026,Midgam,HaHadashot 12,2024-05-16,,rzp,4,,True,2026_2024,2024,2026_2024:1:25
2026_20240516_midgamb,2026,Midgam,HaHadashot 12,2024-05-16,,shas,10,,True,2026_2024,2024,2026_2024:1:25
2026_20240516_midgamb,2026,Midgam,HaHadashot 12,2024-05-16,,utj,8,,True,2026_2024,2024,2026_2024:1:25
2026_20240516_midgamb,2026,Midgam,HaHadashot 12,2024-05-16,,yesh_atid,14,,True,2026_2024,2024,2026_2024:1:25
2026_20240516_midgamb,2026,Midgam,HaHadashot 12,2024-05-16,,yisrael_beytenu,11,,True,2026_2024,2024,2026_2024:1:25
2026_20240523_kantar,2026,Kantar,Kan 11,2024-05-23,,balad,0,2.9,True,2026_2024,2024,2026_2024:1:21
2026_20240523_kantar,2026,Kantar,Kan 11,2024-05-23,,blue_white,29,,True,2026_2024,2024,2026_2024:1:21
2026_20240523_kantar,2026,Kantar,Kan 11,2024-05-23,,hadash_taal,5,,True,2026_2024,2024,2026_2024:1:21
2026_20240523_kantar,2026,Kantar,Kan 11,2024-05-23,,labor,0,1.5,True,2026_2024,2024,2026_2024:1:21
2026_20240523_kantar,2026,Kantar,Kan 11,2024-05-23,,likud,22,,True,2026_2024,2024,2026_2024:1:21
2026_20240523_kantar,2026,Kantar,Kan 11,2024-05-23,,meretz,4,,True,2026_2024,2024,2026_2024:1:21
2026_20240523_kantar,2026,Kantar,Kan 11,2024-05-23,,new_hope,0,2.5,True,2026_2024,2024,2026_2024:1:21
2026_20240523_kantar,2026,Kantar,Kan 11,2024-05-23,,otzma,9,,True,2026_2024,2024,2026_2024:1:21
2026_20240523_kantar,2026,Kantar,Kan 11,2024-05-23,,raam,4,,True,2026_2024,2024,2026_2024:1:21
2026_20240523_kantar,2026,Kantar,Kan 11,2024-05-23,,rzp,4,,True,2026_2024,2024,2026_2024:1:21
2026_20240523_kantar,2026,Kantar,Kan 11,2024-05-23,,shas,10,,True,2026_2024,2024,2026_2024:1:21
2026_20240523_kantar,2026,Kantar,Kan 11,2024-05-23,,utj,7,,True,2026_2024,2024,2026_2024:1:21
2026_20240523_kantar,2026,Kantar,Kan 11,2024-05-23,,yesh_atid,16,,True,2026_2024,2024,2026_2024:1:21
2026_20240523_kantar,2026,Kantar,Kan 11,2024-05-23,,yisrael_beytenu,10,,True,2026_2024,2024,2026_2024:1:21
2026_20240523_lazar,2026,Lazar,Maariv,2024-05-23,,balad,0,1.8,True,2026_2024,2024,2026_2024:1:22
2026_20240523_lazar,2026,Lazar,Maariv,2024-05-23,,blue_white,29,,True,2026_2024,2024,2026_2024:1:22
2026_20240523_lazar,2026,Lazar,Maariv,2024-05-23,,hadash_taal,6,,True,2026_2024,2024,2026_2024:1:22
2026_20240523_lazar,2026,Lazar,Maariv,2024-05-23,,labor,4,,True,2026_2024,2024,2026_2024:1:22
2026_20240523_lazar,2026,Lazar,Maariv,2024-05-23,,likud,20,,True,2026_2024,2024,2026_2024:1:22
2026_20240523_lazar,2026,Lazar,Maariv,2024-05-23,,meretz,5,,True,2026_2024,2024,2026_2024:1:22
2026_20240523_lazar,2026,Lazar,Maariv,2024-05-23,,new_hope,0,2.9,True,2026_2024,2024,2026_2024:1:22
2026_20240523_lazar,2026,Lazar,Maariv,2024-05-23,,otzma,10,,True,2026_2024,2024,2026_2024:1:22
2026_20240523_lazar,2026,Lazar,Maariv,2024-05-23,,raam,5,,True,2026_2024,2024,2026_2024:1:22
2026_20240523_lazar,2026,Lazar,Maariv,2024-05-23,,rzp,0,2.7,True,2026_2024,2024,2026_2024:1:22
2026_20240523_lazar,2026,Lazar,Maariv,2024-05-23,,shas,9,,True,2026_2024,2024,2026_2024:1:22
2026_20240523_lazar,2026,Lazar,Maariv,2024-05-23,,utj,7,,True,2026_2024,2024,2026_2024:1:22
2026_20240523_lazar,2026,Lazar,Maariv,2024-05-23,,yesh_atid,14,,True,2026_2024,2024,2026_2024:1:22
2026_20240523_lazar,2026,Lazar,Maariv,2024-05-23,,yisrael_beytenu,11,,True,2026_2024,2024,2026_2024:1:22
2026_20240529_midgam,2026,Midgam,HaHadashot 12,2024-05-29,,balad,0,2.0,True,2026_2024,2024,2026_2024:1:19
2026_20240529_midgam,2026,Midgam,HaHadashot 12,2024-05-29,,blue_white,25,,True,2026_2024,2024,2026_2024:1:19
2026_20240529_midgam,2026,Midgam,HaHadashot 12,2024-05-29,,hadash_taal,5,,True,2026_2024,2024,2026_2024:1:19
2026_20240529_midgam,2026,Midgam,HaHadashot 12,2024-05-29,,labor+meretz,10,,True,2026_2024,2024,2026_2024:1:19
2026_20240529_midgam,2026,Midgam,HaHadashot 12,2024-05-29,,likud,21,,True,2026_2024,2024,2026_2024:1:19
2026_20240529_midgam,2026,Midgam,HaHadashot 12,2024-05-29,,new_hope,0,2.5,True,2026_2024,2024,2026_2024:1:19
2026_20240529_midgam,2026,Midgam,HaHadashot 12,2024-05-29,,otzma,9,,True,2026_2024,2024,2026_2024:1:19
2026_20240529_midgam,2026,Midgam,HaHadashot 12,2024-05-29,,raam,5,,True,2026_2024,2024,2026_2024:1:19
2026_20240529_midgam,2026,Midgam,HaHadashot 12,2024-05-29,,rzp,5,,True,2026_2024,2024,2026_2024:1:19
2026_20240529_midgam,2026,Midgam,HaHadashot 12,2024-05-29,,shas,10,,True,2026_2024,2024,2026_2024:1:19
2026_20240529_midgam,2026,Midgam,HaHadashot 12,2024-05-29,,utj,7,,True,2026_2024,2024,2026_2024:1:19
2026_20240529_midgam,2026,Midgam,HaHadashot 12,2024-05-29,,yesh_atid,13,,True,2026_2024,2024,2026_2024:1:19
2026_20240529_midgam,2026,Midgam,HaHadashot 12,2024-05-29,,yisrael_beytenu,10,,True,2026_2024,2024,2026_2024:1:19
2026_20240530_directpolls,2026,Direct Polls,Channel 14,2024-05-30,,balad,0,2.4,True,2026_2024,2024,2026_2024:1:16
2026_20240530_directpolls,2026,Direct Polls,Channel 14,2024-05-30,,blue_white,19,,True,2026_2024,2024,2026_2024:1:16
2026_20240530_directpolls,2026,Direct Polls,Channel 14,2024-05-30,,hadash_taal,4,,True,2026_2024,2024,2026_2024:1:16
2026_20240530_directpolls,2026,Direct Polls,Channel 14,2024-05-30,,labor,8,,True,2026_2024,2024,2026_2024:1:16
2026_20240530_directpolls,2026,Direct Polls,Channel 14,2024-05-30,,likud,27,,True,2026_2024,2024,2026_2024:1:16
2026_20240530_directpolls,2026,Direct Polls,Channel 14,2024-05-30,,meretz,0,1.5,True,2026_2024,2024,2026_2024:1:16
2026_20240530_directpolls,2026,Direct Polls,Channel 14,2024-05-30,,new_hope,0,1.8,True,2026_2024,2024,2026_2024:1:16
2026_20240530_directpolls,2026,Direct Polls,Channel 14,2024-05-30,,otzma,9,,True,2026_2024,2024,2026_2024:1:16
2026_20240530_directpolls,2026,Direct Polls,Channel 14,2024-05-30,,raam,6,,True,2026_2024,2024,2026_2024:1:16
2026_20240530_directpolls,2026,Direct Polls,Channel 14,2024-05-30,,rzp,4,,True,2026_2024,2024,2026_2024:1:16
2026_20240530_directpolls,2026,Direct Polls,Channel 14,2024-05-30,,shas,10,,True,2026_2024,2024,2026_2024:1:16
2026_20240530_directpolls,2026,Direct Polls,Channel 14,2024-05-30,,utj,8,,True,2026_2024,2024,2026_2024:1:16
2026_20240530_directpolls,2026,Direct Polls,Channel 14,2024-05-30,,yesh_atid,12,,True,2026_2024,2024,2026_2024:1:16
2026_20240530_directpolls,2026,Direct Polls,Channel 14,2024-05-30,,yisrael_beytenu,13,,True,2026_2024,2024,2026_2024:1:16
2026_20240530_lazara,2026,Lazar,Maariv,2024-05-30,,balad,0,1.8,True,2026_2024,2024,2026_2024:1:17
2026_20240530_lazara,2026,Lazar,Maariv,2024-05-30,,blue_white,25,,True,2026_2024,2024,2026_2024:1:17
2026_20240530_lazara,2026,Lazar,Maariv,2024-05-30,,hadash_taal,5,,True,2026_2024,2024,2026_2024:1:17
2026_20240530_lazara,2026,Lazar,Maariv,2024-05-30,,labor,5,,True,2026_2024,2024,2026_2024:1:17
2026_20240530_lazara,2026,Lazar,Maariv,2024-05-30,,likud,22,,True,2026_2024,2024,2026_2024:1:17
2026_20240530_lazara,2026,Lazar,Maariv,2024-05-30,,meretz,4,,True,2026_2024,2024,2026_2024:1:17
2026_20240530_lazara,2026,Lazar,Maariv,2024-05-30,,new_hope,0,2.3,True,2026_2024,2024,2026_2024:1:17
2026_20240530_lazara,2026,Lazar,Maariv,2024-05-30,,otzma,10,,True,2026_2024,2024,2026_2024:1:17
2026_20240530_lazara,2026,Lazar,Maariv,2024-05-30,,raam,4,,True,2026_2024,2024,2026_2024:1:17
2026_20240530_lazara,2026,Lazar,Maariv,2024-05-30,,rzp,4,,True,2026_2024,2024,2026_2024:1:17
2026_20240530_lazara,2026,Lazar,Maariv,2024-05-30,,shas,10,,True,2026_2024,2024,2026_2024:1:17
2026_20240530_lazara,2026,Lazar,Maariv,2024-05-30,,utj,7,,True,2026_2024,2024,2026_2024:1:17
2026_20240530_lazara,2026,Lazar,Maariv,2024-05-30,,yesh_atid,14,,True,2026_2024,2024,2026_2024:1:17
2026_20240530_lazara,2026,Lazar,Maariv,2024-05-30,,yisrael_beytenu,10,,True,2026_2024,2024,2026_2024:1:17
2026_20240530_lazarb,2026,Lazar,Maariv,2024-05-30,,blue_white,25,,True,2026_2024,2024,2026_2024:1:18
2026_20240530_lazarb,2026,Lazar,Maariv,2024-05-30,,hadash_taal,5,,True,2026_2024,2024,2026_2024:1:18
2026_20240530_lazarb,2026,Lazar,Maariv,2024-05-30,,labor+meretz,10,,True,2026_2024,2024,2026_2024:1:18
2026_20240530_lazarb,2026,Lazar,Maariv,2024-05-30,,likud,22,,True,2026_2024,2024,2026_2024:1:18
2026_20240530_lazarb,2026,Lazar,Maariv,2024-05-30,,otzma,10,,True,2026_2024,2024,2026_2024:1:18
2026_20240530_lazarb,2026,Lazar,Maariv,2024-05-30,,raam,4,,True,2026_2024,2024,2026_2024:1:18
2026_20240530_lazarb,2026,Lazar,Maariv,2024-05-30,,rzp,4,,True,2026_2024,2024,2026_2024:1:18
2026_20240530_lazarb,2026,Lazar,Maariv,2024-05-30,,shas,10,,True,2026_2024,2024,2026_2024:1:18
2026_20240530_lazarb,2026,Lazar,Maariv,2024-05-30,,utj,7,,True,2026_2024,2024,2026_2024:1:18
2026_20240530_lazarb,2026,Lazar,Maariv,2024-05-30,,yesh_atid,13,,True,2026_2024,2024,2026_2024:1:18
2026_20240530_lazarb,2026,Lazar,Maariv,2024-05-30,,yisrael_beytenu,10,,True,2026_2024,2024,2026_2024:1:18
2026_20240602_kantar,2026,Kantar,Kan 11,2024-06-02,,blue_white,27,,True,2026_2024,2024,2026_2024:1:15
2026_20240602_kantar,2026,Kantar,Kan 11,2024-06-02,,hadash_taal,5,,True,2026_2024,2024,2026_2024:1:15
2026_20240602_kantar,2026,Kantar,Kan 11,2024-06-02,,labor,6,,True,2026_2024,2024,2026_2024:1:15
2026_20240602_kantar,2026,Kantar,Kan 11,2024-06-02,,likud,21,,True,2026_2024,2024,2026_2024:1:15
2026_20240602_kantar,2026,Kantar,Kan 11,2024-06-02,,otzma,9,,True,2026_2024,2024,2026_2024:1:15
2026_20240602_kantar,2026,Kantar,Kan 11,2024-06-02,,raam,5,,True,2026_2024,2024,2026_2024:1:15
2026_20240602_kantar,2026,Kantar,Kan 11,2024-06-02,,rzp,4,,True,2026_2024,2024,2026_2024:1:15
2026_20240602_kantar,2026,Kantar,Kan 11,2024-06-02,,shas,10,,True,2026_2024,2024,2026_2024:1:15
2026_20240602_kantar,2026,Kantar,Kan 11,2024-06-02,,utj,7,,True,2026_2024,2024,2026_2024:1:15
2026_20240602_kantar,2026,Kantar,Kan 11,2024-06-02,,yesh_atid,14,,True,2026_2024,2024,2026_2024:1:15
2026_20240602_kantar,2026,Kantar,Kan 11,2024-06-02,,yisrael_beytenu,12,,True,2026_2024,2024,2026_2024:1:15
2026_20240606_lazar,2026,Lazar,Maariv,2024-06-06,,balad,0,1.6,True,2026_2024,2024,2026_2024:1:14
2026_20240606_lazar,2026,Lazar,Maariv,2024-06-06,,blue_white,27,,True,2026_2024,2024,2026_2024:1:14
2026_20240606_lazar,2026,Lazar,Maariv,2024-06-06,,hadash_taal,5,,True,2026_2024,2024,2026_2024:1:14
2026_20240606_lazar,2026,Lazar,Maariv,2024-06-06,,labor,6,,True,2026_2024,2024,2026_2024:1:14
2026_20240606_lazar,2026,Lazar,Maariv,2024-06-06,,likud,20,,True,2026_2024,2024,2026_2024:1:14
2026_20240606_lazar,2026,Lazar,Maariv,2024-06-06,,meretz,0,2.8,True,2026_2024,2024,2026_2024:1:14
2026_20240606_lazar,2026,Lazar,Maariv,2024-06-06,,new_hope,0,2.8,True,2026_2024,2024,2026_2024:1:14
2026_20240606_lazar,2026,Lazar,Maariv,2024-06-06,,otzma,10,,True,2026_2024,2024,2026_2024:1:14
2026_20240606_lazar,2026,Lazar,Maariv,2024-06-06,,raam,5,,True,2026_2024,2024,2026_2024:1:14
2026_20240606_lazar,2026,Lazar,Maariv,2024-06-06,,rzp,4,,True,2026_2024,2024,2026_2024:1:14
2026_20240606_lazar,2026,Lazar,Maariv,2024-06-06,,shas,10,,True,2026_2024,2024,2026_2024:1:14
2026_20240606_lazar,2026,Lazar,Maariv,2024-06-06,,utj,7,,True,2026_2024,2024,2026_2024:1:14
2026_20240606_lazar,2026,Lazar,Maariv,2024-06-06,,yesh_atid,15,,True,2026_2024,2024,2026_2024:1:14
2026_20240606_lazar,2026,Lazar,Maariv,2024-06-06,,yisrael_beytenu,11,,True,2026_2024,2024,2026_2024:1:14
2026_20240610_directpolls,2026,Direct Polls,Channel 14,2024-06-10,,balad,0,2.8,True,2026_2024,2024,2026_2024:1:11
2026_20240610_directpolls,2026,Direct Polls,Channel 14,2024-06-10,,blue_white,17,,True,2026_2024,2024,2026_2024:1:11
2026_20240610_directpolls,2026,Direct Polls,Channel 14,2024-06-10,,hadash_taal,4,,True,2026_2024,2024,2026_2024:1:11
2026_20240610_directpolls,2026,Direct Polls,Channel 14,2024-06-10,,labor,9,,True,2026_2024,2024,2026_2024:1:11
2026_20240610_directpolls,2026,Direct Polls,Channel 14,2024-06-10,,likud,26,,True,2026_2024,2024,2026_2024:1:11
2026_20240610_directpolls,2026,Direct Polls,Channel 14,2024-06-10,,meretz,0,1.2,True,2026_2024,2024,2026_2024:1:11
2026_20240610_directpolls,2026,Direct Polls,Channel 14,2024-06-10,,new_hope,0,2.9,True,2026_2024,2024,2026_2024:1:11
2026_20240610_directpolls,2026,Direct Polls,Channel 14,2024-06-10,,otzma,10,,True,2026_2024,2024,2026_2024:1:11
2026_20240610_directpolls,2026,Direct Polls,Channel 14,2024-06-10,,raam,6,,True,2026_2024,2024,2026_2024:1:11
2026_20240610_directpolls,2026,Direct Polls,Channel 14,2024-06-10,,rzp,5,,True,2026_2024,2024,2026_2024:1:11
2026_20240610_directpolls,2026,Direct Polls,Channel 14,2024-06-10,,shas,10,,True,2026_2024,2024,2026_2024:1:11
2026_20240610_directpolls,2026,Direct Polls,Channel 14,2024-06-10,,utj,8,,True,2026_2024,2024,2026_2024:1:11
2026_20240610_directpolls,2026,Direct Polls,Channel 14,2024-06-10,,yesh_atid,12,,True,2026_2024,2024,2026_2024:1:11
2026_20240610_directpolls,2026,Direct Polls,Channel 14,2024-06-10,,yisrael_beytenu,13,,True,2026_2024,2024,2026_2024:1:11
2026_20240610_kantar,2026,Kantar,Kan 11,2024-06-10,,balad,0,2.8,True,2026_2024,2024,2026_2024:1:9
2026_20240610_kantar,2026,Kantar,Kan 11,2024-06-10,,blue_white,23,,True,2026_2024,2024,2026_2024:1:9
2026_20240610_kantar,2026,Kantar,Kan 11,2024-06-10,,hadash_taal,5,,True,2026_2024,2024,2026_2024:1:9
2026_20240610_kantar,2026,Kantar,Kan 11,2024-06-10,,labor,7,,True,2026_2024,2024,2026_2024:1:9
2026_20240610_kantar,2026,Kantar,Kan 11,2024-06-10,,likud,22,,True,2026_2024,2024,2026_2024:1:9
2026_20240610_kantar,2026,Kantar,Kan 11,2024-06-10,,meretz,0,1.8,True,2026_2024,2024,2026_2024:1:9
2026_20240610_kantar,2026,Kantar,Kan 11,2024-06-10,,new_hope,0,1.4,True,2026_2024,2024,2026_2024:1:9
2026_20240610_kantar,2026,Kantar,Kan 11,2024-06-10,,otzma,9,,True,2026_2024,2024,2026_2024:1:9
2026_20240610_kantar,2026,Kantar,Kan 11,2024-06-10,,raam,5,,True,2026_2024,2024,2026_2024:1:9
2026_20240610_kantar,2026,Kantar,Kan 11,2024-06-10,,rzp,4,,True,2026_2024,2024,2026_2024:1:9
2026_20240610_kantar,2026,Kantar,Kan 11,2024-06-10,,shas,10,,True,2026_2024,2024,2026_2024:1:9
2026_20240610_kantar,2026,Kantar,Kan 11,2024-06-10,,utj,7,,True,2026_2024,2024,2026_2024:1:9
2026_20240610_kantar,2026,Kantar,Kan 11,2024-06-10,,yesh_atid,16,,True,2026_2024,2024,2026_2024:1:9
2026_20240610_kantar,2026,Kantar,Kan 11,2024-06-10,,yisrael_beytenu,12,,True,2026_2024,2024,2026_2024:1:9
2026_20240610_maagarmochot,2026,Maagar Mochot,Channel 13,2024-06-10,,balad,0,2.8,True,2026_2024,2024,2026_2024:1:12
2026_20240610_maagarmochot,2026,Maagar Mochot,Channel 13,2024-06-10,,blue_white,25,,True,2026_2024,2024,2026_2024:1:12
2026_20240610_maagarmochot,2026,Maagar Mochot,Channel 13,2024-06-10,,hadash_taal,5,,True,2026_2024,2024,2026_2024:1:12
2026_20240610_maagarmochot,2026,Maagar Mochot,Channel 13,2024-06-10,,labor+meretz,9,,True,2026_2024,2024,2026_2024:1:12
2026_20240610_maagarmochot,2026,Maagar Mochot,Channel 13,2024-06-10,,likud,20,,True,2026_2024,2024,2026_2024:1:12
2026_20240610_maagarmochot,2026,Maagar Mochot,Channel 13,2024-06-10,,new_hope,0,2.6,True,2026_2024,2024,2026_2024:1:12
2026_20240610_maagarmochot,2026,Maagar Mochot,Channel 13,2024-06-10,,otzma,9,,True,2026_2024,2024,2026_2024:1:12
2026_20240610_maagarmochot,2026,Maagar Mochot,Channel 13,2024-06-10,,raam,5,,True,2026_2024,2024,2026_2024:1:12
2026_20240610_maagarmochot,2026,Maagar Mochot,Channel 13,2024-06-10,,rzp,5,,True,2026_2024,2024,2026_2024:1:12
2026_20240610_maagarmochot,2026,Maagar Mochot,Channel 13,2024-06-10,,shas,10,,True,2026_2024,2024,2026_2024:1:12
2026_20240610_maagarmochot,2026,Maagar Mochot,Channel 13,2024-06-10,,utj,7,,True,2026_2024,2024,2026_2024:1:12
2026_20240610_maagarmochot,2026,Maagar Mochot,Channel 13,2024-06-10,,yesh_atid,13,,True,2026_2024,2024,2026_2024:1:12
2026_20240610_maagarmochot,2026,Maagar Mochot,Channel 13,2024-06-10,,yisrael_beytenu,12,,True,2026_2024,2024,2026_2024:1:12
2026_20240610_midgam,2026,Midgam,HaHadashot 12,2024-06-10,,balad,0,2.6,True,2026_2024,2024,2026_2024:1:10
2026_20240610_midgam,2026,Midgam,HaHadashot 12,2024-06-10,,blue_white,22,,True,2026_2024,2024,2026_2024:1:10
2026_20240610_midgam,2026,Midgam,HaHadashot 12,2024-06-10,,hadash_taal,5,,True,2026_2024,2024,2026_2024:1:10
2026_20240610_midgam,2026,Midgam,HaHadashot 12,2024-06-10,,labor+meretz,9,,True,2026_2024,2024,2026_2024:1:10
2026_20240610_midgam,2026,Midgam,HaHadashot 12,2024-06-10,,likud,19,,True,2026_2024,2024,2026_2024:1:10
2026_20240610_midgam,2026,Midgam,HaHadashot 12,2024-06-10,,new_hope,0,1.6,True,2026_2024,2024,2026_2024:1:10
2026_20240610_midgam,2026,Midgam,HaHadashot 12,2024-06-10,,otzma,10,,True,2026_2024,2024,2026_2024:1:10
2026_20240610_midgam,2026,Midgam,HaHadashot 12,2024-06-10,,raam,5,,True,2026_2024,2024,2026_2024:1:10
2026_20240610_midgam,2026,Midgam,HaHadashot 12,2024-06-10,,rzp,4,,True,2026_2024,2024,2026_2024:1:10
2026_20240610_midgam,2026,Midgam,HaHadashot 12,2024-06-10,,shas,10,,True,2026_2024,2024,2026_2024:1:10
2026_20240610_midgam,2026,Midgam,HaHadashot 12,2024-06-10,,utj,8,,True,2026_2024,2024,2026_2024:1:10
2026_20240610_midgam,2026,Midgam,HaHadashot 12,2024-06-10,,yesh_atid,15,,True,2026_2024,2024,2026_2024:1:10
2026_20240610_midgam,2026,Midgam,HaHadashot 12,2024-06-10,,yisrael_beytenu,13,,True,2026_2024,2024,2026_2024:1:10
2026_20240613_lazar,2026,Lazar,Maariv,2024-06-13,,balad,0,1.6,True,2026_2024,2024,2026_2024:1:8
2026_20240613_lazar,2026,Lazar,Maariv,2024-06-13,,blue_white,24,,True,2026_2024,2024,2026_2024:1:8
2026_20240613_lazar,2026,Lazar,Maariv,2024-06-13,,hadash_taal,5,,True,2026_2024,2024,2026_2024:1:8
2026_20240613_lazar,2026,Lazar,Maariv,2024-06-13,,labor,5,,True,2026_2024,2024,2026_2024:1:8
2026_20240613_lazar,2026,Lazar,Maariv,2024-06-13,,likud,21,,True,2026_2024,2024,2026_2024:1:8
2026_20240613_lazar,2026,Lazar,Maariv,2024-06-13,,meretz,0,1.9,True,2026_2024,2024,2026_2024:1:8
2026_20240613_lazar,2026,Lazar,Maariv,2024-06-13,,new_hope,0,2.7,True,2026_2024,2024,2026_2024:1:8
2026_20240613_lazar,2026,Lazar,Maariv,2024-06-13,,otzma,9,,True,2026_2024,2024,2026_2024:1:8
2026_20240613_lazar,2026,Lazar,Maariv,2024-06-13,,raam,5,,True,2026_2024,2024,2026_2024:1:8
2026_20240613_lazar,2026,Lazar,Maariv,2024-06-13,,rzp,5,,True,2026_2024,2024,2026_2024:1:8
2026_20240613_lazar,2026,Lazar,Maariv,2024-06-13,,shas,10,,True,2026_2024,2024,2026_2024:1:8
2026_20240613_lazar,2026,Lazar,Maariv,2024-06-13,,utj,7,,True,2026_2024,2024,2026_2024:1:8
2026_20240613_lazar,2026,Lazar,Maariv,2024-06-13,,yesh_atid,15,,True,2026_2024,2024,2026_2024:1:8
2026_20240613_lazar,2026,Lazar,Maariv,2024-06-13,,yisrael_beytenu,14,,True,2026_2024,2024,2026_2024:1:8
2026_20240619_lazar,2026,Lazar,Maariv,2024-06-19,,balad,0,1.5,True,2026_2024,2024,2026_2024:1:7
2026_20240619_lazar,2026,Lazar,Maariv,2024-06-19,,blue_white,23,,True,2026_2024,2024,2026_2024:1:7
2026_20240619_lazar,2026,Lazar,Maariv,2024-06-19,,hadash_taal,5,,True,2026_2024,2024,2026_2024:1:7
2026_20240619_lazar,2026,Lazar,Maariv,2024-06-19,,labor,5,,True,2026_2024,2024,2026_2024:1:7
2026_20240619_lazar,2026,Lazar,Maariv,2024-06-19,,likud,22,,True,2026_2024,2024,2026_2024:1:7
2026_20240619_lazar,2026,Lazar,Maariv,2024-06-19,,meretz,4,,True,2026_2024,2024,2026_2024:1:7
2026_20240619_lazar,2026,Lazar,Maariv,2024-06-19,,new_hope,0,2.4,True,2026_2024,2024,2026_2024:1:7
2026_20240619_lazar,2026,Lazar,Maariv,2024-06-19,,otzma,9,,True,2026_2024,2024,2026_2024:1:7
2026_20240619_lazar,2026,Lazar,Maariv,2024-06-19,,raam,5,,True,2026_2024,2024,2026_2024:1:7
2026_20240619_lazar,2026,Lazar,Maariv,2024-06-19,,rzp,0,2.7,True,2026_2024,2024,2026_2024:1:7
2026_20240619_lazar,2026,Lazar,Maariv,2024-06-19,,shas,10,,True,2026_2024,2024,2026_2024:1:7
2026_20240619_lazar,2026,Lazar,Maariv,2024-06-19,,utj,7,,True,2026_2024,2024,2026_2024:1:7
2026_20240619_lazar,2026,Lazar,Maariv,2024-06-19,,yesh_atid,16,,True,2026_2024,2024,2026_2024:1:7
2026_20240619_lazar,2026,Lazar,Maariv,2024-06-19,,yisrael_beytenu,14,,True,2026_2024,2024,2026_2024:1:7
2026_20240620_directpolls,2026,Direct Polls,Channel 14,2024-06-20,,balad,0,2.5,True,2026_2024,2024,2026_2024:1:6
2026_20240620_directpolls,2026,Direct Polls,Channel 14,2024-06-20,,blue_white,18,,True,2026_2024,2024,2026_2024:1:6
2026_20240620_directpolls,2026,Direct Polls,Channel 14,2024-06-20,,hadash_taal,4,,True,2026_2024,2024,2026_2024:1:6
2026_20240620_directpolls,2026,Direct Polls,Channel 14,2024-06-20,,labor,8,,True,2026_2024,2024,2026_2024:1:6
2026_20240620_directpolls,2026,Direct Polls,Channel 14,2024-06-20,,likud,24,,True,2026_2024,2024,2026_2024:1:6
2026_20240620_directpolls,2026,Direct Polls,Channel 14,2024-06-20,,meretz,0,2.1,True,2026_2024,2024,2026_2024:1:6
2026_20240620_directpolls,2026,Direct Polls,Channel 14,2024-06-20,,new_hope,0,1.3,True,2026_2024,2024,2026_2024:1:6
2026_20240620_directpolls,2026,Direct Polls,Channel 14,2024-06-20,,otzma,10,,True,2026_2024,2024,2026_2024:1:6
2026_20240620_directpolls,2026,Direct Polls,Channel 14,2024-06-20,,raam,6,,True,2026_2024,2024,2026_2024:1:6
2026_20240620_directpolls,2026,Direct Polls,Channel 14,2024-06-20,,rzp,5,,True,2026_2024,2024,2026_2024:1:6
2026_20240620_directpolls,2026,Direct Polls,Channel 14,2024-06-20,,shas,10,,True,2026_2024,2024,2026_2024:1:6
2026_20240620_directpolls,2026,Direct Polls,Channel 14,2024-06-20,,utj,8,,True,2026_2024,2024,2026_2024:1:6
2026_20240620_directpolls,2026,Direct Polls,Channel 14,2024-06-20,,yesh_atid,13,,True,2026_2024,2024,2026_2024:1:6
2026_20240620_directpolls,2026,Direct Polls,Channel 14,2024-06-20,,yisrael_beytenu,14,,True,2026_2024,2024,2026_2024:1:6
2026_20240623_maagarmochot,2026,Maagar Mochot,Channel 13,2024-06-23,,balad,0,2.9,True,2026_2024,2024,2026_2024:1:5
2026_20240623_maagarmochot,2026,Maagar Mochot,Channel 13,2024-06-23,,blue_white,25,,True,2026_2024,2024,2026_2024:1:5
2026_20240623_maagarmochot,2026,Maagar Mochot,Channel 13,2024-06-23,,hadash_taal,5,,True,2026_2024,2024,2026_2024:1:5
2026_20240623_maagarmochot,2026,Maagar Mochot,Channel 13,2024-06-23,,labor+meretz,10,,True,2026_2024,2024,2026_2024:1:5
2026_20240623_maagarmochot,2026,Maagar Mochot,Channel 13,2024-06-23,,likud,21,,True,2026_2024,2024,2026_2024:1:5
2026_20240623_maagarmochot,2026,Maagar Mochot,Channel 13,2024-06-23,,new_hope,0,2.4,True,2026_2024,2024,2026_2024:1:5
2026_20240623_maagarmochot,2026,Maagar Mochot,Channel 13,2024-06-23,,otzma,10,,True,2026_2024,2024,2026_2024:1:5
2026_20240623_maagarmochot,2026,Maagar Mochot,Channel 13,2024-06-23,,raam,4,,True,2026_2024,2024,2026_2024:1:5
2026_20240623_maagarmochot,2026,Maagar Mochot,Channel 13,2024-06-23,,rzp,5,,True,2026_2024,2024,2026_2024:1:5
2026_20240623_maagarmochot,2026,Maagar Mochot,Channel 13,2024-06-23,,shas,9,,True,2026_2024,2024,2026_2024:1:5
2026_20240623_maagarmochot,2026,Maagar Mochot,Channel 13,2024-06-23,,utj,8,,True,2026_2024,2024,2026_2024:1:5
2026_20240623_maagarmochot,2026,Maagar Mochot,Channel 13,2024-06-23,,yesh_atid,12,,True,2026_2024,2024,2026_2024:1:5
2026_20240623_maagarmochot,2026,Maagar Mochot,Channel 13,2024-06-23,,yisrael_beytenu,11,,True,2026_2024,2024,2026_2024:1:5
2026_20240624_midgam,2026,Midgam,HaHadashot 12,2024-06-24,,balad,0,2.6,True,2026_2024,2024,2026_2024:1:4
2026_20240624_midgam,2026,Midgam,HaHadashot 12,2024-06-24,,blue_white,23,,True,2026_2024,2024,2026_2024:1:4
2026_20240624_midgam,2026,Midgam,HaHadashot 12,2024-06-24,,hadash_taal,5,,True,2026_2024,2024,2026_2024:1:4
2026_20240624_midgam,2026,Midgam,HaHadashot 12,2024-06-24,,labor+meretz,11,,True,2026_2024,2024,2026_2024:1:4
2026_20240624_midgam,2026,Midgam,HaHadashot 12,2024-06-24,,likud,20,,True,2026_2024,2024,2026_2024:1:4
2026_20240624_midgam,2026,Midgam,HaHadashot 12,2024-06-24,,new_hope,0,2.8,True,2026_2024,2024,2026_2024:1:4
2026_20240624_midgam,2026,Midgam,HaHadashot 12,2024-06-24,,otzma,9,,True,2026_2024,2024,2026_2024:1:4
2026_20240624_midgam,2026,Midgam,HaHadashot 12,2024-06-24,,raam,5,,True,2026_2024,2024,2026_2024:1:4
2026_20240624_midgam,2026,Midgam,HaHadashot 12,2024-06-24,,rzp,0,2.0,True,2026_2024,2024,2026_2024:1:4
2026_20240624_midgam,2026,Midgam,HaHadashot 12,2024-06-24,,shas,10,,True,2026_2024,2024,2026_2024:1:4
2026_20240624_midgam,2026,Midgam,HaHadashot 12,2024-06-24,,utj,8,,True,2026_2024,2024,2026_2024:1:4
2026_20240624_midgam,2026,Midgam,HaHadashot 12,2024-06-24,,yesh_atid,15,,True,2026_2024,2024,2026_2024:1:4
2026_20240624_midgam,2026,Midgam,HaHadashot 12,2024-06-24,,yisrael_beytenu,14,,True,2026_2024,2024,2026_2024:1:4
2026_20240625_directpolls,2026,Direct Polls,Channel 14,2024-06-25,,balad,0,2.4,True,2026_2024,2024,2026_2024:1:3
2026_20240625_directpolls,2026,Direct Polls,Channel 14,2024-06-25,,blue_white,17,,True,2026_2024,2024,2026_2024:1:3
2026_20240625_directpolls,2026,Direct Polls,Channel 14,2024-06-25,,hadash_taal,4,,True,2026_2024,2024,2026_2024:1:3
2026_20240625_directpolls,2026,Direct Polls,Channel 14,2024-06-25,,labor,8,,True,2026_2024,2024,2026_2024:1:3
2026_20240625_directpolls,2026,Direct Polls,Channel 14,2024-06-25,,likud,26,,True,2026_2024,2024,2026_2024:1:3
2026_20240625_directpolls,2026,Direct Polls,Channel 14,2024-06-25,,meretz,0,1.4,True,2026_2024,2024,2026_2024:1:3
2026_20240625_directpolls,2026,Direct Polls,Channel 14,2024-06-25,,new_hope,0,1.0,True,2026_2024,2024,2026_2024:1:3
2026_20240625_directpolls,2026,Direct Polls,Channel 14,2024-06-25,,otzma,8,,True,2026_2024,2024,2026_2024:1:3
2026_20240625_directpolls,2026,Direct Polls,Channel 14,2024-06-25,,raam,6,,True,2026_2024,2024,2026_2024:1:3
2026_20240625_directpolls,2026,Direct Polls,Channel 14,2024-06-25,,rzp,6,,True,2026_2024,2024,2026_2024:1:3
2026_20240625_directpolls,2026,Direct Polls,Channel 14,2024-06-25,,shas,10,,True,2026_2024,2024,2026_2024:1:3
2026_20240625_directpolls,2026,Direct Polls,Channel 14,2024-06-25,,utj,8,,True,2026_2024,2024,2026_2024:1:3
2026_20240625_directpolls,2026,Direct Polls,Channel 14,2024-06-25,,yesh_atid,13,,True,2026_2024,2024,2026_2024:1:3
2026_20240625_directpolls,2026,Direct Polls,Channel 14,2024-06-25,,yisrael_beytenu,14,,True,2026_2024,2024,2026_2024:1:3
2026_20240628_lazar,2026,Lazar,Maariv,2024-06-28,,balad,0,1.7,True,2026_2024,2024,2026_2024:1:2
2026_20240628_lazar,2026,Lazar,Maariv,2024-06-28,,blue_white,24,,True,2026_2024,2024,2026_2024:1:2
2026_20240628_lazar,2026,Lazar,Maariv,2024-06-28,,hadash_taal,5,,True,2026_2024,2024,2026_2024:1:2
2026_20240628_lazar,2026,Lazar,Maariv,2024-06-28,,labor,6,,True,2026_2024,2024,2026_2024:1:2
2026_20240628_lazar,2026,Lazar,Maariv,2024-06-28,,likud,21,,True,2026_2024,2024,2026_2024:1:2
2026_20240628_lazar,2026,Lazar,Maariv,2024-06-28,,meretz,4,,True,2026_2024,2024,2026_2024:1:2
2026_20240628_lazar,2026,Lazar,Maariv,2024-06-28,,new_hope,0,1.8,True,2026_2024,2024,2026_2024:1:2
2026_20240628_lazar,2026,Lazar,Maariv,2024-06-28,,otzma,9,,True,2026_2024,2024,2026_2024:1:2
2026_20240628_lazar,2026,Lazar,Maariv,2024-06-28,,raam,5,,True,2026_2024,2024,2026_2024:1:2
2026_20240628_lazar,2026,Lazar,Maariv,2024-06-28,,rzp,0,2.4,True,2026_2024,2024,2026_2024:1:2
2026_20240628_lazar,2026,Lazar,Maariv,2024-06-28,,shas,10,,True,2026_2024,2024,2026_2024:1:2
2026_20240628_lazar,2026,Lazar,Maariv,2024-06-28,,utj,7,,True,2026_2024,2024,2026_2024:1:2
2026_20240628_lazar,2026,Lazar,Maariv,2024-06-28,,yesh_atid,15,,True,2026_2024,2024,2026_2024:1:2
2026_20240628_lazar,2026,Lazar,Maariv,2024-06-28,,yisrael_beytenu,14,,True,2026_2024,2024,2026_2024:1:2
2026_20240704_directpolls,2026,Direct Polls,Channel 14,2024-07-04,,balad,0,2.5,True,2026_2024,2024,2026_2024:0:89
2026_20240704_directpolls,2026,Direct Polls,Channel 14,2024-07-04,,blue_white,17,,True,2026_2024,2024,2026_2024:0:89
2026_20240704_directpolls,2026,Direct Polls,Channel 14,2024-07-04,,democrats,10,,True,2026_2024,2024,2026_2024:0:89
2026_20240704_directpolls,2026,Direct Polls,Channel 14,2024-07-04,,hadash_taal,4,,True,2026_2024,2024,2026_2024:0:89
2026_20240704_directpolls,2026,Direct Polls,Channel 14,2024-07-04,,likud,24,,True,2026_2024,2024,2026_2024:0:89
2026_20240704_directpolls,2026,Direct Polls,Channel 14,2024-07-04,,new_hope,0,0.9,True,2026_2024,2024,2026_2024:0:89
2026_20240704_directpolls,2026,Direct Polls,Channel 14,2024-07-04,,otzma,9,,True,2026_2024,2024,2026_2024:0:89
2026_20240704_directpolls,2026,Direct Polls,Channel 14,2024-07-04,,raam,6,,True,2026_2024,2024,2026_2024:0:89
2026_20240704_directpolls,2026,Direct Polls,Channel 14,2024-07-04,,rzp,6,,True,2026_2024,2024,2026_2024:0:89
2026_20240704_directpolls,2026,Direct Polls,Channel 14,2024-07-04,,shas,10,,True,2026_2024,2024,2026_2024:0:89
2026_20240704_directpolls,2026,Direct Polls,Channel 14,2024-07-04,,utj,8,,True,2026_2024,2024,2026_2024:0:89
2026_20240704_directpolls,2026,Direct Polls,Channel 14,2024-07-04,,yesh_atid,13,,True,2026_2024,2024,2026_2024:0:89
2026_20240704_directpolls,2026,Direct Polls,Channel 14,2024-07-04,,yisrael_beytenu,13,,True,2026_2024,2024,2026_2024:0:89
2026_20240707_maagarmochot,2026,Maagar Mochot,Channel 13,2024-07-07,,balad,0,2.7,True,2026_2024,2024,2026_2024:0:88
2026_20240707_maagarmochot,2026,Maagar Mochot,Channel 13,2024-07-07,,blue_white,25,,True,2026_2024,2024,2026_2024:0:88
2026_20240707_maagarmochot,2026,Maagar Mochot,Channel 13,2024-07-07,,democrats,9,,True,2026_2024,2024,2026_2024:0:88
2026_20240707_maagarmochot,2026,Maagar Mochot,Channel 13,2024-07-07,,hadash_taal,4,,True,2026_2024,2024,2026_2024:0:88
2026_20240707_maagarmochot,2026,Maagar Mochot,Channel 13,2024-07-07,,likud,21,,True,2026_2024,2024,2026_2024:0:88
2026_20240707_maagarmochot,2026,Maagar Mochot,Channel 13,2024-07-07,,new_hope,0,2.2,True,2026_2024,2024,2026_2024:0:88
2026_20240707_maagarmochot,2026,Maagar Mochot,Channel 13,2024-07-07,,otzma,10,,True,2026_2024,2024,2026_2024:0:88
2026_20240707_maagarmochot,2026,Maagar Mochot,Channel 13,2024-07-07,,raam,4,,True,2026_2024,2024,2026_2024:0:88
2026_20240707_maagarmochot,2026,Maagar Mochot,Channel 13,2024-07-07,,rzp,4,,True,2026_2024,2024,2026_2024:0:88
2026_20240707_maagarmochot,2026,Maagar Mochot,Channel 13,2024-07-07,,shas,10,,True,2026_2024,2024,2026_2024:0:88
2026_20240707_maagarmochot,2026,Maagar Mochot,Channel 13,2024-07-07,,utj,8,,True,2026_2024,2024,2026_2024:0:88
2026_20240707_maagarmochot,2026,Maagar Mochot,Channel 13,2024-07-07,,yesh_atid,13,,True,2026_2024,2024,2026_2024:0:88
2026_20240707_maagarmochot,2026,Maagar Mochot,Channel 13,2024-07-07,,yisrael_beytenu,12,,True,2026_2024,2024,2026_2024:0:88
2026_20240709_timorgroup,2026,Timor Group,i24 News,2024-07-09,,blue_white,22,,True,2026_2024,2024,2026_2024:0:87
2026_20240709_timorgroup,2026,Timor Group,i24 News,2024-07-09,,democrats,8,,True,2026_2024,2024,2026_2024:0:87
2026_20240709_timorgroup,2026,Timor Group,i24 News,2024-07-09,,hadash_taal,5,,True,2026_2024,2024,2026_2024:0:87
2026_20240709_timorgroup,2026,Timor Group,i24 News,2024-07-09,,likud,21,,True,2026_2024,2024,2026_2024:0:87
2026_20240709_timorgroup,2026,Timor Group,i24 News,2024-07-09,,otzma,10,,True,2026_2024,2024,2026_2024:0:87
2026_20240709_timorgroup,2026,Timor Group,i24 News,2024-07-09,,raam,6,,True,2026_2024,2024,2026_2024:0:87
2026_20240709_timorgroup,2026,Timor Group,i24 News,2024-07-09,,shas,11,,True,2026_2024,2024,2026_2024:0:87
2026_20240709_timorgroup,2026,Timor Group,i24 News,2024-07-09,,utj,8,,True,2026_2024,2024,2026_2024:0:87
2026_20240709_timorgroup,2026,Timor Group,i24 News,2024-07-09,,yesh_atid,15,,True,2026_2024,2024,2026_2024:0:87
2026_20240709_timorgroup,2026,Timor Group,i24 News,2024-07-09,,yisrael_beytenu,14,,True,2026_2024,2024,2026_2024:0:87
2026_20240711_lazar,2026,Lazar,Maariv,2024-07-11,,balad,0,1.4,True,2026_2024,2024,2026_2024:0:86
2026_20240711_lazar,2026,Lazar,Maariv,2024-07-11,,blue_white,24,,True,2026_2024,2024,2026_2024:0:86
2026_20240711_lazar,2026,Lazar,Maariv,2024-07-11,,democrats,9,,True,2026_2024,2024,2026_2024:0:86
2026_20240711_lazar,2026,Lazar,Maariv,2024-07-11,,hadash_taal,5,,True,2026_2024,2024,2026_2024:0:86
2026_20240711_lazar,2026,Lazar,Maariv,2024-07-11,,likud,20,,True,2026_2024,2024,2026_2024:0:86
2026_20240711_lazar,2026,Lazar,Maariv,2024-07-11,,new_hope,0,1.7,True,2026_2024,2024,2026_2024:0:86
2026_20240711_lazar,2026,Lazar,Maariv,2024-07-11,,otzma,10,,True,2026_2024,2024,2026_2024:0:86
2026_20240711_lazar,2026,Lazar,Maariv,2024-07-11,,raam,5,,True,2026_2024,2024,2026_2024:0:86
2026_20240711_lazar,2026,Lazar,Maariv,2024-07-11,,rzp,4,,True,2026_2024,2024,2026_2024:0:86
2026_20240711_lazar,2026,Lazar,Maariv,2024-07-11,,shas,9,,True,2026_2024,2024,2026_2024:0:86
2026_20240711_lazar,2026,Lazar,Maariv,2024-07-11,,utj,7,,True,2026_2024,2024,2026_2024:0:86
2026_20240711_lazar,2026,Lazar,Maariv,2024-07-11,,yesh_atid,13,,True,2026_2024,2024,2026_2024:0:86
2026_20240711_lazar,2026,Lazar,Maariv,2024-07-11,,yisrael_beytenu,14,,True,2026_2024,2024,2026_2024:0:86
2026_20240717_lazar,2026,Lazar,Maariv,2024-07-17,,balad,0,1.8,True,2026_2024,2024,2026_2024:0:84
2026_20240717_lazar,2026,Lazar,Maariv,2024-07-17,,blue_white,23,,True,2026_2024,2024,2026_2024:0:84
2026_20240717_lazar,2026,Lazar,Maariv,2024-07-17,,democrats,9,,True,2026_2024,2024,2026_2024:0:84
2026_20240717_lazar,2026,Lazar,Maariv,2024-07-17,,hadash_taal,6,,True,2026_2024,2024,2026_2024:0:84
2026_20240717_lazar,2026,Lazar,Maariv,2024-07-17,,likud,21,,True,2026_2024,2024,2026_2024:0:84
2026_20240717_lazar,2026,Lazar,Maariv,2024-07-17,,new_hope,0,2.3,True,2026_2024,2024,2026_2024:0:84
2026_20240717_lazar,2026,Lazar,Maariv,2024-07-17,,otzma,10,,True,2026_2024,2024,2026_2024:0:84
2026_20240717_lazar,2026,Lazar,Maariv,2024-07-17,,raam,4,,True,2026_2024,2024,2026_2024:0:84
2026_20240717_lazar,2026,Lazar,Maariv,2024-07-17,,rzp,4,,True,2026_2024,2024,2026_2024:0:84
2026_20240717_lazar,2026,Lazar,Maariv,2024-07-17,,shas,9,,True,2026_2024,2024,2026_2024:0:84
2026_20240717_lazar,2026,Lazar,Maariv,2024-07-17,,utj,7,,True,2026_2024,2024,2026_2024:0:84
2026_20240717_lazar,2026,Lazar,Maariv,2024-07-17,,yesh_atid,13,,True,2026_2024,2024,2026_2024:0:84
2026_20240717_lazar,2026,Lazar,Maariv,2024-07-17,,yisrael_beytenu,14,,True,2026_2024,2024,2026_2024:0:84
2026_20240725_maagarmochot,2026,Maagar Mochot,Channel 13,2024-07-25,,balad,0,2.9,True,2026_2024,2024,2026_2024:0:83
2026_20240725_maagarmochot,2026,Maagar Mochot,Channel 13,2024-07-25,,blue_white,23,,True,2026_2024,2024,2026_2024:0:83
2026_20240725_maagarmochot,2026,Maagar Mochot,Channel 13,2024-07-25,,democrats,8,,True,2026_2024,2024,2026_2024:0:83
2026_20240725_maagarmochot,2026,Maagar Mochot,Channel 13,2024-07-25,,hadash_taal,6,,True,2026_2024,2024,2026_2024:0:83
2026_20240725_maagarmochot,2026,Maagar Mochot,Channel 13,2024-07-25,,likud,21,,True,2026_2024,2024,2026_2024:0:83
2026_20240725_maagarmochot,2026,Maagar Mochot,Channel 13,2024-07-25,,new_hope,0,2.6,True,2026_2024,2024,2026_2024:0:83
2026_20240725_maagarmochot,2026,Maagar Mochot,Channel 13,2024-07-25,,otzma,11,,True,2026_2024,2024,2026_2024:0:83
2026_20240725_maagarmochot,2026,Maagar Mochot,Channel 13,2024-07-25,,raam,5,,True,2026_2024,2024,2026_2024:0:83
2026_20240725_maagarmochot,2026,Maagar Mochot,Channel 13,2024-07-25,,rzp,5,,True,2026_2024,2024,2026_2024:0:83
2026_20240725_maagarmochot,2026,Maagar Mochot,Channel 13,2024-07-25,,shas,9,,True,2026_2024,2024,2026_2024:0:83
2026_20240725_maagarmochot,2026,Maagar Mochot,Channel 13,2024-07-25,,utj,7,,True,2026_2024,2024,2026_2024:0:83
2026_20240725_maagarmochot,2026,Maagar Mochot,Channel 13,2024-07-25,,yesh_atid,13,,True,2026_2024,2024,2026_2024:0:83
2026_20240725_maagarmochot,2026,Maagar Mochot,Channel 13,2024-07-25,,yisrael_beytenu,12,,True,2026_2024,2024,2026_2024:0:83
2026_20240726_lazar,2026,Lazar,Maariv,2024-07-26,,balad,0,2.2,True,2026_2024,2024,2026_2024:0:82
2026_20240726_lazar,2026,Lazar,Maariv,2024-07-26,,blue_white,23,,True,2026_2024,2024,2026_2024:0:82
2026_20240726_lazar,2026,Lazar,Maariv,2024-07-26,,democrats,8,,True,2026_2024,2024,2026_2024:0:82
2026_20240726_lazar,2026,Lazar,Maariv,2024-07-26,,hadash_taal,6,,True,2026_2024,2024,2026_2024:0:82
2026_20240726_lazar,2026,Lazar,Maariv,2024-07-26,,likud,23,,True,2026_2024,2024,2026_2024:0:82
2026_20240726_lazar,2026,Lazar,Maariv,2024-07-26,,new_hope,0,1.9,True,2026_2024,2024,2026_2024:0:82
2026_20240726_lazar,2026,Lazar,Maariv,2024-07-26,,otzma,9,,True,2026_2024,2024,2026_2024:0:82
2026_20240726_lazar,2026,Lazar,Maariv,2024-07-26,,raam,4,,True,2026_2024,2024,2026_2024:0:82
2026_20240726_lazar,2026,Lazar,Maariv,2024-07-26,,rzp,4,,True,2026_2024,2024,2026_2024:0:82
2026_20240726_lazar,2026,Lazar,Maariv,2024-07-26,,shas,10,,True,2026_2024,2024,2026_2024:0:82
2026_20240726_lazar,2026,Lazar,Maariv,2024-07-26,,utj,7,,True,2026_2024,2024,2026_2024:0:82
2026_20240726_lazar,2026,Lazar,Maariv,2024-07-26,,yesh_atid,14,,True,2026_2024,2024,2026_2024:0:82
2026_20240726_lazar,2026,Lazar,Maariv,2024-07-26,,yisrael_beytenu,12,,True,2026_2024,2024,2026_2024:0:82
2026_20240731_lazar,2026,Lazar,Maariv,2024-07-31,,balad,0,1.8,True,2026_2024,2024,2026_2024:0:81
2026_20240731_lazar,2026,Lazar,Maariv,2024-07-31,,blue_white,22,,True,2026_2024,2024,2026_2024:0:81
2026_20240731_lazar,2026,Lazar,Maariv,2024-07-31,,democrats,8,,True,2026_2024,2024,2026_2024:0:81
2026_20240731_lazar,2026,Lazar,Maariv,2024-07-31,,hadash_taal,5,,True,2026_2024,2024,2026_2024:0:81
2026_20240731_lazar,2026,Lazar,Maariv,2024-07-31,,likud,21,,True,2026_2024,2024,2026_2024:0:81
2026_20240731_lazar,2026,Lazar,Maariv,2024-07-31,,new_hope,0,1.6,True,2026_2024,2024,2026_2024:0:81
2026_20240731_lazar,2026,Lazar,Maariv,2024-07-31,,otzma,10,,True,2026_2024,2024,2026_2024:0:81
2026_20240731_lazar,2026,Lazar,Maariv,2024-07-31,,raam,5,,True,2026_2024,2024,2026_2024:0:81
2026_20240731_lazar,2026,Lazar,Maariv,2024-07-31,,rzp,4,,True,2026_2024,2024,2026_2024:0:81
2026_20240731_lazar,2026,Lazar,Maariv,2024-07-31,,shas,10,,True,2026_2024,2024,2026_2024:0:81
2026_20240731_lazar,2026,Lazar,Maariv,2024-07-31,,utj,7,,True,2026_2024,2024,2026_2024:0:81
2026_20240731_lazar,2026,Lazar,Maariv,2024-07-31,,yesh_atid,13,,True,2026_2024,2024,2026_2024:0:81
2026_20240731_lazar,2026,Lazar,Maariv,2024-07-31,,yisrael_beytenu,15,,True,2026_2024,2024,2026_2024:0:81
2026_20240808_directpolls,2026,Direct Polls,Channel 14,2024-08-08,,balad,0,2.7,True,2026_2024,2024,2026_2024:0:79
2026_20240808_directpolls,2026,Direct Polls,Channel 14,2024-08-08,,blue_white,16,,True,2026_2024,2024,2026_2024:0:79
2026_20240808_directpolls,2026,Direct Polls,Channel 14,2024-08-08,,democrats,9,,True,2026_2024,2024,2026_2024:0:79
2026_20240808_directpolls,2026,Direct Polls,Channel 14,2024-08-08,,hadash_taal,4,,True,2026_2024,2024,2026_2024:0:79
2026_20240808_directpolls,2026,Direct Polls,Channel 14,2024-08-08,,likud,28,,True,2026_2024,2024,2026_2024:0:79
2026_20240808_directpolls,2026,Direct Polls,Channel 14,2024-08-08,,new_hope,0,0.7,True,2026_2024,2024,2026_2024:0:79
2026_20240808_directpolls,2026,Direct Polls,Channel 14,2024-08-08,,otzma,7,,True,2026_2024,2024,2026_2024:0:79
2026_20240808_directpolls,2026,Direct Polls,Channel 14,2024-08-08,,raam,6,,True,2026_2024,2024,2026_2024:0:79
2026_20240808_directpolls,2026,Direct Polls,Channel 14,2024-08-08,,rzp,5,,True,2026_2024,2024,2026_2024:0:79
2026_20240808_directpolls,2026,Direct Polls,Channel 14,2024-08-08,,shas,10,,True,2026_2024,2024,2026_2024:0:79
2026_20240808_directpolls,2026,Direct Polls,Channel 14,2024-08-08,,utj,8,,True,2026_2024,2024,2026_2024:0:79
2026_20240808_directpolls,2026,Direct Polls,Channel 14,2024-08-08,,yesh_atid,13,,True,2026_2024,2024,2026_2024:0:79
2026_20240808_directpolls,2026,Direct Polls,Channel 14,2024-08-08,,yisrael_beytenu,14,,True,2026_2024,2024,2026_2024:0:79
2026_20240808_lazar,2026,Lazar,Maariv,2024-08-08,,balad,0,2.0,True,2026_2024,2024,2026_2024:0:80
2026_20240808_lazar,2026,Lazar,Maariv,2024-08-08,,blue_white,20,,True,2026_2024,2024,2026_2024:0:80
2026_20240808_lazar,2026,Lazar,Maariv,2024-08-08,,democrats,9,,True,2026_2024,2024,2026_2024:0:80
2026_20240808_lazar,2026,Lazar,Maariv,2024-08-08,,hadash_taal,5,,True,2026_2024,2024,2026_2024:0:80
2026_20240808_lazar,2026,Lazar,Maariv,2024-08-08,,likud,22,,True,2026_2024,2024,2026_2024:0:80
2026_20240808_lazar,2026,Lazar,Maariv,2024-08-08,,new_hope,0,2.5,True,2026_2024,2024,2026_2024:0:80
2026_20240808_lazar,2026,Lazar,Maariv,2024-08-08,,otzma,10,,True,2026_2024,2024,2026_2024:0:80
2026_20240808_lazar,2026,Lazar,Maariv,2024-08-08,,raam,5,,True,2026_2024,2024,2026_2024:0:80
2026_20240808_lazar,2026,Lazar,Maariv,2024-08-08,,rzp,4,,True,2026_2024,2024,2026_2024:0:80
2026_20240808_lazar,2026,Lazar,Maariv,2024-08-08,,shas,10,,True,2026_2024,2024,2026_2024:0:80
2026_20240808_lazar,2026,Lazar,Maariv,2024-08-08,,utj,7,,True,2026_2024,2024,2026_2024:0:80
2026_20240808_lazar,2026,Lazar,Maariv,2024-08-08,,yesh_atid,13,,True,2026_2024,2024,2026_2024:0:80
2026_20240808_lazar,2026,Lazar,Maariv,2024-08-08,,yisrael_beytenu,15,,True,2026_2024,2024,2026_2024:0:80
2026_20240812_lazara,2026,Lazar,Maariv,2024-08-12,,balad,0,1.4,True,2026_2024,2024,2026_2024:0:77
2026_20240812_lazara,2026,Lazar,Maariv,2024-08-12,,blue_white,24,,True,2026_2024,2024,2026_2024:0:77
2026_20240812_lazara,2026,Lazar,Maariv,2024-08-12,,democrats,8,,True,2026_2024,2024,2026_2024:0:77
2026_20240812_lazara,2026,Lazar,Maariv,2024-08-12,,hadash_taal,5,,True,2026_2024,2024,2026_2024:0:77
2026_20240812_lazara,2026,Lazar,Maariv,2024-08-12,,likud,23,,True,2026_2024,2024,2026_2024:0:77
2026_20240812_lazara,2026,Lazar,Maariv,2024-08-12,,new_hope,0,2.9,True,2026_2024,2024,2026_2024:0:77
2026_20240812_lazara,2026,Lazar,Maariv,2024-08-12,,otzma,10,,True,2026_2024,2024,2026_2024:0:77
2026_20240812_lazara,2026,Lazar,Maariv,2024-08-12,,raam,4,,True,2026_2024,2024,2026_2024:0:77
2026_20240812_lazara,2026,Lazar,Maariv,2024-08-12,,rzp,4,,True,2026_2024,2024,2026_2024:0:77
2026_20240812_lazara,2026,Lazar,Maariv,2024-08-12,,shas,9,,True,2026_2024,2024,2026_2024:0:77
2026_20240812_lazara,2026,Lazar,Maariv,2024-08-12,,utj,7,,True,2026_2024,2024,2026_2024:0:77
2026_20240812_lazara,2026,Lazar,Maariv,2024-08-12,,yesh_atid,12,,True,2026_2024,2024,2026_2024:0:77
2026_20240812_lazara,2026,Lazar,Maariv,2024-08-12,,yisrael_beytenu,14,,True,2026_2024,2024,2026_2024:0:77
2026_20240812_lazarb,2026,Lazar,Maariv,2024-08-12,,balad,0,1.4,False,2026_2024,2024,2026_2024:0:78
2026_20240812_lazarb,2026,Lazar,Maariv,2024-08-12,,bennett_2026,24,,False,2026_2024,2024,2026_2024:0:78
2026_20240812_lazarb,2026,Lazar,Maariv,2024-08-12,,blue_white,15,,False,2026_2024,2024,2026_2024:0:78
2026_20240812_lazarb,2026,Lazar,Maariv,2024-08-12,,democrats,7,,False,2026_2024,2024,2026_2024:0:78
2026_20240812_lazarb,2026,Lazar,Maariv,2024-08-12,,hadash_taal,5,,False,2026_2024,2024,2026_2024:0:78
2026_20240812_lazarb,2026,Lazar,Maariv,2024-08-12,,likud,21,,False,2026_2024,2024,2026_2024:0:78
2026_20240812_lazarb,2026,Lazar,Maariv,2024-08-12,,new_hope,0,1.7,False,2026_2024,2024,2026_2024:0:78
2026_20240812_lazarb,2026,Lazar,Maariv,2024-08-12,,otzma,9,,False,2026_2024,2024,2026_2024:0:78
2026_20240812_lazarb,2026,Lazar,Maariv,2024-08-12,,raam,4,,False,2026_2024,2024,2026_2024:0:78
2026_20240812_lazarb,2026,Lazar,Maariv,2024-08-12,,rzp,0,1.9,False,2026_2024,2024,2026_2024:0:78
2026_20240812_lazarb,2026,Lazar,Maariv,2024-08-12,,shas,9,,False,2026_2024,2024,2026_2024:0:78
2026_20240812_lazarb,2026,Lazar,Maariv,2024-08-12,,utj,7,,False,2026_2024,2024,2026_2024:0:78
2026_20240812_lazarb,2026,Lazar,Maariv,2024-08-12,,yesh_atid,10,,False,2026_2024,2024,2026_2024:0:78
2026_20240812_lazarb,2026,Lazar,Maariv,2024-08-12,,yisrael_beytenu,11,,False,2026_2024,2024,2026_2024:0:78
2026_20240815_directpolls,2026,Direct Polls,Channel 14,2024-08-15,,balad,0,2.7,True,2026_2024,2024,2026_2024:0:76
2026_20240815_directpolls,2026,Direct Polls,Channel 14,2024-08-15,,blue_white,16,,True,2026_2024,2024,2026_2024:0:76
2026_20240815_directpolls,2026,Direct Polls,Channel 14,2024-08-15,,democrats,10,,True,2026_2024,2024,2026_2024:0:76
2026_20240815_directpolls,2026,Direct Polls,Channel 14,2024-08-15,,hadash_taal,4,,True,2026_2024,2024,2026_2024:0:76
2026_20240815_directpolls,2026,Direct Polls,Channel 14,2024-08-15,,likud,28,,True,2026_2024,2024,2026_2024:0:76
2026_20240815_directpolls,2026,Direct Polls,Channel 14,2024-08-15,,new_hope,0,0.8,True,2026_2024,2024,2026_2024:0:76
2026_20240815_directpolls,2026,Direct Polls,Channel 14,2024-08-15,,otzma,8,,True,2026_2024,2024,2026_2024:0:76
2026_20240815_directpolls,2026,Direct Polls,Channel 14,2024-08-15,,raam,6,,True,2026_2024,2024,2026_2024:0:76
2026_20240815_directpolls,2026,Direct Polls,Channel 14,2024-08-15,,rzp,4,,True,2026_2024,2024,2026_2024:0:76
2026_20240815_directpolls,2026,Direct Polls,Channel 14,2024-08-15,,shas,10,,True,2026_2024,2024,2026_2024:0:76
2026_20240815_directpolls,2026,Direct Polls,Channel 14,2024-08-15,,utj,8,,True,2026_2024,2024,2026_2024:0:76
2026_20240815_directpolls,2026,Direct Polls,Channel 14,2024-08-15,,yesh_atid,12,,True,2026_2024,2024,2026_2024:0:76
2026_20240815_directpolls,2026,Direct Polls,Channel 14,2024-08-15,,yisrael_beytenu,14,,True,2026_2024,2024,2026_2024:0:76
2026_20240816_lazar,2026,Lazar,Maariv,2024-08-16,,balad,0,1.7,True,2026_2024,2024,2026_2024:0:75
2026_20240816_lazar,2026,Lazar,Maariv,2024-08-16,,blue_white,21,,True,2026_2024,2024,2026_2024:0:75
2026_20240816_lazar,2026,Lazar,Maariv,2024-08-16,,democrats,9,,True,2026_2024,2024,2026_2024:0:75
2026_20240816_lazar,2026,Lazar,Maariv,2024-08-16,,hadash_taal,6,,True,2026_2024,2024,2026_2024:0:75
2026_20240816_lazar,2026,Lazar,Maariv,2024-08-16,,likud,22,,True,2026_2024,2024,2026_2024:0:75
2026_20240816_lazar,2026,Lazar,Maariv,2024-08-16,,new_hope,0,2.4,True,2026_2024,2024,2026_2024:0:75
2026_20240816_lazar,2026,Lazar,Maariv,2024-08-16,,otzma,9,,True,2026_2024,2024,2026_2024:0:75
2026_20240816_lazar,2026,Lazar,Maariv,2024-08-16,,raam,4,,True,2026_2024,2024,2026_2024:0:75
2026_20240816_lazar,2026,Lazar,Maariv,2024-08-16,,rzp,4,,True,2026_2024,2024,2026_2024:0:75
2026_20240816_lazar,2026,Lazar,Maariv,2024-08-16,,shas,9,,True,2026_2024,2024,2026_2024:0:75
2026_20240816_lazar,2026,Lazar,Maariv,2024-08-16,,utj,7,,True,2026_2024,2024,2026_2024:0:75
2026_20240816_lazar,2026,Lazar,Maariv,2024-08-16,,yesh_atid,14,,True,2026_2024,2024,2026_2024:0:75
2026_20240816_lazar,2026,Lazar,Maariv,2024-08-16,,yisrael_beytenu,15,,True,2026_2024,2024,2026_2024:0:75
2026_20240822_lazar,2026,Lazar,Maariv,2024-08-22,,balad,0,1.8,True,2026_2024,2024,2026_2024:0:74
2026_20240822_lazar,2026,Lazar,Maariv,2024-08-22,,blue_white,20,,True,2026_2024,2024,2026_2024:0:74
2026_20240822_lazar,2026,Lazar,Maariv,2024-08-22,,democrats,9,,True,2026_2024,2024,2026_2024:0:74
2026_20240822_lazar,2026,Lazar,Maariv,2024-08-22,,hadash_taal,5,,True,2026_2024,2024,2026_2024:0:74
2026_20240822_lazar,2026,Lazar,Maariv,2024-08-22,,likud,22,,True,2026_2024,2024,2026_2024:0:74
2026_20240822_lazar,2026,Lazar,Maariv,2024-08-22,,new_hope,0,1.9,True,2026_2024,2024,2026_2024:0:74
2026_20240822_lazar,2026,Lazar,Maariv,2024-08-22,,otzma,10,,True,2026_2024,2024,2026_2024:0:74
2026_20240822_lazar,2026,Lazar,Maariv,2024-08-22,,raam,5,,True,2026_2024,2024,2026_2024:0:74
2026_20240822_lazar,2026,Lazar,Maariv,2024-08-22,,rzp,4,,True,2026_2024,2024,2026_2024:0:74
2026_20240822_lazar,2026,Lazar,Maariv,2024-08-22,,shas,9,,True,2026_2024,2024,2026_2024:0:74
2026_20240822_lazar,2026,Lazar,Maariv,2024-08-22,,utj,7,,True,2026_2024,2024,2026_2024:0:74
2026_20240822_lazar,2026,Lazar,Maariv,2024-08-22,,yesh_atid,15,,True,2026_2024,2024,2026_2024:0:74
2026_20240822_lazar,2026,Lazar,Maariv,2024-08-22,,yisrael_beytenu,14,,True,2026_2024,2024,2026_2024:0:74
2026_20240822_midgama,2026,Midgam,HaHadashot 12,2024-08-22,,balad,0,2.5,True,2026_2024,2024,2026_2024:0:72
2026_20240822_midgama,2026,Midgam,HaHadashot 12,2024-08-22,,blue_white,22,,True,2026_2024,2024,2026_2024:0:72
2026_20240822_midgama,2026,Midgam,HaHadashot 12,2024-08-22,,democrats,11,,True,2026_2024,2024,2026_2024:0:72
2026_20240822_midgama,2026,Midgam,HaHadashot 12,2024-08-22,,hadash_taal,5,,True,2026_2024,2024,2026_2024:0:72
2026_20240822_midgama,2026,Midgam,HaHadashot 12,2024-08-22,,likud,22,,True,2026_2024,2024,2026_2024:0:72
2026_20240822_midgama,2026,Midgam,HaHadashot 12,2024-08-22,,new_hope,0,2.2,True,2026_2024,2024,2026_2024:0:72
2026_20240822_midgama,2026,Midgam,HaHadashot 12,2024-08-22,,otzma,8,,True,2026_2024,2024,2026_2024:0:72
2026_20240822_midgama,2026,Midgam,HaHadashot 12,2024-08-22,,raam,5,,True,2026_2024,2024,2026_2024:0:72
2026_20240822_midgama,2026,Midgam,HaHadashot 12,2024-08-22,,rzp,0,2.8,True,2026_2024,2024,2026_2024:0:72
2026_20240822_midgama,2026,Midgam,HaHadashot 12,2024-08-22,,shas,10,,True,2026_2024,2024,2026_2024:0:72
2026_20240822_midgama,2026,Midgam,HaHadashot 12,2024-08-22,,utj,8,,True,2026_2024,2024,2026_2024:0:72
2026_20240822_midgama,2026,Midgam,HaHadashot 12,2024-08-22,,yesh_atid,15,,True,2026_2024,2024,2026_2024:0:72
2026_20240822_midgama,2026,Midgam,HaHadashot 12,2024-08-22,,yisrael_beytenu,14,,True,2026_2024,2024,2026_2024:0:72
2026_20240822_midgamb,2026,Midgam,HaHadashot 12,2024-08-22,,balad,0,2.5,True,2026_2024,2024,2026_2024:0:73
2026_20240822_midgamb,2026,Midgam,HaHadashot 12,2024-08-22,,bennett_2026,21,,True,2026_2024,2024,2026_2024:0:73
2026_20240822_midgamb,2026,Midgam,HaHadashot 12,2024-08-22,,blue_white,13,,True,2026_2024,2024,2026_2024:0:73
2026_20240822_midgamb,2026,Midgam,HaHadashot 12,2024-08-22,,democrats,11,,True,2026_2024,2024,2026_2024:0:73
2026_20240822_midgamb,2026,Midgam,HaHadashot 12,2024-08-22,,hadash_taal,5,,True,2026_2024,2024,2026_2024:0:73
2026_20240822_midgamb,2026,Midgam,HaHadashot 12,2024-08-22,,likud,19,,True,2026_2024,2024,2026_2024:0:73
2026_20240822_midgamb,2026,Midgam,HaHadashot 12,2024-08-22,,new_hope,0,1.0,True,2026_2024,2024,2026_2024:0:73
2026_20240822_midgamb,2026,Midgam,HaHadashot 12,2024-08-22,,otzma,7,,True,2026_2024,2024,2026_2024:0:73
2026_20240822_midgamb,2026,Midgam,HaHadashot 12,2024-08-22,,raam,5,,True,2026_2024,2024,2026_2024:0:73
2026_20240822_midgamb,2026,Midgam,HaHadashot 12,2024-08-22,,rzp,0,2.5,True,2026_2024,2024,2026_2024:0:73
2026_20240822_midgamb,2026,Midgam,HaHadashot 12,2024-08-22,,shas,10,,True,2026_2024,2024,2026_2024:0:73
2026_20240822_midgamb,2026,Midgam,HaHadashot 12,2024-08-22,,utj,8,,True,2026_2024,2024,2026_2024:0:73
2026_20240822_midgamb,2026,Midgam,HaHadashot 12,2024-08-22,,yesh_atid,11,,True,2026_2024,2024,2026_2024:0:73
2026_20240822_midgamb,2026,Midgam,HaHadashot 12,2024-08-22,,yisrael_beytenu,10,,True,2026_2024,2024,2026_2024:0:73
2026_20240827_maagarmochota,2026,Maagar Mochot,i24 News,2024-08-27,,balad,0,2.0,True,2026_2024,2024,2026_2024:0:70
2026_20240827_maagarmochota,2026,Maagar Mochot,i24 News,2024-08-27,,blue_white,21,,True,2026_2024,2024,2026_2024:0:70
2026_20240827_maagarmochota,2026,Maagar Mochot,i24 News,2024-08-27,,democrats,11,,True,2026_2024,2024,2026_2024:0:70
2026_20240827_maagarmochota,2026,Maagar Mochot,i24 News,2024-08-27,,hadash_taal,6,,True,2026_2024,2024,2026_2024:0:70
2026_20240827_maagarmochota,2026,Maagar Mochot,i24 News,2024-08-27,,likud,22,,True,2026_2024,2024,2026_2024:0:70
2026_20240827_maagarmochota,2026,Maagar Mochot,i24 News,2024-08-27,,new_hope,0,1.0,True,2026_2024,2024,2026_2024:0:70
2026_20240827_maagarmochota,2026,Maagar Mochot,i24 News,2024-08-27,,otzma,8,,True,2026_2024,2024,2026_2024:0:70
2026_20240827_maagarmochota,2026,Maagar Mochot,i24 News,2024-08-27,,raam,5,,True,2026_2024,2024,2026_2024:0:70
2026_20240827_maagarmochota,2026,Maagar Mochot,i24 News,2024-08-27,,rzp,5,,True,2026_2024,2024,2026_2024:0:70
2026_20240827_maagarmochota,2026,Maagar Mochot,i24 News,2024-08-27,,shas,9,,True,2026_2024,2024,2026_2024:0:70
2026_20240827_maagarmochota,2026,Maagar Mochot,i24 News,2024-08-27,,utj,8,,True,2026_2024,2024,2026_2024:0:70
2026_20240827_maagarmochota,2026,Maagar Mochot,i24 News,2024-08-27,,yesh_atid,11,,True,2026_2024,2024,2026_2024:0:70
2026_20240827_maagarmochota,2026,Maagar Mochot,i24 News,2024-08-27,,yisrael_beytenu,14,,True,2026_2024,2024,2026_2024:0:70
2026_20240827_maagarmochotb,2026,Maagar Mochot,i24 News,2024-08-27,,balad,0,1.0,True,2026_2024,2024,2026_2024:0:71
2026_20240827_maagarmochotb,2026,Maagar Mochot,i24 News,2024-08-27,,bennett_2026,27,,True,2026_2024,2024,2026_2024:0:71
2026_20240827_maagarmochotb,2026,Maagar Mochot,i24 News,2024-08-27,,blue_white,12,,True,2026_2024,2024,2026_2024:0:71
2026_20240827_maagarmochotb,2026,Maagar Mochot,i24 News,2024-08-27,,democrats,9,,True,2026_2024,2024,2026_2024:0:71
2026_20240827_maagarmochotb,2026,Maagar Mochot,i24 News,2024-08-27,,hadash_taal,6,,True,2026_2024,2024,2026_2024:0:71
2026_20240827_maagarmochotb,2026,Maagar Mochot,i24 News,2024-08-27,,likud,18,,True,2026_2024,2024,2026_2024:0:71
2026_20240827_maagarmochotb,2026,Maagar Mochot,i24 News,2024-08-27,,new_hope,0,1.0,True,2026_2024,2024,2026_2024:0:71
2026_20240827_maagarmochotb,2026,Maagar Mochot,i24 News,2024-08-27,,otzma,6,,True,2026_2024,2024,2026_2024:0:71
2026_20240827_maagarmochotb,2026,Maagar Mochot,i24 News,2024-08-27,,raam,4,,True,2026_2024,2024,2026_2024:0:71
2026_20240827_maagarmochotb,2026,Maagar Mochot,i24 News,2024-08-27,,rzp,5,,True,2026_2024,2024,2026_2024:0:71
2026_20240827_maagarmochotb,2026,Maagar Mochot,i24 News,2024-08-27,,shas,9,,True,2026_2024,2024,2026_2024:0:71
2026_20240827_maagarmochotb,2026,Maagar Mochot,i24 News,2024-08-27,,utj,8,,True,2026_2024,2024,2026_2024:0:71
2026_20240827_maagarmochotb,2026,Maagar Mochot,i24 News,2024-08-27,,yesh_atid,7,,True,2026_2024,2024,2026_2024:0:71
2026_20240827_maagarmochotb,2026,Maagar Mochot,i24 News,2024-08-27,,yisrael_beytenu,9,,True,2026_2024,2024,2026_2024:0:71
2026_20240829_directpolls,2026,Direct Polls,Channel 14,2024-08-29,,balad,0,2.4,True,2026_2024,2024,2026_2024:0:69
2026_20240829_directpolls,2026,Direct Polls,Channel 14,2024-08-29,,blue_white,17,,True,2026_2024,2024,2026_2024:0:69
2026_20240829_directpolls,2026,Direct Polls,Channel 14,2024-08-29,,democrats,11,,True,2026_2024,2024,2026_2024:0:69
2026_20240829_directpolls,2026,Direct Polls,Channel 14,2024-08-29,,hadash_taal,5,,True,2026_2024,2024,2026_2024:0:69
2026_20240829_directpolls,2026,Direct Polls,Channel 14,2024-08-29,,likud,30,,True,2026_2024,2024,2026_2024:0:69
2026_20240829_directpolls,2026,Direct Polls,Channel 14,2024-08-29,,new_hope,0,1.8,True,2026_2024,2024,2026_2024:0:69
2026_20240829_directpolls,2026,Direct Polls,Channel 14,2024-08-29,,otzma,6,,True,2026_2024,2024,2026_2024:0:69
2026_20240829_directpolls,2026,Direct Polls,Channel 14,2024-08-29,,raam,5,,True,2026_2024,2024,2026_2024:0:69
2026_20240829_directpolls,2026,Direct Polls,Channel 14,2024-08-29,,rzp,4,,True,2026_2024,2024,2026_2024:0:69
2026_20240829_directpolls,2026,Direct Polls,Channel 14,2024-08-29,,shas,10,,True,2026_2024,2024,2026_2024:0:69
2026_20240829_directpolls,2026,Direct Polls,Channel 14,2024-08-29,,utj,8,,True,2026_2024,2024,2026_2024:0:69
2026_20240829_directpolls,2026,Direct Polls,Channel 14,2024-08-29,,yesh_atid,11,,True,2026_2024,2024,2026_2024:0:69
2026_20240829_directpolls,2026,Direct Polls,Channel 14,2024-08-29,,yisrael_beytenu,13,,True,2026_2024,2024,2026_2024:0:69
2026_20240830_lazara,2026,Lazar,Maariv,2024-08-30,,balad,0,1.8,True,2026_2024,2024,2026_2024:0:67
2026_20240830_lazara,2026,Lazar,Maariv,2024-08-30,,blue_white,21,,True,2026_2024,2024,2026_2024:0:67
2026_20240830_lazara,2026,Lazar,Maariv,2024-08-30,,democrats,9,,True,2026_2024,2024,2026_2024:0:67
2026_20240830_lazara,2026,Lazar,Maariv,2024-08-30,,hadash_taal,6,,True,2026_2024,2024,2026_2024:0:67
2026_20240830_lazara,2026,Lazar,Maariv,2024-08-30,,likud,21,,True,2026_2024,2024,2026_2024:0:67
2026_20240830_lazara,2026,Lazar,Maariv,2024-08-30,,new_hope,0,1.9,True,2026_2024,2024,2026_2024:0:67
2026_20240830_lazara,2026,Lazar,Maariv,2024-08-30,,otzma,9,,True,2026_2024,2024,2026_2024:0:67
2026_20240830_lazara,2026,Lazar,Maariv,2024-08-30,,raam,4,,True,2026_2024,2024,2026_2024:0:67
2026_20240830_lazara,2026,Lazar,Maariv,2024-08-30,,rzp,4,,True,2026_2024,2024,2026_2024:0:67
2026_20240830_lazara,2026,Lazar,Maariv,2024-08-30,,shas,9,,True,2026_2024,2024,2026_2024:0:67
2026_20240830_lazara,2026,Lazar,Maariv,2024-08-30,,utj,8,,True,2026_2024,2024,2026_2024:0:67
2026_20240830_lazara,2026,Lazar,Maariv,2024-08-30,,yesh_atid,14,,True,2026_2024,2024,2026_2024:0:67
2026_20240830_lazara,2026,Lazar,Maariv,2024-08-30,,yisrael_beytenu,15,,True,2026_2024,2024,2026_2024:0:67
2026_20240830_lazarb,2026,Lazar,Maariv,2024-08-30,,bennett_2026,23,,True,2026_2024,2024,2026_2024:0:68
2026_20240830_lazarb,2026,Lazar,Maariv,2024-08-30,,blue_white,14,,True,2026_2024,2024,2026_2024:0:68
2026_20240830_lazarb,2026,Lazar,Maariv,2024-08-30,,democrats,6,,True,2026_2024,2024,2026_2024:0:68
2026_20240830_lazarb,2026,Lazar,Maariv,2024-08-30,,hadash_taal,6,,True,2026_2024,2024,2026_2024:0:68
2026_20240830_lazarb,2026,Lazar,Maariv,2024-08-30,,likud,19,,True,2026_2024,2024,2026_2024:0:68
2026_20240830_lazarb,2026,Lazar,Maariv,2024-08-30,,otzma,8,,True,2026_2024,2024,2026_2024:0:68
2026_20240830_lazarb,2026,Lazar,Maariv,2024-08-30,,raam,4,,True,2026_2024,2024,2026_2024:0:68
2026_20240830_lazarb,2026,Lazar,Maariv,2024-08-30,,rzp,4,,True,2026_2024,2024,2026_2024:0:68
2026_20240830_lazarb,2026,Lazar,Maariv,2024-08-30,,shas,9,,True,2026_2024,2024,2026_2024:0:68
2026_20240830_lazarb,2026,Lazar,Maariv,2024-08-30,,utj,7,,True,2026_2024,2024,2026_2024:0:68
2026_20240830_lazarb,2026,Lazar,Maariv,2024-08-30,,yesh_atid,11,,True,2026_2024,2024,2026_2024:0:68
2026_20240830_lazarb,2026,Lazar,Maariv,2024-08-30,,yisrael_beytenu,9,,True,2026_2024,2024,2026_2024:0:68
2026_20240904_kantar,2026,Kantar,Kan 11,2024-09-04,,blue_white,23,,True,2026_2024,2024,2026_2024:0:66
2026_20240904_kantar,2026,Kantar,Kan 11,2024-09-04,,democrats,8,,True,2026_2024,2024,2026_2024:0:66
2026_20240904_kantar,2026,Kantar,Kan 11,2024-09-04,,hadash_taal,5,,True,2026_2024,2024,2026_2024:0:66
2026_20240904_kantar,2026,Kantar,Kan 11,2024-09-04,,likud,22,,True,2026_2024,2024,2026_2024:0:66
2026_20240904_kantar,2026,Kantar,Kan 11,2024-09-04,,otzma,8,,True,2026_2024,2024,2026_2024:0:66
2026_20240904_kantar,2026,Kantar,Kan 11,2024-09-04,,raam,5,,True,2026_2024,2024,2026_2024:0:66
2026_20240904_kantar,2026,Kantar,Kan 11,2024-09-04,,rzp,4,,True,2026_2024,2024,2026_2024:0:66
2026_20240904_kantar,2026,Kantar,Kan 11,2024-09-04,,shas,10,,True,2026_2024,2024,2026_2024:0:66
2026_20240904_kantar,2026,Kantar,Kan 11,2024-09-04,,utj,7,,True,2026_2024,2024,2026_2024:0:66
2026_20240904_kantar,2026,Kantar,Kan 11,2024-09-04,,yesh_atid,14,,True,2026_2024,2024,2026_2024:0:66
2026_20240904_kantar,2026,Kantar,Kan 11,2024-09-04,,yisrael_beytenu,14,,True,2026_2024,2024,2026_2024:0:66
2026_20240905_directpolls,2026,Direct Polls,Channel 14,2024-09-05,,balad,0,2.2,True,2026_2024,2024,2026_2024:0:64
2026_20240905_directpolls,2026,Direct Polls,Channel 14,2024-09-05,,blue_white,18,,True,2026_2024,2024,2026_2024:0:64
2026_20240905_directpolls,2026,Direct Polls,Channel 14,2024-09-05,,democrats,11,,True,2026_2024,2024,2026_2024:0:64
2026_20240905_directpolls,2026,Direct Polls,Channel 14,2024-09-05,,hadash_taal,4,,True,2026_2024,2024,2026_2024:0:64
2026_20240905_directpolls,2026,Direct Polls,Channel 14,2024-09-05,,likud,29,,True,2026_2024,2024,2026_2024:0:64
2026_20240905_directpolls,2026,Direct Polls,Channel 14,2024-09-05,,new_hope,0,1.2,True,2026_2024,2024,2026_2024:0:64
2026_20240905_directpolls,2026,Direct Polls,Channel 14,2024-09-05,,otzma,7,,True,2026_2024,2024,2026_2024:0:64
2026_20240905_directpolls,2026,Direct Polls,Channel 14,2024-09-05,,raam,6,,True,2026_2024,2024,2026_2024:0:64
2026_20240905_directpolls,2026,Direct Polls,Channel 14,2024-09-05,,rzp,5,,True,2026_2024,2024,2026_2024:0:64
2026_20240905_directpolls,2026,Direct Polls,Channel 14,2024-09-05,,shas,9,,True,2026_2024,2024,2026_2024:0:64
2026_20240905_directpolls,2026,Direct Polls,Channel 14,2024-09-05,,utj,8,,True,2026_2024,2024,2026_2024:0:64
2026_20240905_directpolls,2026,Direct Polls,Channel 14,2024-09-05,,yesh_atid,10,,True,2026_2024,2024,2026_2024:0:64
2026_20240905_directpolls,2026,Direct Polls,Channel 14,2024-09-05,,yisrael_beytenu,13,,True,2026_2024,2024,2026_2024:0:64
2026_20240905_lazar,2026,Lazar,Maariv,2024-09-05,,balad,0,1.4,True,2026_2024,2024,2026_2024:0:65
2026_20240905_lazar,2026,Lazar,Maariv,2024-09-05,,blue_white,22,,True,2026_2024,2024,2026_2024:0:65
2026_20240905_lazar,2026,Lazar,Maariv,2024-09-05,,democrats,8,,True,2026_2024,2024,2026_2024:0:65
2026_20240905_lazar,2026,Lazar,Maariv,2024-09-05,,hadash_taal,6,,True,2026_2024,2024,2026_2024:0:65
2026_20240905_lazar,2026,Lazar,Maariv,2024-09-05,,likud,23,,True,2026_2024,2024,2026_2024:0:65
2026_20240905_lazar,2026,Lazar,Maariv,2024-09-05,,new_hope,0,1.3,True,2026_2024,2024,2026_2024:0:65
2026_20240905_lazar,2026,Lazar,Maariv,2024-09-05,,otzma,9,,True,2026_2024,2024,2026_2024:0:65
2026_20240905_lazar,2026,Lazar,Maariv,2024-09-05,,raam,4,,True,2026_2024,2024,2026_2024:0:65
2026_20240905_lazar,2026,Lazar,Maariv,2024-09-05,,rzp,4,,True,2026_2024,2024,2026_2024:0:65
2026_20240905_lazar,2026,Lazar,Maariv,2024-09-05,,shas,9,,True,2026_2024,2024,2026_2024:0:65
2026_20240905_lazar,2026,Lazar,Maariv,2024-09-05,,utj,7,,True,2026_2024,2024,2026_2024:0:65
2026_20240905_lazar,2026,Lazar,Maariv,2024-09-05,,yesh_atid,13,,True,2026_2024,2024,2026_2024:0:65
2026_20240905_lazar,2026,Lazar,Maariv,2024-09-05,,yisrael_beytenu,15,,True,2026_2024,2024,2026_2024:0:65
2026_20240909_midgama,2026,Midgam,HaHadashot 12,2024-09-09,,balad,0,2.4,True,2026_2024,2024,2026_2024:0:62
2026_20240909_midgama,2026,Midgam,HaHadashot 12,2024-09-09,,blue_white,21,,True,2026_2024,2024,2026_2024:0:62
2026_20240909_midgama,2026,Midgam,HaHadashot 12,2024-09-09,,democrats,11,,True,2026_2024,2024,2026_2024:0:62
2026_20240909_midgama,2026,Midgam,HaHadashot 12,2024-09-09,,hadash_taal,5,,True,2026_2024,2024,2026_2024:0:62
2026_20240909_midgama,2026,Midgam,HaHadashot 12,2024-09-09,,likud,22,,True,2026_2024,2024,2026_2024:0:62
2026_20240909_midgama,2026,Midgam,HaHadashot 12,2024-09-09,,new_hope,0,1.2,True,2026_2024,2024,2026_2024:0:62
2026_20240909_midgama,2026,Midgam,HaHadashot 12,2024-09-09,,otzma,9,,True,2026_2024,2024,2026_2024:0:62
2026_20240909_midgama,2026,Midgam,HaHadashot 12,2024-09-09,,raam,5,,True,2026_2024,2024,2026_2024:0:62
2026_20240909_midgama,2026,Midgam,HaHadashot 12,2024-09-09,,rzp,0,2.7,True,2026_2024,2024,2026_2024:0:62
2026_20240909_midgama,2026,Midgam,HaHadashot 12,2024-09-09,,shas,10,,True,2026_2024,2024,2026_2024:0:62
2026_20240909_midgama,2026,Midgam,HaHadashot 12,2024-09-09,,utj,8,,True,2026_2024,2024,2026_2024:0:62
2026_20240909_midgama,2026,Midgam,HaHadashot 12,2024-09-09,,yesh_atid,15,,True,2026_2024,2024,2026_2024:0:62
2026_20240909_midgama,2026,Midgam,HaHadashot 12,2024-09-09,,yisrael_beytenu,14,,True,2026_2024,2024,2026_2024:0:62
2026_20240909_midgamb,2026,Midgam,HaHadashot 12,2024-09-09,,balad,0,2.4,True,2026_2024,2024,2026_2024:0:63
2026_20240909_midgamb,2026,Midgam,HaHadashot 12,2024-09-09,,bennett_2026,20,,True,2026_2024,2024,2026_2024:0:63
2026_20240909_midgamb,2026,Midgam,HaHadashot 12,2024-09-09,,blue_white,13,,True,2026_2024,2024,2026_2024:0:63
2026_20240909_midgamb,2026,Midgam,HaHadashot 12,2024-09-09,,democrats,11,,True,2026_2024,2024,2026_2024:0:63
2026_20240909_midgamb,2026,Midgam,HaHadashot 12,2024-09-09,,hadash_taal,5,,True,2026_2024,2024,2026_2024:0:63
2026_20240909_midgamb,2026,Midgam,HaHadashot 12,2024-09-09,,likud,20,,True,2026_2024,2024,2026_2024:0:63
2026_20240909_midgamb,2026,Midgam,HaHadashot 12,2024-09-09,,new_hope,0,0.3,True,2026_2024,2024,2026_2024:0:63
2026_20240909_midgamb,2026,Midgam,HaHadashot 12,2024-09-09,,otzma,8,,True,2026_2024,2024,2026_2024:0:63
2026_20240909_midgamb,2026,Midgam,HaHadashot 12,2024-09-09,,raam,5,,True,2026_2024,2024,2026_2024:0:63
2026_20240909_midgamb,2026,Midgam,HaHadashot 12,2024-09-09,,rzp,0,2.5,True,2026_2024,2024,2026_2024:0:63
2026_20240909_midgamb,2026,Midgam,HaHadashot 12,2024-09-09,,shas,10,,True,2026_2024,2024,2026_2024:0:63
2026_20240909_midgamb,2026,Midgam,HaHadashot 12,2024-09-09,,utj,8,,True,2026_2024,2024,2026_2024:0:63
2026_20240909_midgamb,2026,Midgam,HaHadashot 12,2024-09-09,,yesh_atid,11,,True,2026_2024,2024,2026_2024:0:63
2026_20240909_midgamb,2026,Midgam,HaHadashot 12,2024-09-09,,yisrael_beytenu,9,,True,2026_2024,2024,2026_2024:0:63
2026_20240912_lazar,2026,Lazar,Maariv,2024-09-12,,balad,0,1.7,True,2026_2024,2024,2026_2024:0:61
2026_20240912_lazar,2026,Lazar,Maariv,2024-09-12,,blue_white,21,,True,2026_2024,2024,2026_2024:0:61
2026_20240912_lazar,2026,Lazar,Maariv,2024-09-12,,democrats,8,,True,2026_2024,2024,2026_2024:0:61
2026_20240912_lazar,2026,Lazar,Maariv,2024-09-12,,hadash_taal,5,,True,2026_2024,2024,2026_2024:0:61
2026_20240912_lazar,2026,Lazar,Maariv,2024-09-12,,likud,24,,True,2026_2024,2024,2026_2024:0:61
2026_20240912_lazar,2026,Lazar,Maariv,2024-09-12,,new_hope,0,1.2,True,2026_2024,2024,2026_2024:0:61
2026_20240912_lazar,2026,Lazar,Maariv,2024-09-12,,otzma,9,,True,2026_2024,2024,2026_2024:0:61
2026_20240912_lazar,2026,Lazar,Maariv,2024-09-12,,raam,4,,True,2026_2024,2024,2026_2024:0:61
2026_20240912_lazar,2026,Lazar,Maariv,2024-09-12,,rzp,4,,True,2026_2024,2024,2026_2024:0:61
2026_20240912_lazar,2026,Lazar,Maariv,2024-09-12,,shas,9,,True,2026_2024,2024,2026_2024:0:61
2026_20240912_lazar,2026,Lazar,Maariv,2024-09-12,,utj,7,,True,2026_2024,2024,2026_2024:0:61
2026_20240912_lazar,2026,Lazar,Maariv,2024-09-12,,yesh_atid,15,,True,2026_2024,2024,2026_2024:0:61
2026_20240912_lazar,2026,Lazar,Maariv,2024-09-12,,yisrael_beytenu,14,,True,2026_2024,2024,2026_2024:0:61
2026_20240916_maagarmochot,2026,Maagar Mochot,Channel 13,2024-09-16,,blue_white,22,,True,2026_2024,2024,2026_2024:0:60
2026_20240916_maagarmochot,2026,Maagar Mochot,Channel 13,2024-09-16,,democrats,8,,True,2026_2024,2024,2026_2024:0:60
2026_20240916_maagarmochot,2026,Maagar Mochot,Channel 13,2024-09-16,,hadash_taal,5,,True,2026_2024,2024,2026_2024:0:60
2026_20240916_maagarmochot,2026,Maagar Mochot,Channel 13,2024-09-16,,likud,21,,True,2026_2024,2024,2026_2024:0:60
2026_20240916_maagarmochot,2026,Maagar Mochot,Channel 13,2024-09-16,,otzma,9,,True,2026_2024,2024,2026_2024:0:60
2026_20240916_maagarmochot,2026,Maagar Mochot,Channel 13,2024-09-16,,raam,6,,True,2026_2024,2024,2026_2024:0:60
2026_20240916_maagarmochot,2026,Maagar Mochot,Channel 13,2024-09-16,,rzp,5,,True,2026_2024,2024,2026_2024:0:60
2026_20240916_maagarmochot,2026,Maagar Mochot,Channel 13,2024-09-16,,shas,10,,True,2026_2024,2024,2026_2024:0:60
2026_20240916_maagarmochot,2026,Maagar Mochot,Channel 13,2024-09-16,,utj,7,,True,2026_2024,2024,2026_2024:0:60
2026_20240916_maagarmochot,2026,Maagar Mochot,Channel 13,2024-09-16,,yesh_atid,13,,True,2026_2024,2024,2026_2024:0:60
2026_20240916_maagarmochot,2026,Maagar Mochot,Channel 13,2024-09-16,,yisrael_beytenu,14,,True,2026_2024,2024,2026_2024:0:60
2026_20240919_directpolls,2026,Direct Polls,Channel 14,2024-09-19,,balad,0,2.1,True,2026_2024,2024,2026_2024:0:57
2026_20240919_directpolls,2026,Direct Polls,Channel 14,2024-09-19,,blue_white,17,,True,2026_2024,2024,2026_2024:0:57
2026_20240919_directpolls,2026,Direct Polls,Channel 14,2024-09-19,,democrats,11,,True,2026_2024,2024,2026_2024:0:57
2026_20240919_directpolls,2026,Direct Polls,Channel 14,2024-09-19,,hadash_taal,5,,True,2026_2024,2024,2026_2024:0:57
2026_20240919_directpolls,2026,Direct Polls,Channel 14,2024-09-19,,likud,30,,True,2026_2024,2024,2026_2024:0:57
2026_20240919_directpolls,2026,Direct Polls,Channel 14,2024-09-19,,new_hope,0,0.2,True,2026_2024,2024,2026_2024:0:57
2026_20240919_directpolls,2026,Direct Polls,Channel 14,2024-09-19,,otzma,6,,True,2026_2024,2024,2026_2024:0:57
2026_20240919_directpolls,2026,Direct Polls,Channel 14,2024-09-19,,raam,5,,True,2026_2024,2024,2026_2024:0:57
2026_20240919_directpolls,2026,Direct Polls,Channel 14,2024-09-19,,rzp,5,,True,2026_2024,2024,2026_2024:0:57
2026_20240919_directpolls,2026,Direct Polls,Channel 14,2024-09-19,,shas,10,,True,2026_2024,2024,2026_2024:0:57
2026_20240919_directpolls,2026,Direct Polls,Channel 14,2024-09-19,,utj,8,,True,2026_2024,2024,2026_2024:0:57
2026_20240919_directpolls,2026,Direct Polls,Channel 14,2024-09-19,,yesh_atid,10,,True,2026_2024,2024,2026_2024:0:57
2026_20240919_directpolls,2026,Direct Polls,Channel 14,2024-09-19,,yisrael_beytenu,13,,True,2026_2024,2024,2026_2024:0:57
2026_20240919_lazara,2026,Lazar,Maariv,2024-09-19,,balad,0,1.8,True,2026_2024,2024,2026_2024:0:58
2026_20240919_lazara,2026,Lazar,Maariv,2024-09-19,,blue_white,21,,True,2026_2024,2024,2026_2024:0:58
2026_20240919_lazara,2026,Lazar,Maariv,2024-09-19,,democrats,9,,True,2026_2024,2024,2026_2024:0:58
2026_20240919_lazara,2026,Lazar,Maariv,2024-09-19,,hadash_taal,5,,True,2026_2024,2024,2026_2024:0:58
2026_20240919_lazara,2026,Lazar,Maariv,2024-09-19,,likud,24,,True,2026_2024,2024,2026_2024:0:58
2026_20240919_lazara,2026,Lazar,Maariv,2024-09-19,,new_hope,0,1.6,True,2026_2024,2024,2026_2024:0:58
2026_20240919_lazara,2026,Lazar,Maariv,2024-09-19,,otzma,8,,True,2026_2024,2024,2026_2024:0:58
2026_20240919_lazara,2026,Lazar,Maariv,2024-09-19,,raam,4,,True,2026_2024,2024,2026_2024:0:58
2026_20240919_lazara,2026,Lazar,Maariv,2024-09-19,,rzp,4,,True,2026_2024,2024,2026_2024:0:58
2026_20240919_lazara,2026,Lazar,Maariv,2024-09-19,,shas,9,,True,2026_2024,2024,2026_2024:0:58
2026_20240919_lazara,2026,Lazar,Maariv,2024-09-19,,utj,7,,True,2026_2024,2024,2026_2024:0:58
2026_20240919_lazara,2026,Lazar,Maariv,2024-09-19,,yesh_atid,15,,True,2026_2024,2024,2026_2024:0:58
2026_20240919_lazara,2026,Lazar,Maariv,2024-09-19,,yisrael_beytenu,14,,True,2026_2024,2024,2026_2024:0:58
2026_20240919_lazarb,2026,Lazar,Maariv,2024-09-19,,bennett_2026,21,,True,2026_2024,2024,2026_2024:0:59
2026_20240919_lazarb,2026,Lazar,Maariv,2024-09-19,,blue_white,13,,True,2026_2024,2024,2026_2024:0:59
2026_20240919_lazarb,2026,Lazar,Maariv,2024-09-19,,democrats,8,,True,2026_2024,2024,2026_2024:0:59
2026_20240919_lazarb,2026,Lazar,Maariv,2024-09-19,,hadash_taal,5,,True,2026_2024,2024,2026_2024:0:59
2026_20240919_lazarb,2026,Lazar,Maariv,2024-09-19,,likud,20,,True,2026_2024,2024,2026_2024:0:59
2026_20240919_lazarb,2026,Lazar,Maariv,2024-09-19,,otzma,8,,True,2026_2024,2024,2026_2024:0:59
2026_20240919_lazarb,2026,Lazar,Maariv,2024-09-19,,raam,4,,True,2026_2024,2024,2026_2024:0:59
2026_20240919_lazarb,2026,Lazar,Maariv,2024-09-19,,rzp,4,,True,2026_2024,2024,2026_2024:0:59
2026_20240919_lazarb,2026,Lazar,Maariv,2024-09-19,,shas,8,,True,2026_2024,2024,2026_2024:0:59
2026_20240919_lazarb,2026,Lazar,Maariv,2024-09-19,,utj,7,,True,2026_2024,2024,2026_2024:0:59
2026_20240919_lazarb,2026,Lazar,Maariv,2024-09-19,,yesh_atid,11,,True,2026_2024,2024,2026_2024:0:59
2026_20240919_lazarb,2026,Lazar,Maariv,2024-09-19,,yisrael_beytenu,11,,True,2026_2024,2024,2026_2024:0:59
2026_20240926_directpolls,2026,Direct Polls,Channel 14,2024-09-26,,balad,0,2.5,True,2026_2024,2024,2026_2024:0:54
2026_20240926_directpolls,2026,Direct Polls,Channel 14,2024-09-26,,blue_white,15,,True,2026_2024,2024,2026_2024:0:54
2026_20240926_directpolls,2026,Direct Polls,Channel 14,2024-09-26,,democrats,11,,True,2026_2024,2024,2026_2024:0:54
2026_20240926_directpolls,2026,Direct Polls,Channel 14,2024-09-26,,hadash_taal,4,,True,2026_2024,2024,2026_2024:0:54
2026_20240926_directpolls,2026,Direct Polls,Channel 14,2024-09-26,,likud,30,,True,2026_2024,2024,2026_2024:0:54
2026_20240926_directpolls,2026,Direct Polls,Channel 14,2024-09-26,,new_hope,0,0.4,True,2026_2024,2024,2026_2024:0:54
2026_20240926_directpolls,2026,Direct Polls,Channel 14,2024-09-26,,otzma,7,,True,2026_2024,2024,2026_2024:0:54
2026_20240926_directpolls,2026,Direct Polls,Channel 14,2024-09-26,,raam,6,,True,2026_2024,2024,2026_2024:0:54
2026_20240926_directpolls,2026,Direct Polls,Channel 14,2024-09-26,,rzp,5,,True,2026_2024,2024,2026_2024:0:54
2026_20240926_directpolls,2026,Direct Polls,Channel 14,2024-09-26,,shas,10,,True,2026_2024,2024,2026_2024:0:54
2026_20240926_directpolls,2026,Direct Polls,Channel 14,2024-09-26,,utj,8,,True,2026_2024,2024,2026_2024:0:54
2026_20240926_directpolls,2026,Direct Polls,Channel 14,2024-09-26,,yesh_atid,9,,True,2026_2024,2024,2026_2024:0:54
2026_20240926_directpolls,2026,Direct Polls,Channel 14,2024-09-26,,yisrael_beytenu,15,,True,2026_2024,2024,2026_2024:0:54
2026_20240926_lazara,2026,Lazar,Maariv,2024-09-26,,balad,0,2.2,True,2026_2024,2024,2026_2024:0:55
2026_20240926_lazara,2026,Lazar,Maariv,2024-09-26,,blue_white,19,,True,2026_2024,2024,2026_2024:0:55
2026_20240926_lazara,2026,Lazar,Maariv,2024-09-26,,democrats,9,,True,2026_2024,2024,2026_2024:0:55
2026_20240926_lazara,2026,Lazar,Maariv,2024-09-26,,hadash_taal,6,,True,2026_2024,2024,2026_2024:0:55
2026_20240926_lazara,2026,Lazar,Maariv,2024-09-26,,likud,25,,True,2026_2024,2024,2026_2024:0:55
2026_20240926_lazara,2026,Lazar,Maariv,2024-09-26,,new_hope,0,1.8,True,2026_2024,2024,2026_2024:0:55
2026_20240926_lazara,2026,Lazar,Maariv,2024-09-26,,otzma,8,,True,2026_2024,2024,2026_2024:0:55
2026_20240926_lazara,2026,Lazar,Maariv,2024-09-26,,raam,4,,True,2026_2024,2024,2026_2024:0:55
2026_20240926_lazara,2026,Lazar,Maariv,2024-09-26,,rzp,4,,True,2026_2024,2024,2026_2024:0:55
2026_20240926_lazara,2026,Lazar,Maariv,2024-09-26,,shas,10,,True,2026_2024,2024,2026_2024:0:55
2026_20240926_lazara,2026,Lazar,Maariv,2024-09-26,,utj,6,,True,2026_2024,2024,2026_2024:0:55
2026_20240926_lazara,2026,Lazar,Maariv,2024-09-26,,yesh_atid,15,,True,2026_2024,2024,2026_2024:0:55
2026_20240926_lazara,2026,Lazar,Maariv,2024-09-26,,yisrael_beytenu,14,,True,2026_2024,2024,2026_2024:0:55
2026_20240926_lazarb,2026,Lazar,Maariv,2024-09-26,,bennett_2026,21,,True,2026_2024,2024,2026_2024:0:56
2026_20240926_lazarb,2026,Lazar,Maariv,2024-09-26,,blue_white,12,,True,2026_2024,2024,2026_2024:0:56
2026_20240926_lazarb,2026,Lazar,Maariv,2024-09-26,,democrats,7,,True,2026_2024,2024,2026_2024:0:56
2026_20240926_lazarb,2026,Lazar,Maariv,2024-09-26,,hadash_taal,6,,True,2026_2024,2024,2026_2024:0:56
2026_20240926_lazarb,2026,Lazar,Maariv,2024-09-26,,likud,20,,True,2026_2024,2024,2026_2024:0:56
2026_20240926_lazarb,2026,Lazar,Maariv,2024-09-26,,otzma,8,,True,2026_2024,2024,2026_2024:0:56
2026_20240926_lazarb,2026,Lazar,Maariv,2024-09-26,,raam,4,,True,2026_2024,2024,2026_2024:0:56
2026_20240926_lazarb,2026,Lazar,Maariv,2024-09-26,,rzp,4,,True,2026_2024,2024,2026_2024:0:56
2026_20240926_lazarb,2026,Lazar,Maariv,2024-09-26,,shas,9,,True,2026_2024,2024,2026_2024:0:56
2026_20240926_lazarb,2026,Lazar,Maariv,2024-09-26,,utj,7,,True,2026_2024,2024,2026_2024:0:56
2026_20240926_lazarb,2026,Lazar,Maariv,2024-09-26,,yesh_atid,12,,True,2026_2024,2024,2026_2024:0:56
2026_20240926_lazarb,2026,Lazar,Maariv,2024-09-26,,yisrael_beytenu,10,,True,2026_2024,2024,2026_2024:0:56
2026_20240929_directpolls,2026,Direct Polls,Channel 14,2024-09-29,,balad,0,2.3,True,2026_2024,2024,2026_2024:0:51
2026_20240929_directpolls,2026,Direct Polls,Channel 14,2024-09-29,,blue_white,15,,True,2026_2024,2024,2026_2024:0:51
2026_20240929_directpolls,2026,Direct Polls,Channel 14,2024-09-29,,democrats,10,,True,2026_2024,2024,2026_2024:0:51
2026_20240929_directpolls,2026,Direct Polls,Channel 14,2024-09-29,,hadash_taal,5,,True,2026_2024,2024,2026_2024:0:51
2026_20240929_directpolls,2026,Direct Polls,Channel 14,2024-09-29,,likud,31,,True,2026_2024,2024,2026_2024:0:51
2026_20240929_directpolls,2026,Direct Polls,Channel 14,2024-09-29,,new_hope,0,0.6,True,2026_2024,2024,2026_2024:0:51
2026_20240929_directpolls,2026,Direct Polls,Channel 14,2024-09-29,,otzma,6,,True,2026_2024,2024,2026_2024:0:51
2026_20240929_directpolls,2026,Direct Polls,Channel 14,2024-09-29,,raam,5,,True,2026_2024,2024,2026_2024:0:51
2026_20240929_directpolls,2026,Direct Polls,Channel 14,2024-09-29,,rzp,5,,True,2026_2024,2024,2026_2024:0:51
2026_20240929_directpolls,2026,Direct Polls,Channel 14,2024-09-29,,shas,11,,True,2026_2024,2024,2026_2024:0:51
2026_20240929_directpolls,2026,Direct Polls,Channel 14,2024-09-29,,utj,8,,True,2026_2024,2024,2026_2024:0:51
2026_20240929_directpolls,2026,Direct Polls,Channel 14,2024-09-29,,yesh_atid,9,,True,2026_2024,2024,2026_2024:0:51
2026_20240929_directpolls,2026,Direct Polls,Channel 14,2024-09-29,,yisrael_beytenu,15,,True,2026_2024,2024,2026_2024:0:51
2026_20240929_midgama,2026,Midgam,HaHadashot 12,2024-09-29,,balad,0,2.2,True,2026_2024,2024,2026_2024:0:52
2026_20240929_midgama,2026,Midgam,HaHadashot 12,2024-09-29,,blue_white,21,,True,2026_2024,2024,2026_2024:0:52
2026_20240929_midgama,2026,Midgam,HaHadashot 12,2024-09-29,,democrats,11,,True,2026_2024,2024,2026_2024:0:52
2026_20240929_midgama,2026,Midgam,HaHadashot 12,2024-09-29,,hadash_taal,5,,True,2026_2024,2024,2026_2024:0:52
2026_20240929_midgama,2026,Midgam,HaHadashot 12,2024-09-29,,likud,25,,True,2026_2024,2024,2026_2024:0:52
2026_20240929_midgama,2026,Midgam,HaHadashot 12,2024-09-29,,new_hope,0,2.4,True,2026_2024,2024,2026_2024:0:52
2026_20240929_midgama,2026,Midgam,HaHadashot 12,2024-09-29,,otzma,6,,True,2026_2024,2024,2026_2024:0:52
2026_20240929_midgama,2026,Midgam,HaHadashot 12,2024-09-29,,raam,5,,True,2026_2024,2024,2026_2024:0:52
2026_20240929_midgama,2026,Midgam,HaHadashot 12,2024-09-29,,rzp,0,2.0,True,2026_2024,2024,2026_2024:0:52
2026_20240929_midgama,2026,Midgam,HaHadashot 12,2024-09-29,,shas,10,,True,2026_2024,2024,2026_2024:0:52
2026_20240929_midgama,2026,Midgam,HaHadashot 12,2024-09-29,,utj,8,,True,2026_2024,2024,2026_2024:0:52
2026_20240929_midgama,2026,Midgam,HaHadashot 12,2024-09-29,,yesh_atid,15,,True,2026_2024,2024,2026_2024:0:52
2026_20240929_midgama,2026,Midgam,HaHadashot 12,2024-09-29,,yisrael_beytenu,14,,True,2026_2024,2024,2026_2024:0:52
2026_20240929_midgamb,2026,Midgam,HaHadashot 12,2024-09-29,,balad,0,2.2,True,2026_2024,2024,2026_2024:0:53
2026_20240929_midgamb,2026,Midgam,HaHadashot 12,2024-09-29,,bennett_2026,20,,True,2026_2024,2024,2026_2024:0:53
2026_20240929_midgamb,2026,Midgam,HaHadashot 12,2024-09-29,,blue_white,13,,True,2026_2024,2024,2026_2024:0:53
2026_20240929_midgamb,2026,Midgam,HaHadashot 12,2024-09-29,,democrats,10,,True,2026_2024,2024,2026_2024:0:53
2026_20240929_midgamb,2026,Midgam,HaHadashot 12,2024-09-29,,hadash_taal,5,,True,2026_2024,2024,2026_2024:0:53
2026_20240929_midgamb,2026,Midgam,HaHadashot 12,2024-09-29,,likud,23,,True,2026_2024,2024,2026_2024:0:53
2026_20240929_midgamb,2026,Midgam,HaHadashot 12,2024-09-29,,new_hope,0,0.4,True,2026_2024,2024,2026_2024:0:53
2026_20240929_midgamb,2026,Midgam,HaHadashot 12,2024-09-29,,otzma,5,,True,2026_2024,2024,2026_2024:0:53
2026_20240929_midgamb,2026,Midgam,HaHadashot 12,2024-09-29,,raam,5,,True,2026_2024,2024,2026_2024:0:53
2026_20240929_midgamb,2026,Midgam,HaHadashot 12,2024-09-29,,rzp,0,2.0,True,2026_2024,2024,2026_2024:0:53
2026_20240929_midgamb,2026,Midgam,HaHadashot 12,2024-09-29,,shas,10,,True,2026_2024,2024,2026_2024:0:53
2026_20240929_midgamb,2026,Midgam,HaHadashot 12,2024-09-29,,utj,8,,True,2026_2024,2024,2026_2024:0:53
2026_20240929_midgamb,2026,Midgam,HaHadashot 12,2024-09-29,,yesh_atid,12,,True,2026_2024,2024,2026_2024:0:53
2026_20240929_midgamb,2026,Midgam,HaHadashot 12,2024-09-29,,yisrael_beytenu,9,,True,2026_2024,2024,2026_2024:0:53
2026_20240930_lazara,2026,Lazar,Maariv,2024-09-30,,balad,0,1.4,True,2026_2024,2024,2026_2024:0:48
2026_20240930_lazara,2026,Lazar,Maariv,2024-09-30,,blue_white,19,,True,2026_2024,2024,2026_2024:0:48
2026_20240930_lazara,2026,Lazar,Maariv,2024-09-30,,democrats,9,,True,2026_2024,2024,2026_2024:0:48
2026_20240930_lazara,2026,Lazar,Maariv,2024-09-30,,hadash_taal,5,,True,2026_2024,2024,2026_2024:0:48
2026_20240930_lazara,2026,Lazar,Maariv,2024-09-30,,likud,26,,True,2026_2024,2024,2026_2024:0:48
2026_20240930_lazara,2026,Lazar,Maariv,2024-09-30,,new_hope,0,1.2,True,2026_2024,2024,2026_2024:0:48
2026_20240930_lazara,2026,Lazar,Maariv,2024-09-30,,otzma,7,,True,2026_2024,2024,2026_2024:0:48
2026_20240930_lazara,2026,Lazar,Maariv,2024-09-30,,raam,5,,True,2026_2024,2024,2026_2024:0:48
2026_20240930_lazara,2026,Lazar,Maariv,2024-09-30,,rzp,4,,True,2026_2024,2024,2026_2024:0:48
2026_20240930_lazara,2026,Lazar,Maariv,2024-09-30,,shas,10,,True,2026_2024,2024,2026_2024:0:48
2026_20240930_lazara,2026,Lazar,Maariv,2024-09-30,,utj,7,,True,2026_2024,2024,2026_2024:0:48
2026_20240930_lazara,2026,Lazar,Maariv,2024-09-30,,yesh_atid,14,,True,2026_2024,2024,2026_2024:0:48
2026_20240930_lazara,2026,Lazar,Maariv,2024-09-30,,yisrael_beytenu,14,,True,2026_2024,2024,2026_2024:0:48
2026_20240930_lazarb,2026,Lazar,Maariv,2024-09-30,,bennett_2026,20,,True,2026_2024,2024,2026_2024:0:49
2026_20240930_lazarb,2026,Lazar,Maariv,2024-09-30,,blue_white,13,,True,2026_2024,2024,2026_2024:0:49
2026_20240930_lazarb,2026,Lazar,Maariv,2024-09-30,,democrats,7,,True,2026_2024,2024,2026_2024:0:49
2026_20240930_lazarb,2026,Lazar,Maariv,2024-09-30,,hadash_taal,5,,True,2026_2024,2024,2026_2024:0:49
2026_20240930_lazarb,2026,Lazar,Maariv,2024-09-30,,likud,23,,True,2026_2024,2024,2026_2024:0:49
2026_20240930_lazarb,2026,Lazar,Maariv,2024-09-30,,otzma,7,,True,2026_2024,2024,2026_2024:0:49
2026_20240930_lazarb,2026,Lazar,Maariv,2024-09-30,,raam,5,,True,2026_2024,2024,2026_2024:0:49
2026_20240930_lazarb,2026,Lazar,Maariv,2024-09-30,,rzp,4,,True,2026_2024,2024,2026_2024:0:49
2026_20240930_lazarb,2026,Lazar,Maariv,2024-09-30,,shas,8,,True,2026_2024,2024,2026_2024:0:49
2026_20240930_lazarb,2026,Lazar,Maariv,2024-09-30,,utj,7,,True,2026_2024,2024,2026_2024:0:49
2026_20240930_lazarb,2026,Lazar,Maariv,2024-09-30,,yesh_atid,11,,True,2026_2024,2024,2026_2024:0:49
2026_20240930_lazarb,2026,Lazar,Maariv,2024-09-30,,yisrael_beytenu,10,,True,2026_2024,2024,2026_2024:0:49
2026_20241010_lazar,2026,Lazar,Maariv,2024-10-10,,balad,0,1.8,True,2026_2024,2024,2026_2024:0:47
2026_20241010_lazar,2026,Lazar,Maariv,2024-10-10,,blue_white,20,,True,2026_2024,2024,2026_2024:0:47
2026_20241010_lazar,2026,Lazar,Maariv,2024-10-10,,democrats,10,,True,2026_2024,2024,2026_2024:0:47
2026_20241010_lazar,2026,Lazar,Maariv,2024-10-10,,hadash_taal,5,,True,2026_2024,2024,2026_2024:0:47
2026_20241010_lazar,2026,Lazar,Maariv,2024-10-10,,likud,24,,True,2026_2024,2024,2026_2024:0:47
2026_20241010_lazar,2026,Lazar,Maariv,2024-10-10,,new_hope,0,2.1,True,2026_2024,2024,2026_2024:0:47
2026_20241010_lazar,2026,Lazar,Maariv,2024-10-10,,otzma,7,,True,2026_2024,2024,2026_2024:0:47
2026_20241010_lazar,2026,Lazar,Maariv,2024-10-10,,raam,5,,True,2026_2024,2024,2026_2024:0:47
2026_20241010_lazar,2026,Lazar,Maariv,2024-10-10,,rzp,4,,True,2026_2024,2024,2026_2024:0:47
2026_20241010_lazar,2026,Lazar,Maariv,2024-10-10,,shas,10,,True,2026_2024,2024,2026_2024:0:47
2026_20241010_lazar,2026,Lazar,Maariv,2024-10-10,,utj,7,,True,2026_2024,2024,2026_2024:0:47
2026_20241010_lazar,2026,Lazar,Maariv,2024-10-10,,yesh_atid,14,,True,2026_2024,2024,2026_2024:0:47
2026_20241010_lazar,2026,Lazar,Maariv,2024-10-10,,yisrael_beytenu,14,,True,2026_2024,2024,2026_2024:0:47
2026_20241015_directpolls,2026,Direct Polls,Channel 14,2024-10-15,,balad,0,2.2,True,2026_2024,2024,2026_2024:0:46
2026_20241015_directpolls,2026,Direct Polls,Channel 14,2024-10-15,,blue_white,15,,True,2026_2024,2024,2026_2024:0:46
2026_20241015_directpolls,2026,Direct Polls,Channel 14,2024-10-15,,democrats,10,,True,2026_2024,2024,2026_2024:0:46
2026_20241015_directpolls,2026,Direct Polls,Channel 14,2024-10-15,,hadash_taal,5,,True,2026_2024,2024,2026_2024:0:46
2026_20241015_directpolls,2026,Direct Polls,Channel 14,2024-10-15,,likud,33,,True,2026_2024,2024,2026_2024:0:46
2026_20241015_directpolls,2026,Direct Polls,Channel 14,2024-10-15,,new_hope,0,0.7,True,2026_2024,2024,2026_2024:0:46
2026_20241015_directpolls,2026,Direct Polls,Channel 14,2024-10-15,,otzma,7,,True,2026_2024,2024,2026_2024:0:46
2026_20241015_directpolls,2026,Direct Polls,Channel 14,2024-10-15,,raam,5,,True,2026_2024,2024,2026_2024:0:46
2026_20241015_directpolls,2026,Direct Polls,Channel 14,2024-10-15,,rzp,4,,True,2026_2024,2024,2026_2024:0:46
2026_20241015_directpolls,2026,Direct Polls,Channel 14,2024-10-15,,shas,10,,True,2026_2024,2024,2026_2024:0:46
2026_20241015_directpolls,2026,Direct Polls,Channel 14,2024-10-15,,utj,8,,True,2026_2024,2024,2026_2024:0:46
2026_20241015_directpolls,2026,Direct Polls,Channel 14,2024-10-15,,yesh_atid,8,,True,2026_2024,2024,2026_2024:0:46
2026_20241015_directpolls,2026,Direct Polls,Channel 14,2024-10-15,,yisrael_beytenu,15,,True,2026_2024,2024,2026_2024:0:46
2026_20241018_lazara,2026,Lazar,Maariv,2024-10-18,,balad,0,1.2,True,2026_2024,2024,2026_2024:0:44
2026_20241018_lazara,2026,Lazar,Maariv,2024-10-18,,blue_white,20,,True,2026_2024,2024,2026_2024:0:44
2026_20241018_lazara,2026,Lazar,Maariv,2024-10-18,,democrats,10,,True,2026_2024,2024,2026_2024:0:44
2026_20241018_lazara,2026,Lazar,Maariv,2024-10-18,,hadash_taal,6,,True,2026_2024,2024,2026_2024:0:44
2026_20241018_lazara,2026,Lazar,Maariv,2024-10-18,,likud,23,,True,2026_2024,2024,2026_2024:0:44
2026_20241018_lazara,2026,Lazar,Maariv,2024-10-18,,new_hope,0,1.5,True,2026_2024,2024,2026_2024:0:44
2026_20241018_lazara,2026,Lazar,Maariv,2024-10-18,,otzma,7,,True,2026_2024,2024,2026_2024:0:44
2026_20241018_lazara,2026,Lazar,Maariv,2024-10-18,,raam,5,,True,2026_2024,2024,2026_2024:0:44
2026_20241018_lazara,2026,Lazar,Maariv,2024-10-18,,rzp,4,,True,2026_2024,2024,2026_2024:0:44
2026_20241018_lazara,2026,Lazar,Maariv,2024-10-18,,shas,10,,True,2026_2024,2024,2026_2024:0:44
2026_20241018_lazara,2026,Lazar,Maariv,2024-10-18,,utj,7,,True,2026_2024,2024,2026_2024:0:44
2026_20241018_lazara,2026,Lazar,Maariv,2024-10-18,,yesh_atid,14,,True,2026_2024,2024,2026_2024:0:44
2026_20241018_lazara,2026,Lazar,Maariv,2024-10-18,,yisrael_beytenu,14,,True,2026_2024,2024,2026_2024:0:44
2026_20241018_lazarb,2026,Lazar,Maariv,2024-10-18,,bennett_2026,23,,True,2026_2024,2024,2026_2024:0:45
2026_20241018_lazarb,2026,Lazar,Maariv,2024-10-18,,blue_white,13,,True,2026_2024,2024,2026_2024:0:45
2026_20241018_lazarb,2026,Lazar,Maariv,2024-10-18,,democrats,8,,True,2026_2024,2024,2026_2024:0:45
2026_20241018_lazarb,2026,Lazar,Maariv,2024-10-18,,hadash_taal,5,,True,2026_2024,2024,2026_2024:0:45
2026_20241018_lazarb,2026,Lazar,Maariv,2024-10-18,,likud,18,,True,2026_2024,2024,2026_2024:0:45
2026_20241018_lazarb,2026,Lazar,Maariv,2024-10-18,,otzma,7,,True,2026_2024,2024,2026_2024:0:45
2026_20241018_lazarb,2026,Lazar,Maariv,2024-10-18,,raam,5,,True,2026_2024,2024,2026_2024:0:45
2026_20241018_lazarb,2026,Lazar,Maariv,2024-10-18,,rzp,4,,True,2026_2024,2024,2026_2024:0:45
2026_20241018_lazarb,2026,Lazar,Maariv,2024-10-18,,shas,10,,True,2026_2024,2024,2026_2024:0:45
2026_20241018_lazarb,2026,Lazar,Maariv,2024-10-18,,utj,7,,True,2026_2024,2024,2026_2024:0:45
2026_20241018_lazarb,2026,Lazar,Maariv,2024-10-18,,yesh_atid,11,,True,2026_2024,2024,2026_2024:0:45
2026_20241018_lazarb,2026,Lazar,Maariv,2024-10-18,,yisrael_beytenu,9,,True,2026_2024,2024,2026_2024:0:45
2026_20241019_maagarmochot,2026,Maagar Mochot,Channel 13,2024-10-19,,blue_white,21,,True,2026_2024,2024,2026_2024:0:43
2026_20241019_maagarmochot,2026,Maagar Mochot,Channel 13,2024-10-19,,democrats,9,,True,2026_2024,2024,2026_2024:0:43
2026_20241019_maagarmochot,2026,Maagar Mochot,Channel 13,2024-10-19,,hadash_taal,5,,True,2026_2024,2024,2026_2024:0:43
2026_20241019_maagarmochot,2026,Maagar Mochot,Channel 13,2024-10-19,,likud,25,,True,2026_2024,2024,2026_2024:0:43
2026_20241019_maagarmochot,2026,Maagar Mochot,Channel 13,2024-10-19,,otzma,8,,True,2026_2024,2024,2026_2024:0:43
2026_20241019_maagarmochot,2026,Maagar Mochot,Channel 13,2024-10-19,,raam,4,,True,2026_2024,2024,2026_2024:0:43
2026_20241019_maagarmochot,2026,Maagar Mochot,Channel 13,2024-10-19,,rzp,5,,True,2026_2024,2024,2026_2024:0:43
2026_20241019_maagarmochot,2026,Maagar Mochot,Channel 13,2024-10-19,,shas,10,,True,2026_2024,2024,2026_2024:0:43
2026_20241019_maagarmochot,2026,Maagar Mochot,Channel 13,2024-10-19,,utj,7,,True,2026_2024,2024,2026_2024:0:43
2026_20241019_maagarmochot,2026,Maagar Mochot,Channel 13,2024-10-19,,yesh_atid,13,,True,2026_2024,2024,2026_2024:0:43
2026_20241019_maagarmochot,2026,Maagar Mochot,Channel 13,2024-10-19,,yisrael_beytenu,13,,True,2026_2024,2024,2026_2024:0:43
2026_20241023_lazar,2026,Lazar,Maariv,2024-10-23,,balad,0,1.6,True,2026_2024,2024,2026_2024:0:42
2026_20241023_lazar,2026,Lazar,Maariv,2024-10-23,,blue_white,21,,True,2026_2024,2024,2026_2024:0:42
2026_20241023_lazar,2026,Lazar,Maariv,2024-10-23,,democrats,10,,True,2026_2024,2024,2026_2024:0:42
2026_20241023_lazar,2026,Lazar,Maariv,2024-10-23,,hadash_taal,5,,True,2026_2024,2024,2026_2024:0:42
2026_20241023_lazar,2026,Lazar,Maariv,2024-10-23,,likud,25,,True,2026_2024,2024,2026_2024:0:42
2026_20241023_lazar,2026,Lazar,Maariv,2024-10-23,,new_hope,0,1.9,True,2026_2024,2024,2026_2024:0:42
2026_20241023_lazar,2026,Lazar,Maariv,2024-10-23,,otzma,8,,True,2026_2024,2024,2026_2024:0:42
2026_20241023_lazar,2026,Lazar,Maariv,2024-10-23,,raam,5,,True,2026_2024,2024,2026_2024:0:42
2026_20241023_lazar,2026,Lazar,Maariv,2024-10-23,,rzp,0,2.2,True,2026_2024,2024,2026_2024:0:42
2026_20241023_lazar,2026,Lazar,Maariv,2024-10-23,,shas,10,,True,2026_2024,2024,2026_2024:0:42
2026_20241023_lazar,2026,Lazar,Maariv,2024-10-23,,utj,7,,True,2026_2024,2024,2026_2024:0:42
2026_20241023_lazar,2026,Lazar,Maariv,2024-10-23,,yesh_atid,14,,True,2026_2024,2024,2026_2024:0:42
2026_20241023_lazar,2026,Lazar,Maariv,2024-10-23,,yisrael_beytenu,15,,True,2026_2024,2024,2026_2024:0:42
2026_20241027_directpolls,2026,Direct Polls,Channel 14,2024-10-27,,balad,0,2.0,True,2026_2024,2024,2026_2024:0:41
2026_20241027_directpolls,2026,Direct Polls,Channel 14,2024-10-27,,blue_white,14,,True,2026_2024,2024,2026_2024:0:41
2026_20241027_directpolls,2026,Direct Polls,Channel 14,2024-10-27,,democrats,11,,True,2026_2024,2024,2026_2024:0:41
2026_20241027_directpolls,2026,Direct Polls,Channel 14,2024-10-27,,hadash_taal,5,,True,2026_2024,2024,2026_2024:0:41
2026_20241027_directpolls,2026,Direct Polls,Channel 14,2024-10-27,,likud,33,,True,2026_2024,2024,2026_2024:0:41
2026_20241027_directpolls,2026,Direct Polls,Channel 14,2024-10-27,,new_hope,0,1.0,True,2026_2024,2024,2026_2024:0:41
2026_20241027_directpolls,2026,Direct Polls,Channel 14,2024-10-27,,otzma,6,,True,2026_2024,2024,2026_2024:0:41
2026_20241027_directpolls,2026,Direct Polls,Channel 14,2024-10-27,,raam,5,,True,2026_2024,2024,2026_2024:0:41
2026_20241027_directpolls,2026,Direct Polls,Channel 14,2024-10-27,,rzp,5,,True,2026_2024,2024,2026_2024:0:41
2026_20241027_directpolls,2026,Direct Polls,Channel 14,2024-10-27,,shas,10,,True,2026_2024,2024,2026_2024:0:41
2026_20241027_directpolls,2026,Direct Polls,Channel 14,2024-10-27,,utj,8,,True,2026_2024,2024,2026_2024:0:41
2026_20241027_directpolls,2026,Direct Polls,Channel 14,2024-10-27,,yesh_atid,9,,True,2026_2024,2024,2026_2024:0:41
2026_20241027_directpolls,2026,Direct Polls,Channel 14,2024-10-27,,yisrael_beytenu,14,,True,2026_2024,2024,2026_2024:0:41
2026_20241028_midgama,2026,Midgam,HaHadashot 12,2024-10-28,,balad,0,2.6,True,2026_2024,2024,2026_2024:0:39
2026_20241028_midgama,2026,Midgam,HaHadashot 12,2024-10-28,,blue_white,22,,True,2026_2024,2024,2026_2024:0:39
2026_20241028_midgama,2026,Midgam,HaHadashot 12,2024-10-28,,democrats,10,,True,2026_2024,2024,2026_2024:0:39
2026_20241028_midgama,2026,Midgam,HaHadashot 12,2024-10-28,,hadash_taal,5,,True,2026_2024,2024,2026_2024:0:39
2026_20241028_midgama,2026,Midgam,HaHadashot 12,2024-10-28,,likud,26,,True,2026_2024,2024,2026_2024:0:39
2026_20241028_midgama,2026,Midgam,HaHadashot 12,2024-10-28,,new_hope,0,1.0,True,2026_2024,2024,2026_2024:0:39
2026_20241028_midgama,2026,Midgam,HaHadashot 12,2024-10-28,,otzma,8,,True,2026_2024,2024,2026_2024:0:39
2026_20241028_midgama,2026,Midgam,HaHadashot 12,2024-10-28,,raam,5,,True,2026_2024,2024,2026_2024:0:39
2026_20241028_midgama,2026,Midgam,HaHadashot 12,2024-10-28,,rzp,0,2.9,True,2026_2024,2024,2026_2024:0:39
2026_20241028_midgama,2026,Midgam,HaHadashot 12,2024-10-28,,shas,10,,True,2026_2024,2024,2026_2024:0:39
2026_20241028_midgama,2026,Midgam,HaHadashot 12,2024-10-28,,utj,8,,True,2026_2024,2024,2026_2024:0:39
2026_20241028_midgama,2026,Midgam,HaHadashot 12,2024-10-28,,yesh_atid,13,,True,2026_2024,2024,2026_2024:0:39
2026_20241028_midgama,2026,Midgam,HaHadashot 12,2024-10-28,,yisrael_beytenu,13,,True,2026_2024,2024,2026_2024:0:39
2026_20241028_midgamb,2026,Midgam,HaHadashot 12,2024-10-28,,balad,0,2.6,True,2026_2024,2024,2026_2024:0:40
2026_20241028_midgamb,2026,Midgam,HaHadashot 12,2024-10-28,,bennett_2026,21,,True,2026_2024,2024,2026_2024:0:40
2026_20241028_midgamb,2026,Midgam,HaHadashot 12,2024-10-28,,blue_white,13,,True,2026_2024,2024,2026_2024:0:40
2026_20241028_midgamb,2026,Midgam,HaHadashot 12,2024-10-28,,democrats,9,,True,2026_2024,2024,2026_2024:0:40
2026_20241028_midgamb,2026,Midgam,HaHadashot 12,2024-10-28,,hadash_taal,5,,True,2026_2024,2024,2026_2024:0:40
2026_20241028_midgamb,2026,Midgam,HaHadashot 12,2024-10-28,,likud,24,,True,2026_2024,2024,2026_2024:0:40
2026_20241028_midgamb,2026,Midgam,HaHadashot 12,2024-10-28,,new_hope,0,0.8,True,2026_2024,2024,2026_2024:0:40
2026_20241028_midgamb,2026,Midgam,HaHadashot 12,2024-10-28,,otzma,7,,True,2026_2024,2024,2026_2024:0:40
2026_20241028_midgamb,2026,Midgam,HaHadashot 12,2024-10-28,,raam,5,,True,2026_2024,2024,2026_2024:0:40
2026_20241028_midgamb,2026,Midgam,HaHadashot 12,2024-10-28,,rzp,0,2.8,True,2026_2024,2024,2026_2024:0:40
2026_20241028_midgamb,2026,Midgam,HaHadashot 12,2024-10-28,,shas,10,,True,2026_2024,2024,2026_2024:0:40
2026_20241028_midgamb,2026,Midgam,HaHadashot 12,2024-10-28,,utj,8,,True,2026_2024,2024,2026_2024:0:40
2026_20241028_midgamb,2026,Midgam,HaHadashot 12,2024-10-28,,yesh_atid,10,,True,2026_2024,2024,2026_2024:0:40
2026_20241028_midgamb,2026,Midgam,HaHadashot 12,2024-10-28,,yisrael_beytenu,8,,True,2026_2024,2024,2026_2024:0:40
2026_20241031_lazara,2026,Lazar,Maariv,2024-10-31,,blue_white,20,,True,2026_2024,2024,2026_2024:0:37
2026_20241031_lazara,2026,Lazar,Maariv,2024-10-31,,democrats,11,,True,2026_2024,2024,2026_2024:0:37
2026_20241031_lazara,2026,Lazar,Maariv,2024-10-31,,hadash_taal,5,,True,2026_2024,2024,2026_2024:0:37
2026_20241031_lazara,2026,Lazar,Maariv,2024-10-31,,likud,23,,True,2026_2024,2024,2026_2024:0:37
2026_20241031_lazara,2026,Lazar,Maariv,2024-10-31,,otzma,8,,True,2026_2024,2024,2026_2024:0:37
2026_20241031_lazara,2026,Lazar,Maariv,2024-10-31,,raam,5,,True,2026_2024,2024,2026_2024:0:37
2026_20241031_lazara,2026,Lazar,Maariv,2024-10-31,,rzp,4,,True,2026_2024,2024,2026_2024:0:37
2026_20241031_lazara,2026,Lazar,Maariv,2024-10-31,,shas,10,,True,2026_2024,2024,2026_2024:0:37
2026_20241031_lazara,2026,Lazar,Maariv,2024-10-31,,utj,7,,True,2026_2024,2024,2026_2024:0:37
2026_20241031_lazara,2026,Lazar,Maariv,2024-10-31,,yesh_atid,13,,True,2026_2024,2024,2026_2024:0:37
2026_20241031_lazara,2026,Lazar,Maariv,2024-10-31,,yisrael_beytenu,14,,True,2026_2024,2024,2026_2024:0:37
2026_20241031_lazarb,2026,Lazar,Maariv,2024-10-31,,bennett_2026,24,,True,2026_2024,2024,2026_2024:0:38
2026_20241031_lazarb,2026,Lazar,Maariv,2024-10-31,,blue_white,15,,True,2026_2024,2024,2026_2024:0:38
2026_20241031_lazarb,2026,Lazar,Maariv,2024-10-31,,democrats,10,,True,2026_2024,2024,2026_2024:0:38
2026_20241031_lazarb,2026,Lazar,Maariv,2024-10-31,,hadash_taal,5,,True,2026_2024,2024,2026_2024:0:38
2026_20241031_lazarb,2026,Lazar,Maariv,2024-10-31,,likud,19,,True,2026_2024,2024,2026_2024:0:38
2026_20241031_lazarb,2026,Lazar,Maariv,2024-10-31,,otzma,7,,True,2026_2024,2024,2026_2024:0:38
2026_20241031_lazarb,2026,Lazar,Maariv,2024-10-31,,raam,5,,True,2026_2024,2024,2026_2024:0:38
2026_20241031_lazarb,2026,Lazar,Maariv,2024-10-31,,shas,10,,True,2026_2024,2024,2026_2024:0:38
2026_20241031_lazarb,2026,Lazar,Maariv,2024-10-31,,utj,7,,True,2026_2024,2024,2026_2024:0:38
2026_20241031_lazarb,2026,Lazar,Maariv,2024-10-31,,yesh_atid,10,,True,2026_2024,2024,2026_2024:0:38
2026_20241031_lazarb,2026,Lazar,Maariv,2024-10-31,,yisrael_beytenu,8,,True,2026_2024,2024,2026_2024:0:38
2026_20241106_directpolls,2026,Direct Polls,Channel 14,2024-11-06,,balad,0,2.2,True,2026_2024,2024,2026_2024:0:33
2026_20241106_directpolls,2026,Direct Polls,Channel 14,2024-11-06,,blue_white,16,,True,2026_2024,2024,2026_2024:0:33
2026_20241106_directpolls,2026,Direct Polls,Channel 14,2024-11-06,,democrats,10,,True,2026_2024,2024,2026_2024:0:33
2026_20241106_directpolls,2026,Direct Polls,Channel 14,2024-11-06,,hadash_taal,5,,True,2026_2024,2024,2026_2024:0:33
2026_20241106_directpolls,2026,Direct Polls,Channel 14,2024-11-06,,likud,33,,True,2026_2024,2024,2026_2024:0:33
2026_20241106_directpolls,2026,Direct Polls,Channel 14,2024-11-06,,new_hope,0,0.7,True,2026_2024,2024,2026_2024:0:33
2026_20241106_directpolls,2026,Direct Polls,Channel 14,2024-11-06,,otzma,6,,True,2026_2024,2024,2026_2024:0:33
2026_20241106_directpolls,2026,Direct Polls,Channel 14,2024-11-06,,raam,5,,True,2026_2024,2024,2026_2024:0:33
2026_20241106_directpolls,2026,Direct Polls,Channel 14,2024-11-06,,rzp,5,,True,2026_2024,2024,2026_2024:0:33
2026_20241106_directpolls,2026,Direct Polls,Channel 14,2024-11-06,,shas,10,,True,2026_2024,2024,2026_2024:0:33
2026_20241106_directpolls,2026,Direct Polls,Channel 14,2024-11-06,,utj,8,,True,2026_2024,2024,2026_2024:0:33
2026_20241106_directpolls,2026,Direct Polls,Channel 14,2024-11-06,,yesh_atid,8,,True,2026_2024,2024,2026_2024:0:33
2026_20241106_directpolls,2026,Direct Polls,Channel 14,2024-11-06,,yisrael_beytenu,14,,True,2026_2024,2024,2026_2024:0:33
2026_20241106_maagarmochota,2026,Maagar Mochot,i24 News,2024-11-06,,balad,0,2.8,True,2026_2024,2024,2026_2024:0:34
2026_20241106_maagarmochota,2026,Maagar Mochot,i24 News,2024-11-06,,blue_white,20,,True,2026_2024,2024,2026_2024:0:34
2026_20241106_maagarmochota,2026,Maagar Mochot,i24 News,2024-11-06,,democrats,9,,True,2026_2024,2024,2026_2024:0:34
2026_20241106_maagarmochota,2026,Maagar Mochot,i24 News,2024-11-06,,hadash_taal,5,,True,2026_2024,2024,2026_2024:0:34
2026_20241106_maagarmochota,2026,Maagar Mochot,i24 News,2024-11-06,,likud,26,,True,2026_2024,2024,2026_2024:0:34
2026_20241106_maagarmochota,2026,Maagar Mochot,i24 News,2024-11-06,,new_hope,0,1.7,True,2026_2024,2024,2026_2024:0:34
2026_20241106_maagarmochota,2026,Maagar Mochot,i24 News,2024-11-06,,otzma,10,,True,2026_2024,2024,2026_2024:0:34
2026_20241106_maagarmochota,2026,Maagar Mochot,i24 News,2024-11-06,,raam,5,,True,2026_2024,2024,2026_2024:0:34
2026_20241106_maagarmochota,2026,Maagar Mochot,i24 News,2024-11-06,,rzp,0,3.0,True,2026_2024,2024,2026_2024:0:34
2026_20241106_maagarmochota,2026,Maagar Mochot,i24 News,2024-11-06,,shas,10,,True,2026_2024,2024,2026_2024:0:34
2026_20241106_maagarmochota,2026,Maagar Mochot,i24 News,2024-11-06,,utj,7,,True,2026_2024,2024,2026_2024:0:34
2026_20241106_maagarmochota,2026,Maagar Mochot,i24 News,2024-11-06,,yesh_atid,12,,True,2026_2024,2024,2026_2024:0:34
2026_20241106_maagarmochota,2026,Maagar Mochot,i24 News,2024-11-06,,yisrael_beytenu,16,,True,2026_2024,2024,2026_2024:0:34
2026_20241106_maagarmochotb,2026,Maagar Mochot,i24 News,2024-11-06,,bennett_2026,27,,True,2026_2024,2024,2026_2024:0:35
2026_20241106_maagarmochotb,2026,Maagar Mochot,i24 News,2024-11-06,,blue_white,12,,True,2026_2024,2024,2026_2024:0:35
2026_20241106_maagarmochotb,2026,Maagar Mochot,i24 News,2024-11-06,,democrats,8,,True,2026_2024,2024,2026_2024:0:35
2026_20241106_maagarmochotb,2026,Maagar Mochot,i24 News,2024-11-06,,hadash_taal,4,,True,2026_2024,2024,2026_2024:0:35
2026_20241106_maagarmochotb,2026,Maagar Mochot,i24 News,2024-11-06,,likud,23,,True,2026_2024,2024,2026_2024:0:35
2026_20241106_maagarmochotb,2026,Maagar Mochot,i24 News,2024-11-06,,otzma,9,,True,2026_2024,2024,2026_2024:0:35
2026_20241106_maagarmochotb,2026,Maagar Mochot,i24 News,2024-11-06,,raam,5,,True,2026_2024,2024,2026_2024:0:35
2026_20241106_maagarmochotb,2026,Maagar Mochot,i24 News,2024-11-06,,shas,9,,True,2026_2024,2024,2026_2024:0:35
2026_20241106_maagarmochotb,2026,Maagar Mochot,i24 News,2024-11-06,,utj,7,,True,2026_2024,2024,2026_2024:0:35
2026_20241106_maagarmochotb,2026,Maagar Mochot,i24 News,2024-11-06,,yesh_atid,8,,True,2026_2024,2024,2026_2024:0:35
2026_20241106_maagarmochotb,2026,Maagar Mochot,i24 News,2024-11-06,,yisrael_beytenu,8,,True,2026_2024,2024,2026_2024:0:35
2026_20241106_midgam,2026,Midgam,HaHadashot 12,2024-11-06,,balad,0,2.8,True,2026_2024,2024,2026_2024:0:36
2026_20241106_midgam,2026,Midgam,HaHadashot 12,2024-11-06,,blue_white,20,,True,2026_2024,2024,2026_2024:0:36
2026_20241106_midgam,2026,Midgam,HaHadashot 12,2024-11-06,,democrats,11,,True,2026_2024,2024,2026_2024:0:36
2026_20241106_midgam,2026,Midgam,HaHadashot 12,2024-11-06,,hadash_taal,5,,True,2026_2024,2024,2026_2024:0:36
2026_20241106_midgam,2026,Midgam,HaHadashot 12,2024-11-06,,likud,25,,True,2026_2024,2024,2026_2024:0:36
2026_20241106_midgam,2026,Midgam,HaHadashot 12,2024-11-06,,new_hope,0,1.3,True,2026_2024,2024,2026_2024:0:36
2026_20241106_midgam,2026,Midgam,HaHadashot 12,2024-11-06,,otzma,8,,True,2026_2024,2024,2026_2024:0:36
2026_20241106_midgam,2026,Midgam,HaHadashot 12,2024-11-06,,raam,5,,True,2026_2024,2024,2026_2024:0:36
2026_20241106_midgam,2026,Midgam,HaHadashot 12,2024-11-06,,rzp,0,2.9,True,2026_2024,2024,2026_2024:0:36
2026_20241106_midgam,2026,Midgam,HaHadashot 12,2024-11-06,,shas,10,,True,2026_2024,2024,2026_2024:0:36
2026_20241106_midgam,2026,Midgam,HaHadashot 12,2024-11-06,,utj,8,,True,2026_2024,2024,2026_2024:0:36
2026_20241106_midgam,2026,Midgam,HaHadashot 12,2024-11-06,,yesh_atid,15,,True,2026_2024,2024,2026_2024:0:36
2026_20241106_midgam,2026,Midgam,HaHadashot 12,2024-11-06,,yisrael_beytenu,13,,True,2026_2024,2024,2026_2024:0:36
2026_20241108_lazar,2026,Lazar,Maariv,2024-11-08,,balad,0,1.6,True,2026_2024,2024,2026_2024:0:32
2026_20241108_lazar,2026,Lazar,Maariv,2024-11-08,,blue_white,19,,True,2026_2024,2024,2026_2024:0:32
2026_20241108_lazar,2026,Lazar,Maariv,2024-11-08,,democrats,13,,True,2026_2024,2024,2026_2024:0:32
2026_20241108_lazar,2026,Lazar,Maariv,2024-11-08,,hadash_taal,5,,True,2026_2024,2024,2026_2024:0:32
2026_20241108_lazar,2026,Lazar,Maariv,2024-11-08,,likud,24,,True,2026_2024,2024,2026_2024:0:32
2026_20241108_lazar,2026,Lazar,Maariv,2024-11-08,,new_hope,0,1.9,True,2026_2024,2024,2026_2024:0:32
2026_20241108_lazar,2026,Lazar,Maariv,2024-11-08,,otzma,8,,True,2026_2024,2024,2026_2024:0:32
2026_20241108_lazar,2026,Lazar,Maariv,2024-11-08,,raam,5,,True,2026_2024,2024,2026_2024:0:32
2026_20241108_lazar,2026,Lazar,Maariv,2024-11-08,,rzp,0,2.9,True,2026_2024,2024,2026_2024:0:32
2026_20241108_lazar,2026,Lazar,Maariv,2024-11-08,,shas,10,,True,2026_2024,2024,2026_2024:0:32
2026_20241108_lazar,2026,Lazar,Maariv,2024-11-08,,utj,7,,True,2026_2024,2024,2026_2024:0:32
2026_20241108_lazar,2026,Lazar,Maariv,2024-11-08,,yesh_atid,15,,True,2026_2024,2024,2026_2024:0:32
2026_20241108_lazar,2026,Lazar,Maariv,2024-11-08,,yisrael_beytenu,14,,True,2026_2024,2024,2026_2024:0:32
2026_20241115_lazara,2026,Lazar,Maariv,2024-11-15,,balad,0,1.8,True,2026_2024,2024,2026_2024:0:30
2026_20241115_lazara,2026,Lazar,Maariv,2024-11-15,,blue_white,20,,True,2026_2024,2024,2026_2024:0:30
2026_20241115_lazara,2026,Lazar,Maariv,2024-11-15,,democrats,13,,True,2026_2024,2024,2026_2024:0:30
2026_20241115_lazara,2026,Lazar,Maariv,2024-11-15,,hadash_taal,5,,True,2026_2024,2024,2026_2024:0:30
2026_20241115_lazara,2026,Lazar,Maariv,2024-11-15,,likud,23,,True,2026_2024,2024,2026_2024:0:30
2026_20241115_lazara,2026,Lazar,Maariv,2024-11-15,,new_hope,0,3.0,True,2026_2024,2024,2026_2024:0:30
2026_20241115_lazara,2026,Lazar,Maariv,2024-11-15,,otzma,8,,True,2026_2024,2024,2026_2024:0:30
2026_20241115_lazara,2026,Lazar,Maariv,2024-11-15,,raam,5,,True,2026_2024,2024,2026_2024:0:30
2026_20241115_lazara,2026,Lazar,Maariv,2024-11-15,,rzp,0,2.2,True,2026_2024,2024,2026_2024:0:30
2026_20241115_lazara,2026,Lazar,Maariv,2024-11-15,,shas,10,,True,2026_2024,2024,2026_2024:0:30
2026_20241115_lazara,2026,Lazar,Maariv,2024-11-15,,utj,7,,True,2026_2024,2024,2026_2024:0:30
2026_20241115_lazara,2026,Lazar,Maariv,2024-11-15,,yesh_atid,14,,True,2026_2024,2024,2026_2024:0:30
2026_20241115_lazara,2026,Lazar,Maariv,2024-11-15,,yisrael_beytenu,15,,True,2026_2024,2024,2026_2024:0:30
2026_20241115_lazarb,2026,Lazar,Maariv,2024-11-15,,bennett_2026,26,,True,2026_2024,2024,2026_2024:0:31
2026_20241115_lazarb,2026,Lazar,Maariv,2024-11-15,,blue_white,13,,True,2026_2024,2024,2026_2024:0:31
2026_20241115_lazarb,2026,Lazar,Maariv,2024-11-15,,democrats,9,,True,2026_2024,2024,2026_2024:0:31
2026_20241115_lazarb,2026,Lazar,Maariv,2024-11-15,,hadash_taal,5,,True,2026_2024,2024,2026_2024:0:31
2026_20241115_lazarb,2026,Lazar,Maariv,2024-11-15,,likud,21,,True,2026_2024,2024,2026_2024:0:31
2026_20241115_lazarb,2026,Lazar,Maariv,2024-11-15,,otzma,7,,True,2026_2024,2024,2026_2024:0:31
2026_20241115_lazarb,2026,Lazar,Maariv,2024-11-15,,raam,5,,True,2026_2024,2024,2026_2024:0:31
2026_20241115_lazarb,2026,Lazar,Maariv,2024-11-15,,shas,9,,True,2026_2024,2024,2026_2024:0:31
2026_20241115_lazarb,2026,Lazar,Maariv,2024-11-15,,utj,7,,True,2026_2024,2024,2026_2024:0:31
2026_20241115_lazarb,2026,Lazar,Maariv,2024-11-15,,yesh_atid,11,,True,2026_2024,2024,2026_2024:0:31
2026_20241115_lazarb,2026,Lazar,Maariv,2024-11-15,,yisrael_beytenu,7,,True,2026_2024,2024,2026_2024:0:31
2026_20241118_midgama,2026,Midgam,HaHadashot 12,2024-11-18,,balad,0,2.4,True,2026_2024,2024,2026_2024:0:28
2026_20241118_midgama,2026,Midgam,HaHadashot 12,2024-11-18,,blue_white,19,,True,2026_2024,2024,2026_2024:0:28
2026_20241118_midgama,2026,Midgam,HaHadashot 12,2024-11-18,,democrats,12,,True,2026_2024,2024,2026_2024:0:28
2026_20241118_midgama,2026,Midgam,HaHadashot 12,2024-11-18,,hadash_taal,5,,True,2026_2024,2024,2026_2024:0:28
2026_20241118_midgama,2026,Midgam,HaHadashot 12,2024-11-18,,likud,26,,True,2026_2024,2024,2026_2024:0:28
2026_20241118_midgama,2026,Midgam,HaHadashot 12,2024-11-18,,new_hope,0,0.9,True,2026_2024,2024,2026_2024:0:28
2026_20241118_midgama,2026,Midgam,HaHadashot 12,2024-11-18,,otzma,8,,True,2026_2024,2024,2026_2024:0:28
2026_20241118_midgama,2026,Midgam,HaHadashot 12,2024-11-18,,raam,5,,True,2026_2024,2024,2026_2024:0:28
2026_20241118_midgama,2026,Midgam,HaHadashot 12,2024-11-18,,rzp,0,2.8,True,2026_2024,2024,2026_2024:0:28
2026_20241118_midgama,2026,Midgam,HaHadashot 12,2024-11-18,,shas,9,,True,2026_2024,2024,2026_2024:0:28
2026_20241118_midgama,2026,Midgam,HaHadashot 12,2024-11-18,,utj,8,,True,2026_2024,2024,2026_2024:0:28
2026_20241118_midgama,2026,Midgam,HaHadashot 12,2024-11-18,,yesh_atid,15,,True,2026_2024,2024,2026_2024:0:28
2026_20241118_midgama,2026,Midgam,HaHadashot 12,2024-11-18,,yisrael_beytenu,13,,True,2026_2024,2024,2026_2024:0:28
2026_20241118_midgamb,2026,Midgam,HaHadashot 12,2024-11-18,,bennett_2026,23,,True,2026_2024,2024,2026_2024:0:29
2026_20241118_midgamb,2026,Midgam,HaHadashot 12,2024-11-18,,blue_white,10,,True,2026_2024,2024,2026_2024:0:29
2026_20241118_midgamb,2026,Midgam,HaHadashot 12,2024-11-18,,democrats,11,,True,2026_2024,2024,2026_2024:0:29
2026_20241118_midgamb,2026,Midgam,HaHadashot 12,2024-11-18,,hadash_taal,5,,True,2026_2024,2024,2026_2024:0:29
2026_20241118_midgamb,2026,Midgam,HaHadashot 12,2024-11-18,,likud,24,,True,2026_2024,2024,2026_2024:0:29
2026_20241118_midgamb,2026,Midgam,HaHadashot 12,2024-11-18,,otzma,6,,True,2026_2024,2024,2026_2024:0:29
2026_20241118_midgamb,2026,Midgam,HaHadashot 12,2024-11-18,,raam,5,,True,2026_2024,2024,2026_2024:0:29
2026_20241118_midgamb,2026,Midgam,HaHadashot 12,2024-11-18,,shas,9,,True,2026_2024,2024,2026_2024:0:29
2026_20241118_midgamb,2026,Midgam,HaHadashot 12,2024-11-18,,utj,8,,True,2026_2024,2024,2026_2024:0:29
2026_20241118_midgamb,2026,Midgam,HaHadashot 12,2024-11-18,,yesh_atid,10,,True,2026_2024,2024,2026_2024:0:29
2026_20241118_midgamb,2026,Midgam,HaHadashot 12,2024-11-18,,yisrael_beytenu,9,,True,2026_2024,2024,2026_2024:0:29
2026_20241119_directpolls,2026,Direct Polls,Channel 14,2024-11-19,,balad,0,2.2,True,2026_2024,2024,2026_2024:0:27
2026_20241119_directpolls,2026,Direct Polls,Channel 14,2024-11-19,,blue_white,14,,True,2026_2024,2024,2026_2024:0:27
2026_20241119_directpolls,2026,Direct Polls,Channel 14,2024-11-19,,democrats,12,,True,2026_2024,2024,2026_2024:0:27
2026_20241119_directpolls,2026,Direct Polls,Channel 14,2024-11-19,,hadash_taal,5,,True,2026_2024,2024,2026_2024:0:27
2026_20241119_directpolls,2026,Direct Polls,Channel 14,2024-11-19,,likud,33,,True,2026_2024,2024,2026_2024:0:27
2026_20241119_directpolls,2026,Direct Polls,Channel 14,2024-11-19,,new_hope,0,0.7,True,2026_2024,2024,2026_2024:0:27
2026_20241119_directpolls,2026,Direct Polls,Channel 14,2024-11-19,,otzma,6,,True,2026_2024,2024,2026_2024:0:27
2026_20241119_directpolls,2026,Direct Polls,Channel 14,2024-11-19,,raam,5,,True,2026_2024,2024,2026_2024:0:27
2026_20241119_directpolls,2026,Direct Polls,Channel 14,2024-11-19,,rzp,4,,True,2026_2024,2024,2026_2024:0:27
2026_20241119_directpolls,2026,Direct Polls,Channel 14,2024-11-19,,shas,11,,True,2026_2024,2024,2026_2024:0:27
2026_20241119_directpolls,2026,Direct Polls,Channel 14,2024-11-19,,utj,8,,True,2026_2024,2024,2026_2024:0:27
2026_20241119_directpolls,2026,Direct Polls,Channel 14,2024-11-19,,yesh_atid,8,,True,2026_2024,2024,2026_2024:0:27
2026_20241119_directpolls,2026,Direct Polls,Channel 14,2024-11-19,,yisrael_beytenu,14,,True,2026_2024,2024,2026_2024:0:27
2026_20241121_lazara,2026,Lazar,Maariv,2024-11-21,,balad,0,2.4,True,2026_2024,2024,2026_2024:0:25
2026_20241121_lazara,2026,Lazar,Maariv,2024-11-21,,blue_white,19,,True,2026_2024,2024,2026_2024:0:25
2026_20241121_lazara,2026,Lazar,Maariv,2024-11-21,,democrats,12,,True,2026_2024,2024,2026_2024:0:25
2026_20241121_lazara,2026,Lazar,Maariv,2024-11-21,,hadash_taal,5,,True,2026_2024,2024,2026_2024:0:25
2026_20241121_lazara,2026,Lazar,Maariv,2024-11-21,,likud,25,,True,2026_2024,2024,2026_2024:0:25
2026_20241121_lazara,2026,Lazar,Maariv,2024-11-21,,new_hope,0,0.6,True,2026_2024,2024,2026_2024:0:25
2026_20241121_lazara,2026,Lazar,Maariv,2024-11-21,,otzma,8,,True,2026_2024,2024,2026_2024:0:25
2026_20241121_lazara,2026,Lazar,Maariv,2024-11-21,,raam,5,,True,2026_2024,2024,2026_2024:0:25
2026_20241121_lazara,2026,Lazar,Maariv,2024-11-21,,rzp,0,3.0,True,2026_2024,2024,2026_2024:0:25
2026_20241121_lazara,2026,Lazar,Maariv,2024-11-21,,shas,9,,True,2026_2024,2024,2026_2024:0:25
2026_20241121_lazara,2026,Lazar,Maariv,2024-11-21,,utj,8,,True,2026_2024,2024,2026_2024:0:25
2026_20241121_lazara,2026,Lazar,Maariv,2024-11-21,,yesh_atid,15,,True,2026_2024,2024,2026_2024:0:25
2026_20241121_lazara,2026,Lazar,Maariv,2024-11-21,,yisrael_beytenu,14,,True,2026_2024,2024,2026_2024:0:25
2026_20241121_lazarb,2026,Lazar,Maariv,2024-11-21,,bennett_2026,24,,True,2026_2024,2024,2026_2024:0:26
2026_20241121_lazarb,2026,Lazar,Maariv,2024-11-21,,blue_white,14,,True,2026_2024,2024,2026_2024:0:26
2026_20241121_lazarb,2026,Lazar,Maariv,2024-11-21,,democrats,9,,True,2026_2024,2024,2026_2024:0:26
2026_20241121_lazarb,2026,Lazar,Maariv,2024-11-21,,hadash_taal,5,,True,2026_2024,2024,2026_2024:0:26
2026_20241121_lazarb,2026,Lazar,Maariv,2024-11-21,,likud,21,,True,2026_2024,2024,2026_2024:0:26
2026_20241121_lazarb,2026,Lazar,Maariv,2024-11-21,,otzma,7,,True,2026_2024,2024,2026_2024:0:26
2026_20241121_lazarb,2026,Lazar,Maariv,2024-11-21,,raam,5,,True,2026_2024,2024,2026_2024:0:26
2026_20241121_lazarb,2026,Lazar,Maariv,2024-11-21,,shas,8,,True,2026_2024,2024,2026_2024:0:26
2026_20241121_lazarb,2026,Lazar,Maariv,2024-11-21,,utj,8,,True,2026_2024,2024,2026_2024:0:26
2026_20241121_lazarb,2026,Lazar,Maariv,2024-11-21,,yesh_atid,12,,True,2026_2024,2024,2026_2024:0:26
2026_20241121_lazarb,2026,Lazar,Maariv,2024-11-21,,yisrael_beytenu,7,,True,2026_2024,2024,2026_2024:0:26
2026_20241126_midgama,2026,Midgam,HaHadashot 12,2024-11-26,,balad,0,1.7,True,2026_2024,2024,2026_2024:0:23
2026_20241126_midgama,2026,Midgam,HaHadashot 12,2024-11-26,,blue_white,18,,True,2026_2024,2024,2026_2024:0:23
2026_20241126_midgama,2026,Midgam,HaHadashot 12,2024-11-26,,democrats,12,,True,2026_2024,2024,2026_2024:0:23
2026_20241126_midgama,2026,Midgam,HaHadashot 12,2024-11-26,,hadash_taal,5,,True,2026_2024,2024,2026_2024:0:23
2026_20241126_midgama,2026,Midgam,HaHadashot 12,2024-11-26,,likud,25,,True,2026_2024,2024,2026_2024:0:23
2026_20241126_midgama,2026,Midgam,HaHadashot 12,2024-11-26,,new_hope,0,1.1,True,2026_2024,2024,2026_2024:0:23
2026_20241126_midgama,2026,Midgam,HaHadashot 12,2024-11-26,,otzma,9,,True,2026_2024,2024,2026_2024:0:23
2026_20241126_midgama,2026,Midgam,HaHadashot 12,2024-11-26,,raam,5,,True,2026_2024,2024,2026_2024:0:23
2026_20241126_midgama,2026,Midgam,HaHadashot 12,2024-11-26,,rzp,0,2.3,True,2026_2024,2024,2026_2024:0:23
2026_20241126_midgama,2026,Midgam,HaHadashot 12,2024-11-26,,shas,9,,True,2026_2024,2024,2026_2024:0:23
2026_20241126_midgama,2026,Midgam,HaHadashot 12,2024-11-26,,utj,8,,True,2026_2024,2024,2026_2024:0:23
2026_20241126_midgama,2026,Midgam,HaHadashot 12,2024-11-26,,yesh_atid,15,,True,2026_2024,2024,2026_2024:0:23
2026_20241126_midgama,2026,Midgam,HaHadashot 12,2024-11-26,,yisrael_beytenu,14,,True,2026_2024,2024,2026_2024:0:23
2026_20241126_midgamb,2026,Midgam,HaHadashot 12,2024-11-26,,balad,0,1.7,True,2026_2024,2024,2026_2024:0:24
2026_20241126_midgamb,2026,Midgam,HaHadashot 12,2024-11-26,,bennett_2026,23,,True,2026_2024,2024,2026_2024:0:24
2026_20241126_midgamb,2026,Midgam,HaHadashot 12,2024-11-26,,blue_white,10,,True,2026_2024,2024,2026_2024:0:24
2026_20241126_midgamb,2026,Midgam,HaHadashot 12,2024-11-26,,democrats,11,,True,2026_2024,2024,2026_2024:0:24
2026_20241126_midgamb,2026,Midgam,HaHadashot 12,2024-11-26,,hadash_taal,5,,True,2026_2024,2024,2026_2024:0:24
2026_20241126_midgamb,2026,Midgam,HaHadashot 12,2024-11-26,,likud,23,,True,2026_2024,2024,2026_2024:0:24
2026_20241126_midgamb,2026,Midgam,HaHadashot 12,2024-11-26,,new_hope,0,0.6,True,2026_2024,2024,2026_2024:0:24
2026_20241126_midgamb,2026,Midgam,HaHadashot 12,2024-11-26,,otzma,7,,True,2026_2024,2024,2026_2024:0:24
2026_20241126_midgamb,2026,Midgam,HaHadashot 12,2024-11-26,,raam,5,,True,2026_2024,2024,2026_2024:0:24
2026_20241126_midgamb,2026,Midgam,HaHadashot 12,2024-11-26,,rzp,0,2.0,True,2026_2024,2024,2026_2024:0:24
2026_20241126_midgamb,2026,Midgam,HaHadashot 12,2024-11-26,,shas,9,,True,2026_2024,2024,2026_2024:0:24
2026_20241126_midgamb,2026,Midgam,HaHadashot 12,2024-11-26,,utj,8,,True,2026_2024,2024,2026_2024:0:24
2026_20241126_midgamb,2026,Midgam,HaHadashot 12,2024-11-26,,yesh_atid,10,,True,2026_2024,2024,2026_2024:0:24
2026_20241126_midgamb,2026,Midgam,HaHadashot 12,2024-11-26,,yisrael_beytenu,9,,True,2026_2024,2024,2026_2024:0:24
2026_20241128_directpolls,2026,Direct Polls,Channel 14,2024-11-28,,balad,0,1.9,True,2026_2024,2024,2026_2024:0:22
2026_20241128_directpolls,2026,Direct Polls,Channel 14,2024-11-28,,blue_white,14,,True,2026_2024,2024,2026_2024:0:22
2026_20241128_directpolls,2026,Direct Polls,Channel 14,2024-11-28,,democrats,12,,True,2026_2024,2024,2026_2024:0:22
2026_20241128_directpolls,2026,Direct Polls,Channel 14,2024-11-28,,hadash_taal,5,,True,2026_2024,2024,2026_2024:0:22
2026_20241128_directpolls,2026,Direct Polls,Channel 14,2024-11-28,,likud,31,,True,2026_2024,2024,2026_2024:0:22
2026_20241128_directpolls,2026,Direct Polls,Channel 14,2024-11-28,,new_hope,0,0.3,True,2026_2024,2024,2026_2024:0:22
2026_20241128_directpolls,2026,Direct Polls,Channel 14,2024-11-28,,otzma,8,,True,2026_2024,2024,2026_2024:0:22
2026_20241128_directpolls,2026,Direct Polls,Channel 14,2024-11-28,,raam,5,,True,2026_2024,2024,2026_2024:0:22
2026_20241128_directpolls,2026,Direct Polls,Channel 14,2024-11-28,,rzp,4,,True,2026_2024,2024,2026_2024:0:22
2026_20241128_directpolls,2026,Direct Polls,Channel 14,2024-11-28,,shas,10,,True,2026_2024,2024,2026_2024:0:22
2026_20241128_directpolls,2026,Direct Polls,Channel 14,2024-11-28,,utj,8,,True,2026_2024,2024,2026_2024:0:22
2026_20241128_directpolls,2026,Direct Polls,Channel 14,2024-11-28,,yesh_atid,8,,True,2026_2024,2024,2026_2024:0:22
2026_20241128_directpolls,2026,Direct Polls,Channel 14,2024-11-28,,yisrael_beytenu,15,,True,2026_2024,2024,2026_2024:0:22
2026_20241129_lazara,2026,Lazar,Maariv,2024-11-29,,balad,0,1.7,True,2026_2024,2024,2026_2024:0:20
2026_20241129_lazara,2026,Lazar,Maariv,2024-11-29,,blue_white,19,,True,2026_2024,2024,2026_2024:0:20
2026_20241129_lazara,2026,Lazar,Maariv,2024-11-29,,democrats,11,,True,2026_2024,2024,2026_2024:0:20
2026_20241129_lazara,2026,Lazar,Maariv,2024-11-29,,hadash_taal,5,,True,2026_2024,2024,2026_2024:0:20
2026_20241129_lazara,2026,Lazar,Maariv,2024-11-29,,likud,24,,True,2026_2024,2024,2026_2024:0:20
2026_20241129_lazara,2026,Lazar,Maariv,2024-11-29,,new_hope,0,1.1,True,2026_2024,2024,2026_2024:0:20
2026_20241129_lazara,2026,Lazar,Maariv,2024-11-29,,otzma,7,,True,2026_2024,2024,2026_2024:0:20
2026_20241129_lazara,2026,Lazar,Maariv,2024-11-29,,raam,5,,True,2026_2024,2024,2026_2024:0:20
2026_20241129_lazara,2026,Lazar,Maariv,2024-11-29,,rzp,4,,True,2026_2024,2024,2026_2024:0:20
2026_20241129_lazara,2026,Lazar,Maariv,2024-11-29,,shas,9,,True,2026_2024,2024,2026_2024:0:20
2026_20241129_lazara,2026,Lazar,Maariv,2024-11-29,,utj,7,,True,2026_2024,2024,2026_2024:0:20
2026_20241129_lazara,2026,Lazar,Maariv,2024-11-29,,yesh_atid,15,,True,2026_2024,2024,2026_2024:0:20
2026_20241129_lazara,2026,Lazar,Maariv,2024-11-29,,yisrael_beytenu,14,,True,2026_2024,2024,2026_2024:0:20
2026_20241129_lazarb,2026,Lazar,Maariv,2024-11-29,,bennett_2026,25,,True,2026_2024,2024,2026_2024:0:21
2026_20241129_lazarb,2026,Lazar,Maariv,2024-11-29,,blue_white,13,,True,2026_2024,2024,2026_2024:0:21
2026_20241129_lazarb,2026,Lazar,Maariv,2024-11-29,,democrats,9,,True,2026_2024,2024,2026_2024:0:21
2026_20241129_lazarb,2026,Lazar,Maariv,2024-11-29,,hadash_taal,5,,True,2026_2024,2024,2026_2024:0:21
2026_20241129_lazarb,2026,Lazar,Maariv,2024-11-29,,likud,21,,True,2026_2024,2024,2026_2024:0:21
2026_20241129_lazarb,2026,Lazar,Maariv,2024-11-29,,otzma,7,,True,2026_2024,2024,2026_2024:0:21
2026_20241129_lazarb,2026,Lazar,Maariv,2024-11-29,,raam,5,,True,2026_2024,2024,2026_2024:0:21
2026_20241129_lazarb,2026,Lazar,Maariv,2024-11-29,,shas,8,,True,2026_2024,2024,2026_2024:0:21
2026_20241129_lazarb,2026,Lazar,Maariv,2024-11-29,,utj,8,,True,2026_2024,2024,2026_2024:0:21
2026_20241129_lazarb,2026,Lazar,Maariv,2024-11-29,,yesh_atid,12,,True,2026_2024,2024,2026_2024:0:21
2026_20241129_lazarb,2026,Lazar,Maariv,2024-11-29,,yisrael_beytenu,7,,True,2026_2024,2024,2026_2024:0:21
2026_20241205_lazara,2026,Lazar,Maariv,2024-12-05,,balad,0,2.0,True,2026_2024,2024,2026_2024:0:18
2026_20241205_lazara,2026,Lazar,Maariv,2024-12-05,,blue_white,19,,True,2026_2024,2024,2026_2024:0:18
2026_20241205_lazara,2026,Lazar,Maariv,2024-12-05,,democrats,12,,True,2026_2024,2024,2026_2024:0:18
2026_20241205_lazara,2026,Lazar,Maariv,2024-12-05,,hadash_taal,5,,True,2026_2024,2024,2026_2024:0:18
2026_20241205_lazara,2026,Lazar,Maariv,2024-12-05,,likud,22,,True,2026_2024,2024,2026_2024:0:18
2026_20241205_lazara,2026,Lazar,Maariv,2024-12-05,,new_hope,0,1.9,True,2026_2024,2024,2026_2024:0:18
2026_20241205_lazara,2026,Lazar,Maariv,2024-12-05,,otzma,7,,True,2026_2024,2024,2026_2024:0:18
2026_20241205_lazara,2026,Lazar,Maariv,2024-12-05,,raam,5,,True,2026_2024,2024,2026_2024:0:18
2026_20241205_lazara,2026,Lazar,Maariv,2024-12-05,,rzp,4,,True,2026_2024,2024,2026_2024:0:18
2026_20241205_lazara,2026,Lazar,Maariv,2024-12-05,,shas,9,,True,2026_2024,2024,2026_2024:0:18
2026_20241205_lazara,2026,Lazar,Maariv,2024-12-05,,utj,8,,True,2026_2024,2024,2026_2024:0:18
2026_20241205_lazara,2026,Lazar,Maariv,2024-12-05,,yesh_atid,15,,True,2026_2024,2024,2026_2024:0:18
2026_20241205_lazara,2026,Lazar,Maariv,2024-12-05,,yisrael_beytenu,14,,True,2026_2024,2024,2026_2024:0:18
2026_20241205_lazarb,2026,Lazar,Maariv,2024-12-05,,balad,0,2.1,True,2026_2024,2024,2026_2024:0:19
2026_20241205_lazarb,2026,Lazar,Maariv,2024-12-05,,bennett_2026,27,,True,2026_2024,2024,2026_2024:0:19
2026_20241205_lazarb,2026,Lazar,Maariv,2024-12-05,,blue_white,13,,True,2026_2024,2024,2026_2024:0:19
2026_20241205_lazarb,2026,Lazar,Maariv,2024-12-05,,democrats,10,,True,2026_2024,2024,2026_2024:0:19
2026_20241205_lazarb,2026,Lazar,Maariv,2024-12-05,,hadash_taal,5,,True,2026_2024,2024,2026_2024:0:19
2026_20241205_lazarb,2026,Lazar,Maariv,2024-12-05,,likud,20,,True,2026_2024,2024,2026_2024:0:19
2026_20241205_lazarb,2026,Lazar,Maariv,2024-12-05,,new_hope,0,1.4,True,2026_2024,2024,2026_2024:0:19
2026_20241205_lazarb,2026,Lazar,Maariv,2024-12-05,,otzma,7,,True,2026_2024,2024,2026_2024:0:19
2026_20241205_lazarb,2026,Lazar,Maariv,2024-12-05,,raam,5,,True,2026_2024,2024,2026_2024:0:19
2026_20241205_lazarb,2026,Lazar,Maariv,2024-12-05,,rzp,0,2.5,True,2026_2024,2024,2026_2024:0:19
2026_20241205_lazarb,2026,Lazar,Maariv,2024-12-05,,shas,8,,True,2026_2024,2024,2026_2024:0:19
2026_20241205_lazarb,2026,Lazar,Maariv,2024-12-05,,utj,7,,True,2026_2024,2024,2026_2024:0:19
2026_20241205_lazarb,2026,Lazar,Maariv,2024-12-05,,yesh_atid,11,,True,2026_2024,2024,2026_2024:0:19
2026_20241205_lazarb,2026,Lazar,Maariv,2024-12-05,,yisrael_beytenu,7,,True,2026_2024,2024,2026_2024:0:19
2026_20241211_maagarmochota,2026,Maagar Mochot,Channel 13,2024-12-11,,balad,0,2.9,True,2026_2024,2024,2026_2024:0:16
2026_20241211_maagarmochota,2026,Maagar Mochot,Channel 13,2024-12-11,,blue_white,19,,True,2026_2024,2024,2026_2024:0:16
2026_20241211_maagarmochota,2026,Maagar Mochot,Channel 13,2024-12-11,,democrats,10,,True,2026_2024,2024,2026_2024:0:16
2026_20241211_maagarmochota,2026,Maagar Mochot,Channel 13,2024-12-11,,hadash_taal,5,,True,2026_2024,2024,2026_2024:0:16
2026_20241211_maagarmochota,2026,Maagar Mochot,Channel 13,2024-12-11,,likud,26,,True,2026_2024,2024,2026_2024:0:16
2026_20241211_maagarmochota,2026,Maagar Mochot,Channel 13,2024-12-11,,new_hope,0,0.8,True,2026_2024,2024,2026_2024:0:16
2026_20241211_maagarmochota,2026,Maagar Mochot,Channel 13,2024-12-11,,otzma,9,,True,2026_2024,2024,2026_2024:0:16
2026_20241211_maagarmochota,2026,Maagar Mochot,Channel 13,2024-12-11,,raam,4,,True,2026_2024,2024,2026_2024:0:16
2026_20241211_maagarmochota,2026,Maagar Mochot,Channel 13,2024-12-11,,rzp,5,,True,2026_2024,2024,2026_2024:0:16
2026_20241211_maagarmochota,2026,Maagar Mochot,Channel 13,2024-12-11,,shas,10,,True,2026_2024,2024,2026_2024:0:16
2026_20241211_maagarmochota,2026,Maagar Mochot,Channel 13,2024-12-11,,utj,7,,True,2026_2024,2024,2026_2024:0:16
2026_20241211_maagarmochota,2026,Maagar Mochot,Channel 13,2024-12-11,,yesh_atid,13,,True,2026_2024,2024,2026_2024:0:16
2026_20241211_maagarmochota,2026,Maagar Mochot,Channel 13,2024-12-11,,yisrael_beytenu,12,,True,2026_2024,2024,2026_2024:0:16
2026_20241211_maagarmochotb,2026,Maagar Mochot,Channel 13,2024-12-11,,bennett_2026,26,,True,2026_2024,2024,2026_2024:0:17
2026_20241211_maagarmochotb,2026,Maagar Mochot,Channel 13,2024-12-11,,blue_white,9,,True,2026_2024,2024,2026_2024:0:17
2026_20241211_maagarmochotb,2026,Maagar Mochot,Channel 13,2024-12-11,,democrats,8,,True,2026_2024,2024,2026_2024:0:17
2026_20241211_maagarmochotb,2026,Maagar Mochot,Channel 13,2024-12-11,,hadash_taal,5,,True,2026_2024,2024,2026_2024:0:17
2026_20241211_maagarmochotb,2026,Maagar Mochot,Channel 13,2024-12-11,,likud,24,,True,2026_2024,2024,2026_2024:0:17
2026_20241211_maagarmochotb,2026,Maagar Mochot,Channel 13,2024-12-11,,otzma,8,,True,2026_2024,2024,2026_2024:0:17
2026_20241211_maagarmochotb,2026,Maagar Mochot,Channel 13,2024-12-11,,raam,4,,True,2026_2024,2024,2026_2024:0:17
2026_20241211_maagarmochotb,2026,Maagar Mochot,Channel 13,2024-12-11,,rzp,5,,True,2026_2024,2024,2026_2024:0:17
2026_20241211_maagarmochotb,2026,Maagar Mochot,Channel 13,2024-12-11,,shas,9,,True,2026_2024,2024,2026_2024:0:17
2026_20241211_maagarmochotb,2026,Maagar Mochot,Channel 13,2024-12-11,,utj,7,,True,2026_2024,2024,2026_2024:0:17
2026_20241211_maagarmochotb,2026,Maagar Mochot,Channel 13,2024-12-11,,yesh_atid,8,,True,2026_2024,2024,2026_2024:0:17
2026_20241211_maagarmochotb,2026,Maagar Mochot,Channel 13,2024-12-11,,yisrael_beytenu,7,,True,2026_2024,2024,2026_2024:0:17
2026_20241212_directpolls,2026,Direct Polls,Channel 14,2024-12-12,,balad,0,2.2,True,2026_2024,2024,2026_2024:0:11
2026_20241212_directpolls,2026,Direct Polls,Channel 14,2024-12-12,,blue_white,14,,True,2026_2024,2024,2026_2024:0:11
2026_20241212_directpolls,2026,Direct Polls,Channel 14,2024-12-12,,democrats,12,,True,2026_2024,2024,2026_2024:0:11
2026_20241212_directpolls,2026,Direct Polls,Channel 14,2024-12-12,,hadash_taal,5,,True,2026_2024,2024,2026_2024:0:11
2026_20241212_directpolls,2026,Direct Polls,Channel 14,2024-12-12,,likud,34,,True,2026_2024,2024,2026_2024:0:11
2026_20241212_directpolls,2026,Direct Polls,Channel 14,2024-12-12,,new_hope,0,0.2,True,2026_2024,2024,2026_2024:0:11
2026_20241212_directpolls,2026,Direct Polls,Channel 14,2024-12-12,,otzma,6,,True,2026_2024,2024,2026_2024:0:11
2026_20241212_directpolls,2026,Direct Polls,Channel 14,2024-12-12,,raam,5,,True,2026_2024,2024,2026_2024:0:11
2026_20241212_directpolls,2026,Direct Polls,Channel 14,2024-12-12,,rzp,5,,True,2026_2024,2024,2026_2024:0:11
2026_20241212_directpolls,2026,Direct Polls,Channel 14,2024-12-12,,shas,10,,True,2026_2024,2024,2026_2024:0:11
2026_20241212_directpolls,2026,Direct Polls,Channel 14,2024-12-12,,utj,8,,True,2026_2024,2024,2026_2024:0:11
2026_20241212_directpolls,2026,Direct Polls,Channel 14,2024-12-12,,yesh_atid,10,,True,2026_2024,2024,2026_2024:0:11
2026_20241212_directpolls,2026,Direct Polls,Channel 14,2024-12-12,,yisrael_beytenu,11,,True,2026_2024,2024,2026_2024:0:11
2026_20241212_lazara,2026,Lazar,Maariv,2024-12-12,,balad,0,2.0,True,2026_2024,2024,2026_2024:0:14
2026_20241212_lazara,2026,Lazar,Maariv,2024-12-12,,blue_white,19,,True,2026_2024,2024,2026_2024:0:14
2026_20241212_lazara,2026,Lazar,Maariv,2024-12-12,,democrats,13,,True,2026_2024,2024,2026_2024:0:14
2026_20241212_lazara,2026,Lazar,Maariv,2024-12-12,,hadash_taal,5,,True,2026_2024,2024,2026_2024:0:14
2026_20241212_lazara,2026,Lazar,Maariv,2024-12-12,,likud,25,,True,2026_2024,2024,2026_2024:0:14
2026_20241212_lazara,2026,Lazar,Maariv,2024-12-12,,new_hope,0,0.6,True,2026_2024,2024,2026_2024:0:14
2026_20241212_lazara,2026,Lazar,Maariv,2024-12-12,,otzma,8,,True,2026_2024,2024,2026_2024:0:14
2026_20241212_lazara,2026,Lazar,Maariv,2024-12-12,,raam,5,,True,2026_2024,2024,2026_2024:0:14
2026_20241212_lazara,2026,Lazar,Maariv,2024-12-12,,rzp,0,2.4,True,2026_2024,2024,2026_2024:0:14
2026_20241212_lazara,2026,Lazar,Maariv,2024-12-12,,shas,10,,True,2026_2024,2024,2026_2024:0:14
2026_20241212_lazara,2026,Lazar,Maariv,2024-12-12,,utj,7,,True,2026_2024,2024,2026_2024:0:14
2026_20241212_lazara,2026,Lazar,Maariv,2024-12-12,,yesh_atid,14,,True,2026_2024,2024,2026_2024:0:14
2026_20241212_lazara,2026,Lazar,Maariv,2024-12-12,,yisrael_beytenu,14,,True,2026_2024,2024,2026_2024:0:14
2026_20241212_lazarb,2026,Lazar,Maariv,2024-12-12,,bennett_2026,25,,True,2026_2024,2024,2026_2024:0:15
2026_20241212_lazarb,2026,Lazar,Maariv,2024-12-12,,blue_white,13,,True,2026_2024,2024,2026_2024:0:15
2026_20241212_lazarb,2026,Lazar,Maariv,2024-12-12,,democrats,9,,True,2026_2024,2024,2026_2024:0:15
2026_20241212_lazarb,2026,Lazar,Maariv,2024-12-12,,hadash_taal,6,,True,2026_2024,2024,2026_2024:0:15
2026_20241212_lazarb,2026,Lazar,Maariv,2024-12-12,,likud,21,,True,2026_2024,2024,2026_2024:0:15
2026_20241212_lazarb,2026,Lazar,Maariv,2024-12-12,,new_hope,0,0.4,True,2026_2024,2024,2026_2024:0:15
2026_20241212_lazarb,2026,Lazar,Maariv,2024-12-12,,otzma,8,,True,2026_2024,2024,2026_2024:0:15
2026_20241212_lazarb,2026,Lazar,Maariv,2024-12-12,,raam,4,,True,2026_2024,2024,2026_2024:0:15
2026_20241212_lazarb,2026,Lazar,Maariv,2024-12-12,,rzp,0,1.3,True,2026_2024,2024,2026_2024:0:15
2026_20241212_lazarb,2026,Lazar,Maariv,2024-12-12,,shas,8,,True,2026_2024,2024,2026_2024:0:15
2026_20241212_lazarb,2026,Lazar,Maariv,2024-12-12,,utj,7,,True,2026_2024,2024,2026_2024:0:15
2026_20241212_lazarb,2026,Lazar,Maariv,2024-12-12,,yesh_atid,11,,True,2026_2024,2024,2026_2024:0:15
2026_20241212_lazarb,2026,Lazar,Maariv,2024-12-12,,yisrael_beytenu,8,,True,2026_2024,2024,2026_2024:0:15
2026_20241212_midgama,2026,Midgam,HaHadashot 12,2024-12-12,,balad,0,2.4,True,2026_2024,2024,2026_2024:0:12
2026_20241212_midgama,2026,Midgam,HaHadashot 12,2024-12-12,,blue_white,19,,True,2026_2024,2024,2026_2024:0:12
2026_20241212_midgama,2026,Midgam,HaHadashot 12,2024-12-12,,democrats,11,,True,2026_2024,2024,2026_2024:0:12
2026_20241212_midgama,2026,Midgam,HaHadashot 12,2024-12-12,,hadash_taal,5,,True,2026_2024,2024,2026_2024:0:12
2026_20241212_midgama,2026,Midgam,HaHadashot 12,2024-12-12,,likud,25,,True,2026_2024,2024,2026_2024:0:12
2026_20241212_midgama,2026,Midgam,HaHadashot 12,2024-12-12,,new_hope,0,1.0,True,2026_2024,2024,2026_2024:0:12
2026_20241212_midgama,2026,Midgam,HaHadashot 12,2024-12-12,,otzma,9,,True,2026_2024,2024,2026_2024:0:12
2026_20241212_midgama,2026,Midgam,HaHadashot 12,2024-12-12,,raam,5,,True,2026_2024,2024,2026_2024:0:12
2026_20241212_midgama,2026,Midgam,HaHadashot 12,2024-12-12,,rzp,0,2.1,True,2026_2024,2024,2026_2024:0:12
2026_20241212_midgama,2026,Midgam,HaHadashot 12,2024-12-12,,shas,9,,True,2026_2024,2024,2026_2024:0:12
2026_20241212_midgama,2026,Midgam,HaHadashot 12,2024-12-12,,utj,8,,True,2026_2024,2024,2026_2024:0:12
2026_20241212_midgama,2026,Midgam,HaHadashot 12,2024-12-12,,yesh_atid,16,,True,2026_2024,2024,2026_2024:0:12
2026_20241212_midgama,2026,Midgam,HaHadashot 12,2024-12-12,,yisrael_beytenu,13,,True,2026_2024,2024,2026_2024:0:12
2026_20241212_midgamb,2026,Midgam,HaHadashot 12,2024-12-12,,bennett_2026,22,,True,2026_2024,2024,2026_2024:0:13
2026_20241212_midgamb,2026,Midgam,HaHadashot 12,2024-12-12,,blue_white,11,,True,2026_2024,2024,2026_2024:0:13
2026_20241212_midgamb,2026,Midgam,HaHadashot 12,2024-12-12,,democrats,10,,True,2026_2024,2024,2026_2024:0:13
2026_20241212_midgamb,2026,Midgam,HaHadashot 12,2024-12-12,,hadash_taal,5,,True,2026_2024,2024,2026_2024:0:13
2026_20241212_midgamb,2026,Midgam,HaHadashot 12,2024-12-12,,likud,23,,True,2026_2024,2024,2026_2024:0:13
2026_20241212_midgamb,2026,Midgam,HaHadashot 12,2024-12-12,,otzma,8,,True,2026_2024,2024,2026_2024:0:13
2026_20241212_midgamb,2026,Midgam,HaHadashot 12,2024-12-12,,raam,5,,True,2026_2024,2024,2026_2024:0:13
2026_20241212_midgamb,2026,Midgam,HaHadashot 12,2024-12-12,,shas,9,,True,2026_2024,2024,2026_2024:0:13
2026_20241212_midgamb,2026,Midgam,HaHadashot 12,2024-12-12,,utj,8,,True,2026_2024,2024,2026_2024:0:13
2026_20241212_midgamb,2026,Midgam,HaHadashot 12,2024-12-12,,yesh_atid,11,,True,2026_2024,2024,2026_2024:0:13
2026_20241212_midgamb,2026,Midgam,HaHadashot 12,2024-12-12,,yisrael_beytenu,8,,True,2026_2024,2024,2026_2024:0:13
2026_20241213_kantara,2026,Kantar,Kan 11,2024-12-13,,balad,0,2.0,True,2026_2024,2024,2026_2024:0:10
2026_20241213_kantara,2026,Kantar,Kan 11,2024-12-13,,bennett_2026,22,,True,2026_2024,2024,2026_2024:0:10
2026_20241213_kantara,2026,Kantar,Kan 11,2024-12-13,,blue_white,10,,True,2026_2024,2024,2026_2024:0:10
2026_20241213_kantara,2026,Kantar,Kan 11,2024-12-13,,democrats,10,,True,2026_2024,2024,2026_2024:0:10
2026_20241213_kantara,2026,Kantar,Kan 11,2024-12-13,,hadash_taal,5,,True,2026_2024,2024,2026_2024:0:10
2026_20241213_kantara,2026,Kantar,Kan 11,2024-12-13,,likud,24,,True,2026_2024,2024,2026_2024:0:10
2026_20241213_kantara,2026,Kantar,Kan 11,2024-12-13,,new_hope,0,1.5,True,2026_2024,2024,2026_2024:0:10
2026_20241213_kantara,2026,Kantar,Kan 11,2024-12-13,,otzma,8,,True,2026_2024,2024,2026_2024:0:10
2026_20241213_kantara,2026,Kantar,Kan 11,2024-12-13,,raam,5,,True,2026_2024,2024,2026_2024:0:10
2026_20241213_kantara,2026,Kantar,Kan 11,2024-12-13,,rzp,0,1.8,True,2026_2024,2024,2026_2024:0:10
2026_20241213_kantara,2026,Kantar,Kan 11,2024-12-13,,shas,10,,True,2026_2024,2024,2026_2024:0:10
2026_20241213_kantara,2026,Kantar,Kan 11,2024-12-13,,utj,8,,True,2026_2024,2024,2026_2024:0:10
2026_20241213_kantara,2026,Kantar,Kan 11,2024-12-13,,yesh_atid,9,,True,2026_2024,2024,2026_2024:0:10
2026_20241213_kantara,2026,Kantar,Kan 11,2024-12-13,,yisrael_beytenu,9,,True,2026_2024,2024,2026_2024:0:10
2026_20241213_kantarb,2026,Kantar,Kan 11,2024-12-13,,balad,0,2.1,True,2026_2024,2024,2026_2024:0:9
2026_20241213_kantarb,2026,Kantar,Kan 11,2024-12-13,,blue_white,19,,True,2026_2024,2024,2026_2024:0:9
2026_20241213_kantarb,2026,Kantar,Kan 11,2024-12-13,,democrats,10,,True,2026_2024,2024,2026_2024:0:9
2026_20241213_kantarb,2026,Kantar,Kan 11,2024-12-13,,hadash_taal,5,,True,2026_2024,2024,2026_2024:0:9
2026_20241213_kantarb,2026,Kantar,Kan 11,2024-12-13,,likud,26,,True,2026_2024,2024,2026_2024:0:9
2026_20241213_kantarb,2026,Kantar,Kan 11,2024-12-13,,new_hope,0,1.3,True,2026_2024,2024,2026_2024:0:9
2026_20241213_kantarb,2026,Kantar,Kan 11,2024-12-13,,otzma,8,,True,2026_2024,2024,2026_2024:0:9
2026_20241213_kantarb,2026,Kantar,Kan 11,2024-12-13,,raam,5,,True,2026_2024,2024,2026_2024:0:9
2026_20241213_kantarb,2026,Kantar,Kan 11,2024-12-13,,rzp,0,2.8,True,2026_2024,2024,2026_2024:0:9
2026_20241213_kantarb,2026,Kantar,Kan 11,2024-12-13,,shas,10,,True,2026_2024,2024,2026_2024:0:9
2026_20241213_kantarb,2026,Kantar,Kan 11,2024-12-13,,utj,8,,True,2026_2024,2024,2026_2024:0:9
2026_20241213_kantarb,2026,Kantar,Kan 11,2024-12-13,,yesh_atid,15,,True,2026_2024,2024,2026_2024:0:9
2026_20241213_kantarb,2026,Kantar,Kan 11,2024-12-13,,yisrael_beytenu,14,,True,2026_2024,2024,2026_2024:0:9
2026_20241219_lazara,2026,Lazar,Maariv,2024-12-19,,balad,0,2.2,True,2026_2024,2024,2026_2024:0:7
2026_20241219_lazara,2026,Lazar,Maariv,2024-12-19,,blue_white,20,,True,2026_2024,2024,2026_2024:0:7
2026_20241219_lazara,2026,Lazar,Maariv,2024-12-19,,democrats,12,,True,2026_2024,2024,2026_2024:0:7
2026_20241219_lazara,2026,Lazar,Maariv,2024-12-19,,hadash_taal,6,,True,2026_2024,2024,2026_2024:0:7
2026_20241219_lazara,2026,Lazar,Maariv,2024-12-19,,likud,24,,True,2026_2024,2024,2026_2024:0:7
2026_20241219_lazara,2026,Lazar,Maariv,2024-12-19,,new_hope,0,1.8,True,2026_2024,2024,2026_2024:0:7
2026_20241219_lazara,2026,Lazar,Maariv,2024-12-19,,otzma,9,,True,2026_2024,2024,2026_2024:0:7
2026_20241219_lazara,2026,Lazar,Maariv,2024-12-19,,raam,4,,True,2026_2024,2024,2026_2024:0:7
2026_20241219_lazara,2026,Lazar,Maariv,2024-12-19,,rzp,0,1.6,True,2026_2024,2024,2026_2024:0:7
2026_20241219_lazara,2026,Lazar,Maariv,2024-12-19,,shas,9,,True,2026_2024,2024,2026_2024:0:7
2026_20241219_lazara,2026,Lazar,Maariv,2024-12-19,,utj,7,,True,2026_2024,2024,2026_2024:0:7
2026_20241219_lazara,2026,Lazar,Maariv,2024-12-19,,yesh_atid,15,,True,2026_2024,2024,2026_2024:0:7
2026_20241219_lazara,2026,Lazar,Maariv,2024-12-19,,yisrael_beytenu,14,,True,2026_2024,2024,2026_2024:0:7
2026_20241219_lazarb,2026,Lazar,Maariv,2024-12-19,,bennett_2026,25,,True,2026_2024,2024,2026_2024:0:8
2026_20241219_lazarb,2026,Lazar,Maariv,2024-12-19,,blue_white,13,,True,2026_2024,2024,2026_2024:0:8
2026_20241219_lazarb,2026,Lazar,Maariv,2024-12-19,,democrats,9,,True,2026_2024,2024,2026_2024:0:8
2026_20241219_lazarb,2026,Lazar,Maariv,2024-12-19,,hadash_taal,6,,True,2026_2024,2024,2026_2024:0:8
2026_20241219_lazarb,2026,Lazar,Maariv,2024-12-19,,likud,21,,True,2026_2024,2024,2026_2024:0:8
2026_20241219_lazarb,2026,Lazar,Maariv,2024-12-19,,new_hope,0,0.4,True,2026_2024,2024,2026_2024:0:8
2026_20241219_lazarb,2026,Lazar,Maariv,2024-12-19,,otzma,8,,True,2026_2024,2024,2026_2024:0:8
2026_20241219_lazarb,2026,Lazar,Maariv,2024-12-19,,raam,4,,True,2026_2024,2024,2026_2024:0:8
2026_20241219_lazarb,2026,Lazar,Maariv,2024-12-19,,rzp,0,1.3,True,2026_2024,2024,2026_2024:0:8
2026_20241219_lazarb,2026,Lazar,Maariv,2024-12-19,,shas,8,,True,2026_2024,2024,2026_2024:0:8
2026_20241219_lazarb,2026,Lazar,Maariv,2024-12-19,,utj,7,,True,2026_2024,2024,2026_2024:0:8
2026_20241219_lazarb,2026,Lazar,Maariv,2024-12-19,,yesh_atid,11,,True,2026_2024,2024,2026_2024:0:8
2026_20241219_lazarb,2026,Lazar,Maariv,2024-12-19,,yisrael_beytenu,8,,True,2026_2024,2024,2026_2024:0:8
2026_20241225_midgama,2026,Midgam,HaHadashot 12,2024-12-25,,balad,0,3.0,True,2026_2024,2024,2026_2024:0:5
2026_20241225_midgama,2026,Midgam,HaHadashot 12,2024-12-25,,blue_white,19,,True,2026_2024,2024,2026_2024:0:5
2026_20241225_midgama,2026,Midgam,HaHadashot 12,2024-12-25,,democrats,11,,True,2026_2024,2024,2026_2024:0:5
2026_20241225_midgama,2026,Midgam,HaHadashot 12,2024-12-25,,hadash_taal,5,,True,2026_2024,2024,2026_2024:0:5
2026_20241225_midgama,2026,Midgam,HaHadashot 12,2024-12-25,,likud,23,,True,2026_2024,2024,2026_2024:0:5
2026_20241225_midgama,2026,Midgam,HaHadashot 12,2024-12-25,,new_hope,0,0.6,True,2026_2024,2024,2026_2024:0:5
2026_20241225_midgama,2026,Midgam,HaHadashot 12,2024-12-25,,otzma,8,,True,2026_2024,2024,2026_2024:0:5
2026_20241225_midgama,2026,Midgam,HaHadashot 12,2024-12-25,,raam,5,,True,2026_2024,2024,2026_2024:0:5
2026_20241225_midgama,2026,Midgam,HaHadashot 12,2024-12-25,,rzp,4,,True,2026_2024,2024,2026_2024:0:5
2026_20241225_midgama,2026,Midgam,HaHadashot 12,2024-12-25,,shas,9,,True,2026_2024,2024,2026_2024:0:5
2026_20241225_midgama,2026,Midgam,HaHadashot 12,2024-12-25,,utj,7,,True,2026_2024,2024,2026_2024:0:5
2026_20241225_midgama,2026,Midgam,HaHadashot 12,2024-12-25,,yesh_atid,15,,True,2026_2024,2024,2026_2024:0:5
2026_20241225_midgama,2026,Midgam,HaHadashot 12,2024-12-25,,yisrael_beytenu,14,,True,2026_2024,2024,2026_2024:0:5
2026_20241225_midgamb,2026,Midgam,HaHadashot 12,2024-12-25,,balad,0,3.0,True,2026_2024,2024,2026_2024:0:6
2026_20241225_midgamb,2026,Midgam,HaHadashot 12,2024-12-25,,bennett_2026,21,,True,2026_2024,2024,2026_2024:0:6
2026_20241225_midgamb,2026,Midgam,HaHadashot 12,2024-12-25,,blue_white,12,,True,2026_2024,2024,2026_2024:0:6
2026_20241225_midgamb,2026,Midgam,HaHadashot 12,2024-12-25,,democrats,10,,True,2026_2024,2024,2026_2024:0:6
2026_20241225_midgamb,2026,Midgam,HaHadashot 12,2024-12-25,,hadash_taal,5,,True,2026_2024,2024,2026_2024:0:6
2026_20241225_midgamb,2026,Midgam,HaHadashot 12,2024-12-25,,likud,22,,True,2026_2024,2024,2026_2024:0:6
2026_20241225_midgamb,2026,Midgam,HaHadashot 12,2024-12-25,,new_hope,0,0.5,True,2026_2024,2024,2026_2024:0:6
2026_20241225_midgamb,2026,Midgam,HaHadashot 12,2024-12-25,,otzma,8,,True,2026_2024,2024,2026_2024:0:6
2026_20241225_midgamb,2026,Midgam,HaHadashot 12,2024-12-25,,raam,5,,True,2026_2024,2024,2026_2024:0:6
2026_20241225_midgamb,2026,Midgam,HaHadashot 12,2024-12-25,,rzp,0,3.0,True,2026_2024,2024,2026_2024:0:6
2026_20241225_midgamb,2026,Midgam,HaHadashot 12,2024-12-25,,shas,9,,True,2026_2024,2024,2026_2024:0:6
2026_20241225_midgamb,2026,Midgam,HaHadashot 12,2024-12-25,,utj,7,,True,2026_2024,2024,2026_2024:0:6
2026_20241225_midgamb,2026,Midgam,HaHadashot 12,2024-12-25,,yesh_atid,11,,True,2026_2024,2024,2026_2024:0:6
2026_20241225_midgamb,2026,Midgam,HaHadashot 12,2024-12-25,,yisrael_beytenu,10,,True,2026_2024,2024,2026_2024:0:6
2026_20241226_directpolls,2026,Direct Polls,Channel 14,2024-12-26,,balad,0,2.4,True,2026_2024,2024,2026_2024:0:4
2026_20241226_directpolls,2026,Direct Polls,Channel 14,2024-12-26,,blue_white,13,,True,2026_2024,2024,2026_2024:0:4
2026_20241226_directpolls,2026,Direct Polls,Channel 14,2024-12-26,,democrats,13,,True,2026_2024,2024,2026_2024:0:4
2026_20241226_directpolls,2026,Direct Polls,Channel 14,2024-12-26,,hadash_taal,5,,True,2026_2024,2024,2026_2024:0:4
2026_20241226_directpolls,2026,Direct Polls,Channel 14,2024-12-26,,likud,32,,True,2026_2024,2024,2026_2024:0:4
2026_20241226_directpolls,2026,Direct Polls,Channel 14,2024-12-26,,new_hope,0,0.5,True,2026_2024,2024,2026_2024:0:4
2026_20241226_directpolls,2026,Direct Polls,Channel 14,2024-12-26,,otzma,8,,True,2026_2024,2024,2026_2024:0:4
2026_20241226_directpolls,2026,Direct Polls,Channel 14,2024-12-26,,raam,5,,True,2026_2024,2024,2026_2024:0:4
2026_20241226_directpolls,2026,Direct Polls,Channel 14,2024-12-26,,rzp,4,,True,2026_2024,2024,2026_2024:0:4
2026_20241226_directpolls,2026,Direct Polls,Channel 14,2024-12-26,,shas,10,,True,2026_2024,2024,2026_2024:0:4
2026_20241226_directpolls,2026,Direct Polls,Channel 14,2024-12-26,,utj,8,,True,2026_2024,2024,2026_2024:0:4
2026_20241226_directpolls,2026,Direct Polls,Channel 14,2024-12-26,,yesh_atid,9,,True,2026_2024,2024,2026_2024:0:4
2026_20241226_directpolls,2026,Direct Polls,Channel 14,2024-12-26,,yisrael_beytenu,13,,True,2026_2024,2024,2026_2024:0:4
2026_20241227_lazara,2026,Lazar,Maariv,2024-12-27,,blue_white,20,,True,2026_2024,2024,2026_2024:0:2
2026_20241227_lazara,2026,Lazar,Maariv,2024-12-27,,democrats,11,,True,2026_2024,2024,2026_2024:0:2
2026_20241227_lazara,2026,Lazar,Maariv,2024-12-27,,hadash_taal,6,,True,2026_2024,2024,2026_2024:0:2
2026_20241227_lazara,2026,Lazar,Maariv,2024-12-27,,likud,23,,True,2026_2024,2024,2026_2024:0:2
2026_20241227_lazara,2026,Lazar,Maariv,2024-12-27,,otzma,8,,True,2026_2024,2024,2026_2024:0:2
2026_20241227_lazara,2026,Lazar,Maariv,2024-12-27,,raam,4,,True,2026_2024,2024,2026_2024:0:2
2026_20241227_lazara,2026,Lazar,Maariv,2024-12-27,,shas,10,,True,2026_2024,2024,2026_2024:0:2
2026_20241227_lazara,2026,Lazar,Maariv,2024-12-27,,utj,7,,True,2026_2024,2024,2026_2024:0:2
2026_20241227_lazara,2026,Lazar,Maariv,2024-12-27,,yesh_atid,16,,True,2026_2024,2024,2026_2024:0:2
2026_20241227_lazara,2026,Lazar,Maariv,2024-12-27,,yisrael_beytenu,15,,True,2026_2024,2024,2026_2024:0:2
2026_20241227_lazarb,2026,Lazar,Maariv,2024-12-27,,bennett_2026,24,,True,2026_2024,2024,2026_2024:0:3
2026_20241227_lazarb,2026,Lazar,Maariv,2024-12-27,,blue_white,13,,True,2026_2024,2024,2026_2024:0:3
2026_20241227_lazarb,2026,Lazar,Maariv,2024-12-27,,democrats,9,,True,2026_2024,2024,2026_2024:0:3
2026_20241227_lazarb,2026,Lazar,Maariv,2024-12-27,,hadash_taal,6,,True,2026_2024,2024,2026_2024:0:3
2026_20241227_lazarb,2026,Lazar,Maariv,2024-12-27,,likud,21,,True,2026_2024,2024,2026_2024:0:3
2026_20241227_lazarb,2026,Lazar,Maariv,2024-12-27,,new_hope,0,0.9,True,2026_2024,2024,2026_2024:0:3
2026_20241227_lazarb,2026,Lazar,Maariv,2024-12-27,,otzma,7,,True,2026_2024,2024,2026_2024:0:3
2026_20241227_lazarb,2026,Lazar,Maariv,2024-12-27,,raam,5,,True,2026_2024,2024,2026_2024:0:3
2026_20241227_lazarb,2026,Lazar,Maariv,2024-12-27,,rzp,0,1.8,True,2026_2024,2024,2026_2024:0:3
2026_20241227_lazarb,2026,Lazar,Maariv,2024-12-27,,shas,9,,True,2026_2024,2024,2026_2024:0:3
2026_20241227_lazarb,2026,Lazar,Maariv,2024-12-27,,utj,7,,True,2026_2024,2024,2026_2024:0:3
2026_20241227_lazarb,2026,Lazar,Maariv,2024-12-27,,yesh_atid,11,,True,2026_2024,2024,2026_2024:0:3
2026_20241227_lazarb,2026,Lazar,Maariv,2024-12-27,,yisrael_beytenu,8,,True,2026_2024,2024,2026_2024:0:3
2026_20250103_lazara,2026,Lazar,Maariv,2025-01-03,,balad,0,2.1,True,2026_2025,Polls,2026_2025:2:34
2026_20250103_lazara,2026,Lazar,Maariv,2025-01-03,,blue_white,18,,True,2026_2025,Polls,2026_2025:2:34
2026_20250103_lazara,2026,Lazar,Maariv,2025-01-03,,democrats,11,,True,2026_2025,Polls,2026_2025:2:34
2026_20250103_lazara,2026,Lazar,Maariv,2025-01-03,,hadash_taal,5,,True,2026_2025,Polls,2026_2025:2:34
2026_20250103_lazara,2026,Lazar,Maariv,2025-01-03,,likud,24,,True,2026_2025,Polls,2026_2025:2:34
2026_20250103_lazara,2026,Lazar,Maariv,2025-01-03,,new_hope,0,0.9,True,2026_2025,Polls,2026_2025:2:34
2026_20250103_lazara,2026,Lazar,Maariv,2025-01-03,,otzma,6,,True,2026_2025,Polls,2026_2025:2:34
2026_20250103_lazara,2026,Lazar,Maariv,2025-01-03,,raam,5,,True,2026_2025,Polls,2026_2025:2:34
2026_20250103_lazara,2026,Lazar,Maariv,2025-01-03,,rzp,4,,True,2026_2025,Polls,2026_2025:2:34
2026_20250103_lazara,2026,Lazar,Maariv,2025-01-03,,shas,9,,True,2026_2025,Polls,2026_2025:2:34
2026_20250103_lazara,2026,Lazar,Maariv,2025-01-03,,utj,7,,True,2026_2025,Polls,2026_2025:2:34
2026_20250103_lazara,2026,Lazar,Maariv,2025-01-03,,yesh_atid,15,,True,2026_2025,Polls,2026_2025:2:34
2026_20250103_lazara,2026,Lazar,Maariv,2025-01-03,,yisrael_beytenu,16,,True,2026_2025,Polls,2026_2025:2:34
2026_20250103_lazarb,2026,Lazar,Maariv,2025-01-03,,bennett_2026,26,,True,2026_2025,Polls,2026_2025:2:35
2026_20250103_lazarb,2026,Lazar,Maariv,2025-01-03,,blue_white,10,,True,2026_2025,Polls,2026_2025:2:35
2026_20250103_lazarb,2026,Lazar,Maariv,2025-01-03,,democrats,9,,True,2026_2025,Polls,2026_2025:2:35
2026_20250103_lazarb,2026,Lazar,Maariv,2025-01-03,,hadash_taal,4,,True,2026_2025,Polls,2026_2025:2:35
2026_20250103_lazarb,2026,Lazar,Maariv,2025-01-03,,likud,22,,True,2026_2025,Polls,2026_2025:2:35
2026_20250103_lazarb,2026,Lazar,Maariv,2025-01-03,,new_hope,0,0.5,True,2026_2025,Polls,2026_2025:2:35
2026_20250103_lazarb,2026,Lazar,Maariv,2025-01-03,,otzma,6,,True,2026_2025,Polls,2026_2025:2:35
2026_20250103_lazarb,2026,Lazar,Maariv,2025-01-03,,raam,5,,True,2026_2025,Polls,2026_2025:2:35
2026_20250103_lazarb,2026,Lazar,Maariv,2025-01-03,,rzp,4,,True,2026_2025,Polls,2026_2025:2:35
2026_20250103_lazarb,2026,Lazar,Maariv,2025-01-03,,shas,9,,True,2026_2025,Polls,2026_2025:2:35
2026_20250103_lazarb,2026,Lazar,Maariv,2025-01-03,,utj,7,,True,2026_2025,Polls,2026_2025:2:35
2026_20250103_lazarb,2026,Lazar,Maariv,2025-01-03,,yesh_atid,10,,True,2026_2025,Polls,2026_2025:2:35
2026_20250103_lazarb,2026,Lazar,Maariv,2025-01-03,,yisrael_beytenu,8,,True,2026_2025,Polls,2026_2025:2:35
2026_20250109_lazara,2026,Lazar,Maariv,2025-01-09,,balad,0,1.5,True,2026_2025,Polls,2026_2025:2:32
2026_20250109_lazara,2026,Lazar,Maariv,2025-01-09,,blue_white,19,,True,2026_2025,Polls,2026_2025:2:32
2026_20250109_lazara,2026,Lazar,Maariv,2025-01-09,,democrats,13,,True,2026_2025,Polls,2026_2025:2:32
2026_20250109_lazara,2026,Lazar,Maariv,2025-01-09,,hadash_taal,5,,True,2026_2025,Polls,2026_2025:2:32
2026_20250109_lazara,2026,Lazar,Maariv,2025-01-09,,likud,22,,True,2026_2025,Polls,2026_2025:2:32
2026_20250109_lazara,2026,Lazar,Maariv,2025-01-09,,new_hope,0,2.0,True,2026_2025,Polls,2026_2025:2:32
2026_20250109_lazara,2026,Lazar,Maariv,2025-01-09,,otzma,6,,True,2026_2025,Polls,2026_2025:2:32
2026_20250109_lazara,2026,Lazar,Maariv,2025-01-09,,raam,5,,True,2026_2025,Polls,2026_2025:2:32
2026_20250109_lazara,2026,Lazar,Maariv,2025-01-09,,rzp,4,,True,2026_2025,Polls,2026_2025:2:32
2026_20250109_lazara,2026,Lazar,Maariv,2025-01-09,,shas,10,,True,2026_2025,Polls,2026_2025:2:32
2026_20250109_lazara,2026,Lazar,Maariv,2025-01-09,,utj,7,,True,2026_2025,Polls,2026_2025:2:32
2026_20250109_lazara,2026,Lazar,Maariv,2025-01-09,,yesh_atid,14,,True,2026_2025,Polls,2026_2025:2:32
2026_20250109_lazara,2026,Lazar,Maariv,2025-01-09,,yisrael_beytenu,15,,True,2026_2025,Polls,2026_2025:2:32
2026_20250109_lazarb,2026,Lazar,Maariv,2025-01-09,,bennett_2026,27,,True,2026_2025,Polls,2026_2025:2:33
2026_20250109_lazarb,2026,Lazar,Maariv,2025-01-09,,blue_white,11,,True,2026_2025,Polls,2026_2025:2:33
2026_20250109_lazarb,2026,Lazar,Maariv,2025-01-09,,democrats,10,,True,2026_2025,Polls,2026_2025:2:33
2026_20250109_lazarb,2026,Lazar,Maariv,2025-01-09,,hadash_taal,5,,True,2026_2025,Polls,2026_2025:2:33
2026_20250109_lazarb,2026,Lazar,Maariv,2025-01-09,,likud,21,,True,2026_2025,Polls,2026_2025:2:33
2026_20250109_lazarb,2026,Lazar,Maariv,2025-01-09,,new_hope,0,1.0,True,2026_2025,Polls,2026_2025:2:33
2026_20250109_lazarb,2026,Lazar,Maariv,2025-01-09,,otzma,6,,True,2026_2025,Polls,2026_2025:2:33
2026_20250109_lazarb,2026,Lazar,Maariv,2025-01-09,,raam,5,,True,2026_2025,Polls,2026_2025:2:33
2026_20250109_lazarb,2026,Lazar,Maariv,2025-01-09,,rzp,0,2.2,True,2026_2025,Polls,2026_2025:2:33
2026_20250109_lazarb,2026,Lazar,Maariv,2025-01-09,,shas,9,,True,2026_2025,Polls,2026_2025:2:33
2026_20250109_lazarb,2026,Lazar,Maariv,2025-01-09,,utj,7,,True,2026_2025,Polls,2026_2025:2:33
2026_20250109_lazarb,2026,Lazar,Maariv,2025-01-09,,yesh_atid,10,,True,2026_2025,Polls,2026_2025:2:33
2026_20250109_lazarb,2026,Lazar,Maariv,2025-01-09,,yisrael_beytenu,9,,True,2026_2025,Polls,2026_2025:2:33
2026_20250116_lazara,2026,Lazar,Maariv,2025-01-16,,balad,0,1.4,True,2026_2025,Polls,2026_2025:2:30
2026_20250116_lazara,2026,Lazar,Maariv,2025-01-16,,blue_white,17,,True,2026_2025,Polls,2026_2025:2:30
2026_20250116_lazara,2026,Lazar,Maariv,2025-01-16,,democrats,13,,True,2026_2025,Polls,2026_2025:2:30
2026_20250116_lazara,2026,Lazar,Maariv,2025-01-16,,hadash_taal,5,,True,2026_2025,Polls,2026_2025:2:30
2026_20250116_lazara,2026,Lazar,Maariv,2025-01-16,,likud,23,,True,2026_2025,Polls,2026_2025:2:30
2026_20250116_lazara,2026,Lazar,Maariv,2025-01-16,,new_hope,0,1.1,True,2026_2025,Polls,2026_2025:2:30
2026_20250116_lazara,2026,Lazar,Maariv,2025-01-16,,otzma,7,,True,2026_2025,Polls,2026_2025:2:30
2026_20250116_lazara,2026,Lazar,Maariv,2025-01-16,,raam,5,,True,2026_2025,Polls,2026_2025:2:30
2026_20250116_lazara,2026,Lazar,Maariv,2025-01-16,,rzp,4,,True,2026_2025,Polls,2026_2025:2:30
2026_20250116_lazara,2026,Lazar,Maariv,2025-01-16,,shas,10,,True,2026_2025,Polls,2026_2025:2:30
2026_20250116_lazara,2026,Lazar,Maariv,2025-01-16,,utj,7,,True,2026_2025,Polls,2026_2025:2:30
2026_20250116_lazara,2026,Lazar,Maariv,2025-01-16,,yesh_atid,14,,True,2026_2025,Polls,2026_2025:2:30
2026_20250116_lazara,2026,Lazar,Maariv,2025-01-16,,yisrael_beytenu,15,,True,2026_2025,Polls,2026_2025:2:30
2026_20250116_lazarb,2026,Lazar,Maariv,2025-01-16,,bennett_2026,26,,True,2026_2025,Polls,2026_2025:2:31
2026_20250116_lazarb,2026,Lazar,Maariv,2025-01-16,,blue_white,11,,True,2026_2025,Polls,2026_2025:2:31
2026_20250116_lazarb,2026,Lazar,Maariv,2025-01-16,,democrats,10,,True,2026_2025,Polls,2026_2025:2:31
2026_20250116_lazarb,2026,Lazar,Maariv,2025-01-16,,hadash_taal,5,,True,2026_2025,Polls,2026_2025:2:31
2026_20250116_lazarb,2026,Lazar,Maariv,2025-01-16,,likud,21,,True,2026_2025,Polls,2026_2025:2:31
2026_20250116_lazarb,2026,Lazar,Maariv,2025-01-16,,new_hope,0,0.3,True,2026_2025,Polls,2026_2025:2:31
2026_20250116_lazarb,2026,Lazar,Maariv,2025-01-16,,otzma,7,,True,2026_2025,Polls,2026_2025:2:31
2026_20250116_lazarb,2026,Lazar,Maariv,2025-01-16,,raam,5,,True,2026_2025,Polls,2026_2025:2:31
2026_20250116_lazarb,2026,Lazar,Maariv,2025-01-16,,rzp,0,1.8,True,2026_2025,Polls,2026_2025:2:31
2026_20250116_lazarb,2026,Lazar,Maariv,2025-01-16,,shas,10,,True,2026_2025,Polls,2026_2025:2:31
2026_20250116_lazarb,2026,Lazar,Maariv,2025-01-16,,utj,7,,True,2026_2025,Polls,2026_2025:2:31
2026_20250116_lazarb,2026,Lazar,Maariv,2025-01-16,,yesh_atid,9,,True,2026_2025,Polls,2026_2025:2:31
2026_20250116_lazarb,2026,Lazar,Maariv,2025-01-16,,yisrael_beytenu,9,,True,2026_2025,Polls,2026_2025:2:31
2026_20250122_smithconsulting,2026,Smith Consulting,The Truth Machine,2025-01-22,,blue_white,16,,True,2026_2025,Polls,2026_2025:2:28
2026_20250122_smithconsulting,2026,Smith Consulting,The Truth Machine,2025-01-22,,democrats,11,,True,2026_2025,Polls,2026_2025:2:28
2026_20250122_smithconsulting,2026,Smith Consulting,The Truth Machine,2025-01-22,,hadash_taal,5,,True,2026_2025,Polls,2026_2025:2:28
2026_20250122_smithconsulting,2026,Smith Consulting,The Truth Machine,2025-01-22,,likud,26,,True,2026_2025,Polls,2026_2025:2:28
2026_20250122_smithconsulting,2026,Smith Consulting,The Truth Machine,2025-01-22,,otzma,8,,True,2026_2025,Polls,2026_2025:2:28
2026_20250122_smithconsulting,2026,Smith Consulting,The Truth Machine,2025-01-22,,raam,5,,True,2026_2025,Polls,2026_2025:2:28
2026_20250122_smithconsulting,2026,Smith Consulting,The Truth Machine,2025-01-22,,rzp,5,,True,2026_2025,Polls,2026_2025:2:28
2026_20250122_smithconsulting,2026,Smith Consulting,The Truth Machine,2025-01-22,,shas,9,,True,2026_2025,Polls,2026_2025:2:28
2026_20250122_smithconsulting,2026,Smith Consulting,The Truth Machine,2025-01-22,,utj,7,,True,2026_2025,Polls,2026_2025:2:28
2026_20250122_smithconsulting,2026,Smith Consulting,The Truth Machine,2025-01-22,,yesh_atid,12,,True,2026_2025,Polls,2026_2025:2:28
2026_20250122_smithconsulting,2026,Smith Consulting,The Truth Machine,2025-01-22,,yisrael_beytenu,16,,True,2026_2025,Polls,2026_2025:2:28
2026_20250123_lazara,2026,Lazar,Maariv,2025-01-23,,balad,0,1.8,True,2026_2025,Polls,2026_2025:2:26
2026_20250123_lazara,2026,Lazar,Maariv,2025-01-23,,blue_white,18,,True,2026_2025,Polls,2026_2025:2:26
2026_20250123_lazara,2026,Lazar,Maariv,2025-01-23,,democrats,12,,True,2026_2025,Polls,2026_2025:2:26
2026_20250123_lazara,2026,Lazar,Maariv,2025-01-23,,hadash_taal,5,,True,2026_2025,Polls,2026_2025:2:26
2026_20250123_lazara,2026,Lazar,Maariv,2025-01-23,,likud,21,,True,2026_2025,Polls,2026_2025:2:26
2026_20250123_lazara,2026,Lazar,Maariv,2025-01-23,,new_hope,0,2.0,True,2026_2025,Polls,2026_2025:2:26
2026_20250123_lazara,2026,Lazar,Maariv,2025-01-23,,otzma,9,,True,2026_2025,Polls,2026_2025:2:26
2026_20250123_lazara,2026,Lazar,Maariv,2025-01-23,,raam,5,,True,2026_2025,Polls,2026_2025:2:26
2026_20250123_lazara,2026,Lazar,Maariv,2025-01-23,,rzp,4,,True,2026_2025,Polls,2026_2025:2:26
2026_20250123_lazara,2026,Lazar,Maariv,2025-01-23,,shas,10,,True,2026_2025,Polls,2026_2025:2:26
2026_20250123_lazara,2026,Lazar,Maariv,2025-01-23,,utj,7,,True,2026_2025,Polls,2026_2025:2:26
2026_20250123_lazara,2026,Lazar,Maariv,2025-01-23,,yesh_atid,13,,True,2026_2025,Polls,2026_2025:2:26
2026_20250123_lazara,2026,Lazar,Maariv,2025-01-23,,yisrael_beytenu,16,,True,2026_2025,Polls,2026_2025:2:26
2026_20250123_lazarb,2026,Lazar,Maariv,2025-01-23,,bennett_2026,27,,False,2026_2025,Polls,2026_2025:2:27
2026_20250123_lazarb,2026,Lazar,Maariv,2025-01-23,,blue_white,12,,False,2026_2025,Polls,2026_2025:2:27
2026_20250123_lazarb,2026,Lazar,Maariv,2025-01-23,,democrats,9,,False,2026_2025,Polls,2026_2025:2:27
2026_20250123_lazarb,2026,Lazar,Maariv,2025-01-23,,hadash_taal,5,,False,2026_2025,Polls,2026_2025:2:27
2026_20250123_lazarb,2026,Lazar,Maariv,2025-01-23,,likud,19,,False,2026_2025,Polls,2026_2025:2:27
2026_20250123_lazarb,2026,Lazar,Maariv,2025-01-23,,new_hope,0,1.6,False,2026_2025,Polls,2026_2025:2:27
2026_20250123_lazarb,2026,Lazar,Maariv,2025-01-23,,otzma,8,,False,2026_2025,Polls,2026_2025:2:27
2026_20250123_lazarb,2026,Lazar,Maariv,2025-01-23,,raam,5,,False,2026_2025,Polls,2026_2025:2:27
2026_20250123_lazarb,2026,Lazar,Maariv,2025-01-23,,rzp,0,2.1,False,2026_2025,Polls,2026_2025:2:27
2026_20250123_lazarb,2026,Lazar,Maariv,2025-01-23,,shas,9,,False,2026_2025,Polls,2026_2025:2:27
2026_20250123_lazarb,2026,Lazar,Maariv,2025-01-23,,utj,7,,False,2026_2025,Polls,2026_2025:2:27
2026_20250123_lazarb,2026,Lazar,Maariv,2025-01-23,,yesh_atid,10,,False,2026_2025,Polls,2026_2025:2:27
2026_20250123_lazarb,2026,Lazar,Maariv,2025-01-23,,yisrael_beytenu,10,,False,2026_2025,Polls,2026_2025:2:27
2026_20250123_midgama,2026,Midgam,HaHadashot 12,2025-01-23,,balad,0,2.4,False,2026_2025,Polls,2026_2025:2:24
2026_20250123_midgama,2026,Midgam,HaHadashot 12,2025-01-23,,blue_white,18,,False,2026_2025,Polls,2026_2025:2:24
2026_20250123_midgama,2026,Midgam,HaHadashot 12,2025-01-23,,democrats,13,,False,2026_2025,Polls,2026_2025:2:24
2026_20250123_midgama,2026,Midgam,HaHadashot 12,2025-01-23,,hadash_taal,5,,False,2026_2025,Polls,2026_2025:2:24
2026_20250123_midgama,2026,Midgam,HaHadashot 12,2025-01-23,,likud,24,,False,2026_2025,Polls,2026_2025:2:24
2026_20250123_midgama,2026,Midgam,HaHadashot 12,2025-01-23,,new_hope,0,1.1,False,2026_2025,Polls,2026_2025:2:24
2026_20250123_midgama,2026,Midgam,HaHadashot 12,2025-01-23,,otzma,8,,False,2026_2025,Polls,2026_2025:2:24
2026_20250123_midgama,2026,Midgam,HaHadashot 12,2025-01-23,,raam,6,,False,2026_2025,Polls,2026_2025:2:24
2026_20250123_midgama,2026,Midgam,HaHadashot 12,2025-01-23,,rzp,4,,False,2026_2025,Polls,2026_2025:2:24
2026_20250123_midgama,2026,Midgam,HaHadashot 12,2025-01-23,,shas,9,,False,2026_2025,Polls,2026_2025:2:24
2026_20250123_midgama,2026,Midgam,HaHadashot 12,2025-01-23,,utj,7,,False,2026_2025,Polls,2026_2025:2:24
2026_20250123_midgama,2026,Midgam,HaHadashot 12,2025-01-23,,yesh_atid,14,,False,2026_2025,Polls,2026_2025:2:24
2026_20250123_midgama,2026,Midgam,HaHadashot 12,2025-01-23,,yisrael_beytenu,13,,False,2026_2025,Polls,2026_2025:2:24
2026_20250123_midgamb,2026,Midgam,HaHadashot 12,2025-01-23,,balad,0,2.4,False,2026_2025,Polls,2026_2025:2:25
2026_20250123_midgamb,2026,Midgam,HaHadashot 12,2025-01-23,,bennett_2026,23,,False,2026_2025,Polls,2026_2025:2:25
2026_20250123_midgamb,2026,Midgam,HaHadashot 12,2025-01-23,,blue_white,11,,False,2026_2025,Polls,2026_2025:2:25
2026_20250123_midgamb,2026,Midgam,HaHadashot 12,2025-01-23,,democrats,12,,False,2026_2025,Polls,2026_2025:2:25
2026_20250123_midgamb,2026,Midgam,HaHadashot 12,2025-01-23,,hadash_taal,4,,False,2026_2025,Polls,2026_2025:2:25
2026_20250123_midgamb,2026,Midgam,HaHadashot 12,2025-01-23,,likud,23,,False,2026_2025,Polls,2026_2025:2:25
2026_20250123_midgamb,2026,Midgam,HaHadashot 12,2025-01-23,,new_hope,0,0.8,False,2026_2025,Polls,2026_2025:2:25
2026_20250123_midgamb,2026,Midgam,HaHadashot 12,2025-01-23,,otzma,7,,False,2026_2025,Polls,2026_2025:2:25
2026_20250123_midgamb,2026,Midgam,HaHadashot 12,2025-01-23,,raam,6,,False,2026_2025,Polls,2026_2025:2:25
2026_20250123_midgamb,2026,Midgam,HaHadashot 12,2025-01-23,,rzp,0,2.4,False,2026_2025,Polls,2026_2025:2:25
2026_20250123_midgamb,2026,Midgam,HaHadashot 12,2025-01-23,,shas,9,,False,2026_2025,Polls,2026_2025:2:25
2026_20250123_midgamb,2026,Midgam,HaHadashot 12,2025-01-23,,utj,7,,False,2026_2025,Polls,2026_2025:2:25
2026_20250123_midgamb,2026,Midgam,HaHadashot 12,2025-01-23,,yesh_atid,10,,False,2026_2025,Polls,2026_2025:2:25
2026_20250123_midgamb,2026,Midgam,HaHadashot 12,2025-01-23,,yisrael_beytenu,7,,False,2026_2025,Polls,2026_2025:2:25
2026_20250130_lazara,2026,Lazar,Maariv,2025-01-30,,balad,0,1.4,True,2026_2025,Polls,2026_2025:2:22
2026_20250130_lazara,2026,Lazar,Maariv,2025-01-30,,blue_white,19,,True,2026_2025,Polls,2026_2025:2:22
2026_20250130_lazara,2026,Lazar,Maariv,2025-01-30,,democrats,13,,True,2026_2025,Polls,2026_2025:2:22
2026_20250130_lazara,2026,Lazar,Maariv,2025-01-30,,hadash_taal,5,,True,2026_2025,Polls,2026_2025:2:22
2026_20250130_lazara,2026,Lazar,Maariv,2025-01-30,,likud,21,,True,2026_2025,Polls,2026_2025:2:22
2026_20250130_lazara,2026,Lazar,Maariv,2025-01-30,,new_hope,0,1.5,True,2026_2025,Polls,2026_2025:2:22
2026_20250130_lazara,2026,Lazar,Maariv,2025-01-30,,otzma,8,,True,2026_2025,Polls,2026_2025:2:22
2026_20250130_lazara,2026,Lazar,Maariv,2025-01-30,,raam,5,,True,2026_2025,Polls,2026_2025:2:22
2026_20250130_lazara,2026,Lazar,Maariv,2025-01-30,,rzp,4,,True,2026_2025,Polls,2026_2025:2:22
2026_20250130_lazara,2026,Lazar,Maariv,2025-01-30,,shas,9,,True,2026_2025,Polls,2026_2025:2:22
2026_20250130_lazara,2026,Lazar,Maariv,2025-01-30,,utj,7,,True,2026_2025,Polls,2026_2025:2:22
2026_20250130_lazara,2026,Lazar,Maariv,2025-01-30,,yesh_atid,14,,True,2026_2025,Polls,2026_2025:2:22
2026_20250130_lazara,2026,Lazar,Maariv,2025-01-30,,yisrael_beytenu,15,,True,2026_2025,Polls,2026_2025:2:22
2026_20250130_lazarb,2026,Lazar,Maariv,2025-01-30,,bennett_2026,26,,True,2026_2025,Polls,2026_2025:2:23
2026_20250130_lazarb,2026,Lazar,Maariv,2025-01-30,,blue_white,12,,True,2026_2025,Polls,2026_2025:2:23
2026_20250130_lazarb,2026,Lazar,Maariv,2025-01-30,,democrats,9,,True,2026_2025,Polls,2026_2025:2:23
2026_20250130_lazarb,2026,Lazar,Maariv,2025-01-30,,hadash_taal,5,,True,2026_2025,Polls,2026_2025:2:23
2026_20250130_lazarb,2026,Lazar,Maariv,2025-01-30,,likud,20,,True,2026_2025,Polls,2026_2025:2:23
2026_20250130_lazarb,2026,Lazar,Maariv,2025-01-30,,new_hope,0,0.5,True,2026_2025,Polls,2026_2025:2:23
2026_20250130_lazarb,2026,Lazar,Maariv,2025-01-30,,otzma,8,,True,2026_2025,Polls,2026_2025:2:23
2026_20250130_lazarb,2026,Lazar,Maariv,2025-01-30,,raam,5,,True,2026_2025,Polls,2026_2025:2:23
2026_20250130_lazarb,2026,Lazar,Maariv,2025-01-30,,rzp,0,2.6,True,2026_2025,Polls,2026_2025:2:23
2026_20250130_lazarb,2026,Lazar,Maariv,2025-01-30,,shas,9,,True,2026_2025,Polls,2026_2025:2:23
2026_20250130_lazarb,2026,Lazar,Maariv,2025-01-30,,utj,7,,True,2026_2025,Polls,2026_2025:2:23
2026_20250130_lazarb,2026,Lazar,Maariv,2025-01-30,,yesh_atid,10,,True,2026_2025,Polls,2026_2025:2:23
2026_20250130_lazarb,2026,Lazar,Maariv,2025-01-30,,yisrael_beytenu,9,,True,2026_2025,Polls,2026_2025:2:23
2026_20250205_maagarmochota,2026,Maagar Mochot,Channel 13,2025-02-05,,balad,0,1.6,True,2026_2025,Polls,2026_2025:2:20
2026_20250205_maagarmochota,2026,Maagar Mochot,Channel 13,2025-02-05,,blue_white,17,,True,2026_2025,Polls,2026_2025:2:20
2026_20250205_maagarmochota,2026,Maagar Mochot,Channel 13,2025-02-05,,democrats,12,,True,2026_2025,Polls,2026_2025:2:20
2026_20250205_maagarmochota,2026,Maagar Mochot,Channel 13,2025-02-05,,hadash_taal,6,,True,2026_2025,Polls,2026_2025:2:20
2026_20250205_maagarmochota,2026,Maagar Mochot,Channel 13,2025-02-05,,likud,26,,True,2026_2025,Polls,2026_2025:2:20
2026_20250205_maagarmochota,2026,Maagar Mochot,Channel 13,2025-02-05,,new_hope,0,0.4,True,2026_2025,Polls,2026_2025:2:20
2026_20250205_maagarmochota,2026,Maagar Mochot,Channel 13,2025-02-05,,otzma,9,,True,2026_2025,Polls,2026_2025:2:20
2026_20250205_maagarmochota,2026,Maagar Mochot,Channel 13,2025-02-05,,raam,5,,True,2026_2025,Polls,2026_2025:2:20
2026_20250205_maagarmochota,2026,Maagar Mochot,Channel 13,2025-02-05,,rzp,4,,True,2026_2025,Polls,2026_2025:2:20
2026_20250205_maagarmochota,2026,Maagar Mochot,Channel 13,2025-02-05,,shas,10,,True,2026_2025,Polls,2026_2025:2:20
2026_20250205_maagarmochota,2026,Maagar Mochot,Channel 13,2025-02-05,,utj,7,,True,2026_2025,Polls,2026_2025:2:20
2026_20250205_maagarmochota,2026,Maagar Mochot,Channel 13,2025-02-05,,yesh_atid,8,,True,2026_2025,Polls,2026_2025:2:20
2026_20250205_maagarmochota,2026,Maagar Mochot,Channel 13,2025-02-05,,yisrael_beytenu,16,,True,2026_2025,Polls,2026_2025:2:20
2026_20250205_maagarmochotb,2026,Maagar Mochot,Channel 13,2025-02-05,,bennett_2026,29,,True,2026_2025,Polls,2026_2025:2:21
2026_20250205_maagarmochotb,2026,Maagar Mochot,Channel 13,2025-02-05,,blue_white,9,,True,2026_2025,Polls,2026_2025:2:21
2026_20250205_maagarmochotb,2026,Maagar Mochot,Channel 13,2025-02-05,,democrats,11,,True,2026_2025,Polls,2026_2025:2:21
2026_20250205_maagarmochotb,2026,Maagar Mochot,Channel 13,2025-02-05,,hadash_taal,5,,True,2026_2025,Polls,2026_2025:2:21
2026_20250205_maagarmochotb,2026,Maagar Mochot,Channel 13,2025-02-05,,likud,24,,True,2026_2025,Polls,2026_2025:2:21
2026_20250205_maagarmochotb,2026,Maagar Mochot,Channel 13,2025-02-05,,otzma,8,,True,2026_2025,Polls,2026_2025:2:21
2026_20250205_maagarmochotb,2026,Maagar Mochot,Channel 13,2025-02-05,,raam,4,,True,2026_2025,Polls,2026_2025:2:21
2026_20250205_maagarmochotb,2026,Maagar Mochot,Channel 13,2025-02-05,,shas,10,,True,2026_2025,Polls,2026_2025:2:21
2026_20250205_maagarmochotb,2026,Maagar Mochot,Channel 13,2025-02-05,,utj,6,,True,2026_2025,Polls,2026_2025:2:21
2026_20250205_maagarmochotb,2026,Maagar Mochot,Channel 13,2025-02-05,,yesh_atid,5,,True,2026_2025,Polls,2026_2025:2:21
2026_20250205_maagarmochotb,2026,Maagar Mochot,Channel 13,2025-02-05,,yisrael_beytenu,9,,True,2026_2025,Polls,2026_2025:2:21
2026_20250206_directpolls,2026,Direct Polls,Channel 14,2025-02-06,,balad,0,2.3,True,2026_2025,Polls,2026_2025:2:17
2026_20250206_directpolls,2026,Direct Polls,Channel 14,2025-02-06,,blue_white,10,,True,2026_2025,Polls,2026_2025:2:17
2026_20250206_directpolls,2026,Direct Polls,Channel 14,2025-02-06,,democrats,16,,True,2026_2025,Polls,2026_2025:2:17
2026_20250206_directpolls,2026,Direct Polls,Channel 14,2025-02-06,,hadash_taal,5,,True,2026_2025,Polls,2026_2025:2:17
2026_20250206_directpolls,2026,Direct Polls,Channel 14,2025-02-06,,likud,33,,True,2026_2025,Polls,2026_2025:2:17
2026_20250206_directpolls,2026,Direct Polls,Channel 14,2025-02-06,,otzma,5,,True,2026_2025,Polls,2026_2025:2:17
2026_20250206_directpolls,2026,Direct Polls,Channel 14,2025-02-06,,raam,5,,True,2026_2025,Polls,2026_2025:2:17
2026_20250206_directpolls,2026,Direct Polls,Channel 14,2025-02-06,,rzp,6,,True,2026_2025,Polls,2026_2025:2:17
2026_20250206_directpolls,2026,Direct Polls,Channel 14,2025-02-06,,shas,11,,True,2026_2025,Polls,2026_2025:2:17
2026_20250206_directpolls,2026,Direct Polls,Channel 14,2025-02-06,,utj,8,,True,2026_2025,Polls,2026_2025:2:17
2026_20250206_directpolls,2026,Direct Polls,Channel 14,2025-02-06,,yesh_atid,6,,True,2026_2025,Polls,2026_2025:2:17
2026_20250206_directpolls,2026,Direct Polls,Channel 14,2025-02-06,,yisrael_beytenu,15,,True,2026_2025,Polls,2026_2025:2:17
2026_20250206_lazara,2026,Lazar,Maariv,2025-02-06,,balad,0,1.2,True,2026_2025,Polls,2026_2025:2:18
2026_20250206_lazara,2026,Lazar,Maariv,2025-02-06,,blue_white,17,,True,2026_2025,Polls,2026_2025:2:18
2026_20250206_lazara,2026,Lazar,Maariv,2025-02-06,,democrats,12,,True,2026_2025,Polls,2026_2025:2:18
2026_20250206_lazara,2026,Lazar,Maariv,2025-02-06,,hadash_taal,6,,True,2026_2025,Polls,2026_2025:2:18
2026_20250206_lazara,2026,Lazar,Maariv,2025-02-06,,likud,24,,True,2026_2025,Polls,2026_2025:2:18
2026_20250206_lazara,2026,Lazar,Maariv,2025-02-06,,new_hope,0,0.9,True,2026_2025,Polls,2026_2025:2:18
2026_20250206_lazara,2026,Lazar,Maariv,2025-02-06,,otzma,9,,True,2026_2025,Polls,2026_2025:2:18
2026_20250206_lazara,2026,Lazar,Maariv,2025-02-06,,raam,4,,True,2026_2025,Polls,2026_2025:2:18
2026_20250206_lazara,2026,Lazar,Maariv,2025-02-06,,rzp,4,,True,2026_2025,Polls,2026_2025:2:18
2026_20250206_lazara,2026,Lazar,Maariv,2025-02-06,,shas,9,,True,2026_2025,Polls,2026_2025:2:18
2026_20250206_lazara,2026,Lazar,Maariv,2025-02-06,,utj,7,,True,2026_2025,Polls,2026_2025:2:18
2026_20250206_lazara,2026,Lazar,Maariv,2025-02-06,,yesh_atid,13,,True,2026_2025,Polls,2026_2025:2:18
2026_20250206_lazara,2026,Lazar,Maariv,2025-02-06,,yisrael_beytenu,15,,True,2026_2025,Polls,2026_2025:2:18
2026_20250206_lazarb,2026,Lazar,Maariv,2025-02-06,,bennett_2026,24,,True,2026_2025,Polls,2026_2025:2:19
2026_20250206_lazarb,2026,Lazar,Maariv,2025-02-06,,blue_white,11,,True,2026_2025,Polls,2026_2025:2:19
2026_20250206_lazarb,2026,Lazar,Maariv,2025-02-06,,democrats,9,,True,2026_2025,Polls,2026_2025:2:19
2026_20250206_lazarb,2026,Lazar,Maariv,2025-02-06,,hadash_taal,4,,True,2026_2025,Polls,2026_2025:2:19
2026_20250206_lazarb,2026,Lazar,Maariv,2025-02-06,,likud,22,,True,2026_2025,Polls,2026_2025:2:19
2026_20250206_lazarb,2026,Lazar,Maariv,2025-02-06,,new_hope,0,0.5,True,2026_2025,Polls,2026_2025:2:19
2026_20250206_lazarb,2026,Lazar,Maariv,2025-02-06,,otzma,9,,True,2026_2025,Polls,2026_2025:2:19
2026_20250206_lazarb,2026,Lazar,Maariv,2025-02-06,,raam,6,,True,2026_2025,Polls,2026_2025:2:19
2026_20250206_lazarb,2026,Lazar,Maariv,2025-02-06,,rzp,0,2.8,True,2026_2025,Polls,2026_2025:2:19
2026_20250206_lazarb,2026,Lazar,Maariv,2025-02-06,,shas,9,,True,2026_2025,Polls,2026_2025:2:19
2026_20250206_lazarb,2026,Lazar,Maariv,2025-02-06,,utj,7,,True,2026_2025,Polls,2026_2025:2:19
2026_20250206_lazarb,2026,Lazar,Maariv,2025-02-06,,yesh_atid,10,,True,2026_2025,Polls,2026_2025:2:19
2026_20250206_lazarb,2026,Lazar,Maariv,2025-02-06,,yisrael_beytenu,9,,True,2026_2025,Polls,2026_2025:2:19
2026_20250213_directpolls,2026,Direct Polls,Channel 14,2025-02-13,,balad,0,2.3,True,2026_2025,Polls,2026_2025:2:16
2026_20250213_directpolls,2026,Direct Polls,Channel 14,2025-02-13,,blue_white,9,,True,2026_2025,Polls,2026_2025:2:16
2026_20250213_directpolls,2026,Direct Polls,Channel 14,2025-02-13,,democrats,17,,True,2026_2025,Polls,2026_2025:2:16
2026_20250213_directpolls,2026,Direct Polls,Channel 14,2025-02-13,,hadash_taal,5,,True,2026_2025,Polls,2026_2025:2:16
2026_20250213_directpolls,2026,Direct Polls,Channel 14,2025-02-13,,likud,32,,True,2026_2025,Polls,2026_2025:2:16
2026_20250213_directpolls,2026,Direct Polls,Channel 14,2025-02-13,,otzma,6,,True,2026_2025,Polls,2026_2025:2:16
2026_20250213_directpolls,2026,Direct Polls,Channel 14,2025-02-13,,raam,5,,True,2026_2025,Polls,2026_2025:2:16
2026_20250213_directpolls,2026,Direct Polls,Channel 14,2025-02-13,,rzp,6,,True,2026_2025,Polls,2026_2025:2:16
2026_20250213_directpolls,2026,Direct Polls,Channel 14,2025-02-13,,shas,10,,True,2026_2025,Polls,2026_2025:2:16
2026_20250213_directpolls,2026,Direct Polls,Channel 14,2025-02-13,,utj,8,,True,2026_2025,Polls,2026_2025:2:16
2026_20250213_directpolls,2026,Direct Polls,Channel 14,2025-02-13,,yesh_atid,7,,True,2026_2025,Polls,2026_2025:2:16
2026_20250213_directpolls,2026,Direct Polls,Channel 14,2025-02-13,,yisrael_beytenu,15,,True,2026_2025,Polls,2026_2025:2:16
2026_20250217_midgama,2026,Midgam,HaHadashot 12,2025-02-17,,balad,0,1.4,True,2026_2025,Polls,2026_2025:2:14
2026_20250217_midgama,2026,Midgam,HaHadashot 12,2025-02-17,,blue_white,17,,True,2026_2025,Polls,2026_2025:2:14
2026_20250217_midgama,2026,Midgam,HaHadashot 12,2025-02-17,,democrats,14,,True,2026_2025,Polls,2026_2025:2:14
2026_20250217_midgama,2026,Midgam,HaHadashot 12,2025-02-17,,hadash_taal,5,,True,2026_2025,Polls,2026_2025:2:14
2026_20250217_midgama,2026,Midgam,HaHadashot 12,2025-02-17,,likud,25,,True,2026_2025,Polls,2026_2025:2:14
2026_20250217_midgama,2026,Midgam,HaHadashot 12,2025-02-17,,new_hope,0,1.3,True,2026_2025,Polls,2026_2025:2:14
2026_20250217_midgama,2026,Midgam,HaHadashot 12,2025-02-17,,otzma,7,,True,2026_2025,Polls,2026_2025:2:14
2026_20250217_midgama,2026,Midgam,HaHadashot 12,2025-02-17,,raam,5,,True,2026_2025,Polls,2026_2025:2:14
2026_20250217_midgama,2026,Midgam,HaHadashot 12,2025-02-17,,rzp,5,,True,2026_2025,Polls,2026_2025:2:14
2026_20250217_midgama,2026,Midgam,HaHadashot 12,2025-02-17,,shas,9,,True,2026_2025,Polls,2026_2025:2:14
2026_20250217_midgama,2026,Midgam,HaHadashot 12,2025-02-17,,utj,8,,True,2026_2025,Polls,2026_2025:2:14
2026_20250217_midgama,2026,Midgam,HaHadashot 12,2025-02-17,,yesh_atid,13,,True,2026_2025,Polls,2026_2025:2:14
2026_20250217_midgama,2026,Midgam,HaHadashot 12,2025-02-17,,yisrael_beytenu,12,,True,2026_2025,Polls,2026_2025:2:14
2026_20250217_midgamb,2026,Midgam,HaHadashot 12,2025-02-17,,balad,0,1.4,True,2026_2025,Polls,2026_2025:2:15
2026_20250217_midgamb,2026,Midgam,HaHadashot 12,2025-02-17,,bennett_2026,23,,True,2026_2025,Polls,2026_2025:2:15
2026_20250217_midgamb,2026,Midgam,HaHadashot 12,2025-02-17,,blue_white,8,,True,2026_2025,Polls,2026_2025:2:15
2026_20250217_midgamb,2026,Midgam,HaHadashot 12,2025-02-17,,democrats,12,,True,2026_2025,Polls,2026_2025:2:15
2026_20250217_midgamb,2026,Midgam,HaHadashot 12,2025-02-17,,hadash_taal,5,,True,2026_2025,Polls,2026_2025:2:15
2026_20250217_midgamb,2026,Midgam,HaHadashot 12,2025-02-17,,likud,23,,True,2026_2025,Polls,2026_2025:2:15
2026_20250217_midgamb,2026,Midgam,HaHadashot 12,2025-02-17,,new_hope,0,1.0,True,2026_2025,Polls,2026_2025:2:15
2026_20250217_midgamb,2026,Midgam,HaHadashot 12,2025-02-17,,otzma,7,,True,2026_2025,Polls,2026_2025:2:15
2026_20250217_midgamb,2026,Midgam,HaHadashot 12,2025-02-17,,raam,5,,True,2026_2025,Polls,2026_2025:2:15
2026_20250217_midgamb,2026,Midgam,HaHadashot 12,2025-02-17,,rzp,4,,True,2026_2025,Polls,2026_2025:2:15
2026_20250217_midgamb,2026,Midgam,HaHadashot 12,2025-02-17,,shas,9,,True,2026_2025,Polls,2026_2025:2:15
2026_20250217_midgamb,2026,Midgam,HaHadashot 12,2025-02-17,,utj,8,,True,2026_2025,Polls,2026_2025:2:15
2026_20250217_midgamb,2026,Midgam,HaHadashot 12,2025-02-17,,yesh_atid,9,,True,2026_2025,Polls,2026_2025:2:15
2026_20250217_midgamb,2026,Midgam,HaHadashot 12,2025-02-17,,yisrael_beytenu,7,,True,2026_2025,Polls,2026_2025:2:15
2026_20250220_lazara,2026,Lazar,Maariv,2025-02-20,,blue_white,17,,True,2026_2025,Polls,2026_2025:2:12
2026_20250220_lazara,2026,Lazar,Maariv,2025-02-20,,democrats,12,,True,2026_2025,Polls,2026_2025:2:12
2026_20250220_lazara,2026,Lazar,Maariv,2025-02-20,,hadash_taal,6,,True,2026_2025,Polls,2026_2025:2:12
2026_20250220_lazara,2026,Lazar,Maariv,2025-02-20,,likud,22,,True,2026_2025,Polls,2026_2025:2:12
2026_20250220_lazara,2026,Lazar,Maariv,2025-02-20,,otzma,9,,True,2026_2025,Polls,2026_2025:2:12
2026_20250220_lazara,2026,Lazar,Maariv,2025-02-20,,raam,4,,True,2026_2025,Polls,2026_2025:2:12
2026_20250220_lazara,2026,Lazar,Maariv,2025-02-20,,rzp,4,,True,2026_2025,Polls,2026_2025:2:12
2026_20250220_lazara,2026,Lazar,Maariv,2025-02-20,,shas,10,,True,2026_2025,Polls,2026_2025:2:12
2026_20250220_lazara,2026,Lazar,Maariv,2025-02-20,,utj,7,,True,2026_2025,Polls,2026_2025:2:12
2026_20250220_lazara,2026,Lazar,Maariv,2025-02-20,,yesh_atid,13,,True,2026_2025,Polls,2026_2025:2:12
2026_20250220_lazara,2026,Lazar,Maariv,2025-02-20,,yisrael_beytenu,16,,True,2026_2025,Polls,2026_2025:2:12
2026_20250220_lazarb,2026,Lazar,Maariv,2025-02-20,,bennett_2026,24,,False,2026_2025,Polls,2026_2025:2:13
2026_20250220_lazarb,2026,Lazar,Maariv,2025-02-20,,blue_white,9,,False,2026_2025,Polls,2026_2025:2:13
2026_20250220_lazarb,2026,Lazar,Maariv,2025-02-20,,democrats,9,,False,2026_2025,Polls,2026_2025:2:13
2026_20250220_lazarb,2026,Lazar,Maariv,2025-02-20,,hadash_taal,5,,False,2026_2025,Polls,2026_2025:2:13
2026_20250220_lazarb,2026,Lazar,Maariv,2025-02-20,,likud,21,,False,2026_2025,Polls,2026_2025:2:13
2026_20250220_lazarb,2026,Lazar,Maariv,2025-02-20,,new_hope,0,0.8,False,2026_2025,Polls,2026_2025:2:13
2026_20250220_lazarb,2026,Lazar,Maariv,2025-02-20,,otzma,8,,False,2026_2025,Polls,2026_2025:2:13
2026_20250220_lazarb,2026,Lazar,Maariv,2025-02-20,,raam,4,,False,2026_2025,Polls,2026_2025:2:13
2026_20250220_lazarb,2026,Lazar,Maariv,2025-02-20,,shas,9,,False,2026_2025,Polls,2026_2025:2:13
2026_20250220_lazarb,2026,Lazar,Maariv,2025-02-20,,utj,7,,False,2026_2025,Polls,2026_2025:2:13
2026_20250220_lazarb,2026,Lazar,Maariv,2025-02-20,,yesh_atid,10,,False,2026_2025,Polls,2026_2025:2:13
2026_20250220_lazarb,2026,Lazar,Maariv,2025-02-20,,yisrael_beytenu,10,,False,2026_2025,Polls,2026_2025:2:13
2026_20250227_directpolls,2026,Direct Polls,Channel 14,2025-02-27,,balad,0,2.2,True,2026_2025,Polls,2026_2025:2:9
2026_20250227_directpolls,2026,Direct Polls,Channel 14,2025-02-27,,blue_white,9,,True,2026_2025,Polls,2026_2025:2:9
2026_20250227_directpolls,2026,Direct Polls,Channel 14,2025-02-27,,democrats,16,,True,2026_2025,Polls,2026_2025:2:9
2026_20250227_directpolls,2026,Direct Polls,Channel 14,2025-02-27,,hadash_taal,5,,True,2026_2025,Polls,2026_2025:2:9
2026_20250227_directpolls,2026,Direct Polls,Channel 14,2025-02-27,,likud,33,,True,2026_2025,Polls,2026_2025:2:9
2026_20250227_directpolls,2026,Direct Polls,Channel 14,2025-02-27,,otzma,7,,True,2026_2025,Polls,2026_2025:2:9
2026_20250227_directpolls,2026,Direct Polls,Channel 14,2025-02-27,,raam,5,,True,2026_2025,Polls,2026_2025:2:9
2026_20250227_directpolls,2026,Direct Polls,Channel 14,2025-02-27,,rzp,5,,True,2026_2025,Polls,2026_2025:2:9
2026_20250227_directpolls,2026,Direct Polls,Channel 14,2025-02-27,,shas,10,,True,2026_2025,Polls,2026_2025:2:9
2026_20250227_directpolls,2026,Direct Polls,Channel 14,2025-02-27,,utj,8,,True,2026_2025,Polls,2026_2025:2:9
2026_20250227_directpolls,2026,Direct Polls,Channel 14,2025-02-27,,yesh_atid,7,,True,2026_2025,Polls,2026_2025:2:9
2026_20250227_directpolls,2026,Direct Polls,Channel 14,2025-02-27,,yisrael_beytenu,15,,True,2026_2025,Polls,2026_2025:2:9
2026_20250227_lazara,2026,Lazar,Maariv,2025-02-27,,balad,0,1.0,True,2026_2025,Polls,2026_2025:2:10
2026_20250227_lazara,2026,Lazar,Maariv,2025-02-27,,blue_white,16,,True,2026_2025,Polls,2026_2025:2:10
2026_20250227_lazara,2026,Lazar,Maariv,2025-02-27,,democrats,14,,True,2026_2025,Polls,2026_2025:2:10
2026_20250227_lazara,2026,Lazar,Maariv,2025-02-27,,hadash_taal,5,,True,2026_2025,Polls,2026_2025:2:10
2026_20250227_lazara,2026,Lazar,Maariv,2025-02-27,,likud,23,,True,2026_2025,Polls,2026_2025:2:10
2026_20250227_lazara,2026,Lazar,Maariv,2025-02-27,,new_hope,0,1.1,True,2026_2025,Polls,2026_2025:2:10
2026_20250227_lazara,2026,Lazar,Maariv,2025-02-27,,otzma,9,,True,2026_2025,Polls,2026_2025:2:10
2026_20250227_lazara,2026,Lazar,Maariv,2025-02-27,,raam,5,,True,2026_2025,Polls,2026_2025:2:10
2026_20250227_lazara,2026,Lazar,Maariv,2025-02-27,,rzp,4,,True,2026_2025,Polls,2026_2025:2:10
2026_20250227_lazara,2026,Lazar,Maariv,2025-02-27,,shas,9,,True,2026_2025,Polls,2026_2025:2:10
2026_20250227_lazara,2026,Lazar,Maariv,2025-02-27,,utj,7,,True,2026_2025,Polls,2026_2025:2:10
2026_20250227_lazara,2026,Lazar,Maariv,2025-02-27,,yesh_atid,12,,True,2026_2025,Polls,2026_2025:2:10
2026_20250227_lazara,2026,Lazar,Maariv,2025-02-27,,yisrael_beytenu,16,,True,2026_2025,Polls,2026_2025:2:10
2026_20250227_lazarb,2026,Lazar,Maariv,2025-02-27,,balad,0,1.0,True,2026_2025,Polls,2026_2025:2:11
2026_20250227_lazarb,2026,Lazar,Maariv,2025-02-27,,bennett_2026,25,,True,2026_2025,Polls,2026_2025:2:11
2026_20250227_lazarb,2026,Lazar,Maariv,2025-02-27,,blue_white,9,,True,2026_2025,Polls,2026_2025:2:11
2026_20250227_lazarb,2026,Lazar,Maariv,2025-02-27,,democrats,10,,True,2026_2025,Polls,2026_2025:2:11
2026_20250227_lazarb,2026,Lazar,Maariv,2025-02-27,,hadash_taal,5,,True,2026_2025,Polls,2026_2025:2:11
2026_20250227_lazarb,2026,Lazar,Maariv,2025-02-27,,likud,20,,True,2026_2025,Polls,2026_2025:2:11
2026_20250227_lazarb,2026,Lazar,Maariv,2025-02-27,,new_hope,0,0.8,True,2026_2025,Polls,2026_2025:2:11
2026_20250227_lazarb,2026,Lazar,Maariv,2025-02-27,,otzma,8,,True,2026_2025,Polls,2026_2025:2:11
2026_20250227_lazarb,2026,Lazar,Maariv,2025-02-27,,raam,4,,True,2026_2025,Polls,2026_2025:2:11
2026_20250227_lazarb,2026,Lazar,Maariv,2025-02-27,,rzp,4,,True,2026_2025,Polls,2026_2025:2:11
2026_20250227_lazarb,2026,Lazar,Maariv,2025-02-27,,shas,9,,True,2026_2025,Polls,2026_2025:2:11
2026_20250227_lazarb,2026,Lazar,Maariv,2025-02-27,,utj,7,,True,2026_2025,Polls,2026_2025:2:11
2026_20250227_lazarb,2026,Lazar,Maariv,2025-02-27,,yesh_atid,9,,True,2026_2025,Polls,2026_2025:2:11
2026_20250227_lazarb,2026,Lazar,Maariv,2025-02-27,,yisrael_beytenu,10,,True,2026_2025,Polls,2026_2025:2:11
2026_20250305_midgama,2026,Midgam,HaHadashot 12,2025-03-05,,balad,0,2.2,True,2026_2025,Polls,2026_2025:2:7
2026_20250305_midgama,2026,Midgam,HaHadashot 12,2025-03-05,,blue_white,16,,True,2026_2025,Polls,2026_2025:2:7
2026_20250305_midgama,2026,Midgam,HaHadashot 12,2025-03-05,,democrats,14,,True,2026_2025,Polls,2026_2025:2:7
2026_20250305_midgama,2026,Midgam,HaHadashot 12,2025-03-05,,hadash_taal,5,,True,2026_2025,Polls,2026_2025:2:7
2026_20250305_midgama,2026,Midgam,HaHadashot 12,2025-03-05,,likud,25,,True,2026_2025,Polls,2026_2025:2:7
2026_20250305_midgama,2026,Midgam,HaHadashot 12,2025-03-05,,new_hope,0,1.9,True,2026_2025,Polls,2026_2025:2:7
2026_20250305_midgama,2026,Midgam,HaHadashot 12,2025-03-05,,otzma,8,,True,2026_2025,Polls,2026_2025:2:7
2026_20250305_midgama,2026,Midgam,HaHadashot 12,2025-03-05,,raam,5,,True,2026_2025,Polls,2026_2025:2:7
2026_20250305_midgama,2026,Midgam,HaHadashot 12,2025-03-05,,rzp,4,,True,2026_2025,Polls,2026_2025:2:7
2026_20250305_midgama,2026,Midgam,HaHadashot 12,2025-03-05,,shas,9,,True,2026_2025,Polls,2026_2025:2:7
2026_20250305_midgama,2026,Midgam,HaHadashot 12,2025-03-05,,utj,8,,True,2026_2025,Polls,2026_2025:2:7
2026_20250305_midgama,2026,Midgam,HaHadashot 12,2025-03-05,,yesh_atid,14,,True,2026_2025,Polls,2026_2025:2:7
2026_20250305_midgama,2026,Midgam,HaHadashot 12,2025-03-05,,yisrael_beytenu,12,,True,2026_2025,Polls,2026_2025:2:7
2026_20250305_midgamb,2026,Midgam,HaHadashot 12,2025-03-05,,bennett_2026,24,,True,2026_2025,Polls,2026_2025:2:8
2026_20250305_midgamb,2026,Midgam,HaHadashot 12,2025-03-05,,blue_white,9,,True,2026_2025,Polls,2026_2025:2:8
2026_20250305_midgamb,2026,Midgam,HaHadashot 12,2025-03-05,,democrats,10,,True,2026_2025,Polls,2026_2025:2:8
2026_20250305_midgamb,2026,Midgam,HaHadashot 12,2025-03-05,,hadash_taal,5,,True,2026_2025,Polls,2026_2025:2:8
2026_20250305_midgamb,2026,Midgam,HaHadashot 12,2025-03-05,,likud,24,,True,2026_2025,Polls,2026_2025:2:8
2026_20250305_midgamb,2026,Midgam,HaHadashot 12,2025-03-05,,otzma,7,,True,2026_2025,Polls,2026_2025:2:8
2026_20250305_midgamb,2026,Midgam,HaHadashot 12,2025-03-05,,raam,5,,True,2026_2025,Polls,2026_2025:2:8
2026_20250305_midgamb,2026,Midgam,HaHadashot 12,2025-03-05,,rzp,0,,True,2026_2025,Polls,2026_2025:2:8
2026_20250305_midgamb,2026,Midgam,HaHadashot 12,2025-03-05,,shas,9,,True,2026_2025,Polls,2026_2025:2:8
2026_20250305_midgamb,2026,Midgam,HaHadashot 12,2025-03-05,,utj,8,,True,2026_2025,Polls,2026_2025:2:8
2026_20250305_midgamb,2026,Midgam,HaHadashot 12,2025-03-05,,yesh_atid,11,,True,2026_2025,Polls,2026_2025:2:8
2026_20250305_midgamb,2026,Midgam,HaHadashot 12,2025-03-05,,yisrael_beytenu,8,,True,2026_2025,Polls,2026_2025:2:8
2026_20250306_directpolls,2026,Direct Polls,Channel 14,2025-03-06,,balad,0,2.6,True,2026_2025,Polls,2026_2025:2:5
2026_20250306_directpolls,2026,Direct Polls,Channel 14,2025-03-06,,blue_white,7,,True,2026_2025,Polls,2026_2025:2:5
2026_20250306_directpolls,2026,Direct Polls,Channel 14,2025-03-06,,democrats,17,,True,2026_2025,Polls,2026_2025:2:5
2026_20250306_directpolls,2026,Direct Polls,Channel 14,2025-03-06,,hadash_taal,5,,True,2026_2025,Polls,2026_2025:2:5
2026_20250306_directpolls,2026,Direct Polls,Channel 14,2025-03-06,,likud,32,,True,2026_2025,Polls,2026_2025:2:5
2026_20250306_directpolls,2026,Direct Polls,Channel 14,2025-03-06,,otzma,8,,True,2026_2025,Polls,2026_2025:2:5
2026_20250306_directpolls,2026,Direct Polls,Channel 14,2025-03-06,,raam,5,,True,2026_2025,Polls,2026_2025:2:5
2026_20250306_directpolls,2026,Direct Polls,Channel 14,2025-03-06,,rzp,5,,True,2026_2025,Polls,2026_2025:2:5
2026_20250306_directpolls,2026,Direct Polls,Channel 14,2025-03-06,,shas,10,,True,2026_2025,Polls,2026_2025:2:5
2026_20250306_directpolls,2026,Direct Polls,Channel 14,2025-03-06,,utj,8,,True,2026_2025,Polls,2026_2025:2:5
2026_20250306_directpolls,2026,Direct Polls,Channel 14,2025-03-06,,yesh_atid,7,,True,2026_2025,Polls,2026_2025:2:5
2026_20250306_directpolls,2026,Direct Polls,Channel 14,2025-03-06,,yisrael_beytenu,16,,True,2026_2025,Polls,2026_2025:2:5
2026_20250306_lazar,2026,Lazar,Maariv,2025-03-06,,balad,0,1.4,True,2026_2025,Polls,2026_2025:2:6
2026_20250306_lazar,2026,Lazar,Maariv,2025-03-06,,blue_white,17,,True,2026_2025,Polls,2026_2025:2:6
2026_20250306_lazar,2026,Lazar,Maariv,2025-03-06,,democrats,12,,True,2026_2025,Polls,2026_2025:2:6
2026_20250306_lazar,2026,Lazar,Maariv,2025-03-06,,hadash_taal,6,,True,2026_2025,Polls,2026_2025:2:6
2026_20250306_lazar,2026,Lazar,Maariv,2025-03-06,,likud,22,,True,2026_2025,Polls,2026_2025:2:6
2026_20250306_lazar,2026,Lazar,Maariv,2025-03-06,,new_hope,0,1.4,True,2026_2025,Polls,2026_2025:2:6
2026_20250306_lazar,2026,Lazar,Maariv,2025-03-06,,otzma,9,,True,2026_2025,Polls,2026_2025:2:6
2026_20250306_lazar,2026,Lazar,Maariv,2025-03-06,,raam,4,,True,2026_2025,Polls,2026_2025:2:6
2026_20250306_lazar,2026,Lazar,Maariv,2025-03-06,,rzp,4,,True,2026_2025,Polls,2026_2025:2:6
2026_20250306_lazar,2026,Lazar,Maariv,2025-03-06,,shas,10,,True,2026_2025,Polls,2026_2025:2:6
2026_20250306_lazar,2026,Lazar,Maariv,2025-03-06,,utj,7,,True,2026_2025,Polls,2026_2025:2:6
2026_20250306_lazar,2026,Lazar,Maariv,2025-03-06,,yesh_atid,14,,True,2026_2025,Polls,2026_2025:2:6
2026_20250306_lazar,2026,Lazar,Maariv,2025-03-06,,yisrael_beytenu,15,,True,2026_2025,Polls,2026_2025:2:6
2026_20250311_maagarmochot,2026,Maagar Mochot,Channel 13,2025-03-11,,balad,0,2.3,True,2026_2025,Polls,2026_2025:2:4
2026_20250311_maagarmochot,2026,Maagar Mochot,Channel 13,2025-03-11,,blue_white,18,,True,2026_2025,Polls,2026_2025:2:4
2026_20250311_maagarmochot,2026,Maagar Mochot,Channel 13,2025-03-11,,democrats,11,,True,2026_2025,Polls,2026_2025:2:4
2026_20250311_maagarmochot,2026,Maagar Mochot,Channel 13,2025-03-11,,hadash_taal,5,,True,2026_2025,Polls,2026_2025:2:4
2026_20250311_maagarmochot,2026,Maagar Mochot,Channel 13,2025-03-11,,likud,26,,True,2026_2025,Polls,2026_2025:2:4
2026_20250311_maagarmochot,2026,Maagar Mochot,Channel 13,2025-03-11,,new_hope,0,0.7,True,2026_2025,Polls,2026_2025:2:4
2026_20250311_maagarmochot,2026,Maagar Mochot,Channel 13,2025-03-11,,otzma,7,,True,2026_2025,Polls,2026_2025:2:4
2026_20250311_maagarmochot,2026,Maagar Mochot,Channel 13,2025-03-11,,raam,5,,True,2026_2025,Polls,2026_2025:2:4
2026_20250311_maagarmochot,2026,Maagar Mochot,Channel 13,2025-03-11,,rzp,5,,True,2026_2025,Polls,2026_2025:2:4
2026_20250311_maagarmochot,2026,Maagar Mochot,Channel 13,2025-03-11,,shas,10,,True,2026_2025,Polls,2026_2025:2:4
2026_20250311_maagarmochot,2026,Maagar Mochot,Channel 13,2025-03-11,,utj,7,,True,2026_2025,Polls,2026_2025:2:4
2026_20250311_maagarmochot,2026,Maagar Mochot,Channel 13,2025-03-11,,yesh_atid,11,,True,2026_2025,Polls,2026_2025:2:4
2026_20250311_maagarmochot,2026,Maagar Mochot,Channel 13,2025-03-11,,yisrael_beytenu,15,,True,2026_2025,Polls,2026_2025:2:4
2026_20250313_lazara,2026,Lazar,Maariv,2025-03-13,,balad,0,1.2,True,2026_2025,Polls,2026_2025:2:2
2026_20250313_lazara,2026,Lazar,Maariv,2025-03-13,,blue_white,17,,True,2026_2025,Polls,2026_2025:2:2
2026_20250313_lazara,2026,Lazar,Maariv,2025-03-13,,democrats,10,,True,2026_2025,Polls,2026_2025:2:2
2026_20250313_lazara,2026,Lazar,Maariv,2025-03-13,,hadash_taal,6,,True,2026_2025,Polls,2026_2025:2:2
2026_20250313_lazara,2026,Lazar,Maariv,2025-03-13,,likud,24,,True,2026_2025,Polls,2026_2025:2:2
2026_20250313_lazara,2026,Lazar,Maariv,2025-03-13,,new_hope,0,1.4,True,2026_2025,Polls,2026_2025:2:2
2026_20250313_lazara,2026,Lazar,Maariv,2025-03-13,,otzma,9,,True,2026_2025,Polls,2026_2025:2:2
2026_20250313_lazara,2026,Lazar,Maariv,2025-03-13,,raam,4,,True,2026_2025,Polls,2026_2025:2:2
2026_20250313_lazara,2026,Lazar,Maariv,2025-03-13,,rzp,4,,True,2026_2025,Polls,2026_2025:2:2
2026_20250313_lazara,2026,Lazar,Maariv,2025-03-13,,shas,10,,True,2026_2025,Polls,2026_2025:2:2
2026_20250313_lazara,2026,Lazar,Maariv,2025-03-13,,utj,7,,True,2026_2025,Polls,2026_2025:2:2
2026_20250313_lazara,2026,Lazar,Maariv,2025-03-13,,yesh_atid,12,,True,2026_2025,Polls,2026_2025:2:2
2026_20250313_lazara,2026,Lazar,Maariv,2025-03-13,,yisrael_beytenu,17,,True,2026_2025,Polls,2026_2025:2:2
2026_20250313_lazarb,2026,Lazar,Maariv,2025-03-13,,bennett_2026,25,,True,2026_2025,Polls,2026_2025:2:3
2026_20250313_lazarb,2026,Lazar,Maariv,2025-03-13,,blue_white,9,,True,2026_2025,Polls,2026_2025:2:3
2026_20250313_lazarb,2026,Lazar,Maariv,2025-03-13,,democrats,8,,True,2026_2025,Polls,2026_2025:2:3
2026_20250313_lazarb,2026,Lazar,Maariv,2025-03-13,,hadash_taal,6,,True,2026_2025,Polls,2026_2025:2:3
2026_20250313_lazarb,2026,Lazar,Maariv,2025-03-13,,likud,21,,True,2026_2025,Polls,2026_2025:2:3
2026_20250313_lazarb,2026,Lazar,Maariv,2025-03-13,,otzma,8,,True,2026_2025,Polls,2026_2025:2:3
2026_20250313_lazarb,2026,Lazar,Maariv,2025-03-13,,raam,4,,True,2026_2025,Polls,2026_2025:2:3
2026_20250313_lazarb,2026,Lazar,Maariv,2025-03-13,,rzp,4,,True,2026_2025,Polls,2026_2025:2:3
2026_20250313_lazarb,2026,Lazar,Maariv,2025-03-13,,shas,9,,True,2026_2025,Polls,2026_2025:2:3
2026_20250313_lazarb,2026,Lazar,Maariv,2025-03-13,,utj,7,,True,2026_2025,Polls,2026_2025:2:3
2026_20250313_lazarb,2026,Lazar,Maariv,2025-03-13,,yesh_atid,9,,True,2026_2025,Polls,2026_2025:2:3
2026_20250313_lazarb,2026,Lazar,Maariv,2025-03-13,,yisrael_beytenu,10,,True,2026_2025,Polls,2026_2025:2:3
2026_20250317_directpolls,2026,Direct Polls,Channel 14,2025-03-17,,balad,0,2.3,True,2026_2025,Polls,2026_2025:1:67
2026_20250317_directpolls,2026,Direct Polls,Channel 14,2025-03-17,,blue_white,8,,True,2026_2025,Polls,2026_2025:1:67
2026_20250317_directpolls,2026,Direct Polls,Channel 14,2025-03-17,,democrats,18,,True,2026_2025,Polls,2026_2025:1:67
2026_20250317_directpolls,2026,Direct Polls,Channel 14,2025-03-17,,hadash_taal,5,,True,2026_2025,Polls,2026_2025:1:67
2026_20250317_directpolls,2026,Direct Polls,Channel 14,2025-03-17,,likud,34,,True,2026_2025,Polls,2026_2025:1:67
2026_20250317_directpolls,2026,Direct Polls,Channel 14,2025-03-17,,otzma,6,,True,2026_2025,Polls,2026_2025:1:67
2026_20250317_directpolls,2026,Direct Polls,Channel 14,2025-03-17,,raam,5,,True,2026_2025,Polls,2026_2025:1:67
2026_20250317_directpolls,2026,Direct Polls,Channel 14,2025-03-17,,rzp,5,,True,2026_2025,Polls,2026_2025:1:67
2026_20250317_directpolls,2026,Direct Polls,Channel 14,2025-03-17,,shas,11,,True,2026_2025,Polls,2026_2025:1:67
2026_20250317_directpolls,2026,Direct Polls,Channel 14,2025-03-17,,utj,8,,True,2026_2025,Polls,2026_2025:1:67
2026_20250317_directpolls,2026,Direct Polls,Channel 14,2025-03-17,,yesh_atid,6,,True,2026_2025,Polls,2026_2025:1:67
2026_20250317_directpolls,2026,Direct Polls,Channel 14,2025-03-17,,yisrael_beytenu,14,,True,2026_2025,Polls,2026_2025:1:67
2026_20250317_midgama,2026,Midgam,HaHadashot 12,2025-03-17,,balad,0,2.2,True,2026_2025,Polls,2026_2025:1:65
2026_20250317_midgama,2026,Midgam,HaHadashot 12,2025-03-17,,blue_white,15,,True,2026_2025,Polls,2026_2025:1:65
2026_20250317_midgama,2026,Midgam,HaHadashot 12,2025-03-17,,democrats,14,,True,2026_2025,Polls,2026_2025:1:65
2026_20250317_midgama,2026,Midgam,HaHadashot 12,2025-03-17,,hadash_taal,5,,True,2026_2025,Polls,2026_2025:1:65
2026_20250317_midgama,2026,Midgam,HaHadashot 12,2025-03-17,,likud,24,,True,2026_2025,Polls,2026_2025:1:65
2026_20250317_midgama,2026,Midgam,HaHadashot 12,2025-03-17,,otzma,10,,True,2026_2025,Polls,2026_2025:1:65
2026_20250317_midgama,2026,Midgam,HaHadashot 12,2025-03-17,,raam,6,,True,2026_2025,Polls,2026_2025:1:65
2026_20250317_midgama,2026,Midgam,HaHadashot 12,2025-03-17,,rzp,0,2.9,True,2026_2025,Polls,2026_2025:1:65
2026_20250317_midgama,2026,Midgam,HaHadashot 12,2025-03-17,,shas,10,,True,2026_2025,Polls,2026_2025:1:65
2026_20250317_midgama,2026,Midgam,HaHadashot 12,2025-03-17,,utj,8,,True,2026_2025,Polls,2026_2025:1:65
2026_20250317_midgama,2026,Midgam,HaHadashot 12,2025-03-17,,yesh_atid,14,,True,2026_2025,Polls,2026_2025:1:65
2026_20250317_midgama,2026,Midgam,HaHadashot 12,2025-03-17,,yisrael_beytenu,14,,True,2026_2025,Polls,2026_2025:1:65
2026_20250317_midgamb,2026,Midgam,HaHadashot 12,2025-03-17,,balad,0,2.2,False,2026_2025,Polls,2026_2025:1:66
2026_20250317_midgamb,2026,Midgam,HaHadashot 12,2025-03-17,,bennett_2026,22,,False,2026_2025,Polls,2026_2025:1:66
2026_20250317_midgamb,2026,Midgam,HaHadashot 12,2025-03-17,,blue_white,7,,False,2026_2025,Polls,2026_2025:1:66
2026_20250317_midgamb,2026,Midgam,HaHadashot 12,2025-03-17,,democrats,12,,False,2026_2025,Polls,2026_2025:1:66
2026_20250317_midgamb,2026,Midgam,HaHadashot 12,2025-03-17,,hadash_taal,5,,False,2026_2025,Polls,2026_2025:1:66
2026_20250317_midgamb,2026,Midgam,HaHadashot 12,2025-03-17,,likud,24,,False,2026_2025,Polls,2026_2025:1:66
2026_20250317_midgamb,2026,Midgam,HaHadashot 12,2025-03-17,,otzma,9,,False,2026_2025,Polls,2026_2025:1:66
2026_20250317_midgamb,2026,Midgam,HaHadashot 12,2025-03-17,,raam,6,,False,2026_2025,Polls,2026_2025:1:66
2026_20250317_midgamb,2026,Midgam,HaHadashot 12,2025-03-17,,rzp,0,2.7,False,2026_2025,Polls,2026_2025:1:66
2026_20250317_midgamb,2026,Midgam,HaHadashot 12,2025-03-17,,shas,9,,False,2026_2025,Polls,2026_2025:1:66
2026_20250317_midgamb,2026,Midgam,HaHadashot 12,2025-03-17,,utj,8,,False,2026_2025,Polls,2026_2025:1:66
2026_20250317_midgamb,2026,Midgam,HaHadashot 12,2025-03-17,,yesh_atid,11,,False,2026_2025,Polls,2026_2025:1:66
2026_20250317_midgamb,2026,Midgam,HaHadashot 12,2025-03-17,,yisrael_beytenu,9,,False,2026_2025,Polls,2026_2025:1:66
2026_20250319_lazara,2026,Lazar,Maariv,2025-03-19,,balad,0,2.0,True,2026_2025,Polls,2026_2025:1:62
2026_20250319_lazara,2026,Lazar,Maariv,2025-03-19,,blue_white,17,,True,2026_2025,Polls,2026_2025:1:62
2026_20250319_lazara,2026,Lazar,Maariv,2025-03-19,,democrats,14,,True,2026_2025,Polls,2026_2025:1:62
2026_20250319_lazara,2026,Lazar,Maariv,2025-03-19,,hadash_taal,5,,True,2026_2025,Polls,2026_2025:1:62
2026_20250319_lazara,2026,Lazar,Maariv,2025-03-19,,likud,23,,True,2026_2025,Polls,2026_2025:1:62
2026_20250319_lazara,2026,Lazar,Maariv,2025-03-19,,otzma,10,,True,2026_2025,Polls,2026_2025:1:62
2026_20250319_lazara,2026,Lazar,Maariv,2025-03-19,,raam,4,,True,2026_2025,Polls,2026_2025:1:62
2026_20250319_lazara,2026,Lazar,Maariv,2025-03-19,,rzp,0,2.6,True,2026_2025,Polls,2026_2025:1:62
2026_20250319_lazara,2026,Lazar,Maariv,2025-03-19,,shas,10,,True,2026_2025,Polls,2026_2025:1:62
2026_20250319_lazara,2026,Lazar,Maariv,2025-03-19,,utj,7,,True,2026_2025,Polls,2026_2025:1:62
2026_20250319_lazara,2026,Lazar,Maariv,2025-03-19,,yesh_atid,13,,True,2026_2025,Polls,2026_2025:1:62
2026_20250319_lazara,2026,Lazar,Maariv,2025-03-19,,yisrael_beytenu,17,,True,2026_2025,Polls,2026_2025:1:62
2026_20250319_lazarb,2026,Lazar,Maariv,2025-03-19,,balad,0,1.6,True,2026_2025,Polls,2026_2025:1:63
2026_20250319_lazarb,2026,Lazar,Maariv,2025-03-19,,bennett_2026,27,,True,2026_2025,Polls,2026_2025:1:63
2026_20250319_lazarb,2026,Lazar,Maariv,2025-03-19,,blue_white,10,,True,2026_2025,Polls,2026_2025:1:63
2026_20250319_lazarb,2026,Lazar,Maariv,2025-03-19,,democrats,12,,True,2026_2025,Polls,2026_2025:1:63
2026_20250319_lazarb,2026,Lazar,Maariv,2025-03-19,,hadash_taal,5,,True,2026_2025,Polls,2026_2025:1:63
2026_20250319_lazarb,2026,Lazar,Maariv,2025-03-19,,likud,19,,True,2026_2025,Polls,2026_2025:1:63
2026_20250319_lazarb,2026,Lazar,Maariv,2025-03-19,,otzma,9,,True,2026_2025,Polls,2026_2025:1:63
2026_20250319_lazarb,2026,Lazar,Maariv,2025-03-19,,raam,4,,True,2026_2025,Polls,2026_2025:1:63
2026_20250319_lazarb,2026,Lazar,Maariv,2025-03-19,,rzp,0,2.4,True,2026_2025,Polls,2026_2025:1:63
2026_20250319_lazarb,2026,Lazar,Maariv,2025-03-19,,shas,9,,True,2026_2025,Polls,2026_2025:1:63
2026_20250319_lazarb,2026,Lazar,Maariv,2025-03-19,,utj,7,,True,2026_2025,Polls,2026_2025:1:63
2026_20250319_lazarb,2026,Lazar,Maariv,2025-03-19,,yesh_atid,9,,True,2026_2025,Polls,2026_2025:1:63
2026_20250319_lazarb,2026,Lazar,Maariv,2025-03-19,,yisrael_beytenu,9,,True,2026_2025,Polls,2026_2025:1:63
2026_20250320_lazara,2026,Lazar,Maariv,2025-03-20,,balad,0,1.8,True,2026_2025,Polls,2026_2025:1:60
2026_20250320_lazara,2026,Lazar,Maariv,2025-03-20,,blue_white,16,,True,2026_2025,Polls,2026_2025:1:60
2026_20250320_lazara,2026,Lazar,Maariv,2025-03-20,,democrats,12,,True,2026_2025,Polls,2026_2025:1:60
2026_20250320_lazara,2026,Lazar,Maariv,2025-03-20,,hadash_taal,6,,True,2026_2025,Polls,2026_2025:1:60
2026_20250320_lazara,2026,Lazar,Maariv,2025-03-20,,likud,22,,True,2026_2025,Polls,2026_2025:1:60
2026_20250320_lazara,2026,Lazar,Maariv,2025-03-20,,otzma,10,,True,2026_2025,Polls,2026_2025:1:60
2026_20250320_lazara,2026,Lazar,Maariv,2025-03-20,,raam,4,,True,2026_2025,Polls,2026_2025:1:60
2026_20250320_lazara,2026,Lazar,Maariv,2025-03-20,,rzp,5,,True,2026_2025,Polls,2026_2025:1:60
2026_20250320_lazara,2026,Lazar,Maariv,2025-03-20,,shas,10,,True,2026_2025,Polls,2026_2025:1:60
2026_20250320_lazara,2026,Lazar,Maariv,2025-03-20,,utj,7,,True,2026_2025,Polls,2026_2025:1:60
2026_20250320_lazara,2026,Lazar,Maariv,2025-03-20,,yesh_atid,12,,True,2026_2025,Polls,2026_2025:1:60
2026_20250320_lazara,2026,Lazar,Maariv,2025-03-20,,yisrael_beytenu,16,,True,2026_2025,Polls,2026_2025:1:60
2026_20250320_lazarb,2026,Lazar,Maariv,2025-03-20,,bennett_2026,25,,True,2026_2025,Polls,2026_2025:1:61
2026_20250320_lazarb,2026,Lazar,Maariv,2025-03-20,,blue_white,9,,True,2026_2025,Polls,2026_2025:1:61
2026_20250320_lazarb,2026,Lazar,Maariv,2025-03-20,,democrats,10,,True,2026_2025,Polls,2026_2025:1:61
2026_20250320_lazarb,2026,Lazar,Maariv,2025-03-20,,hadash_taal,6,,True,2026_2025,Polls,2026_2025:1:61
2026_20250320_lazarb,2026,Lazar,Maariv,2025-03-20,,likud,19,,True,2026_2025,Polls,2026_2025:1:61
2026_20250320_lazarb,2026,Lazar,Maariv,2025-03-20,,otzma,9,,True,2026_2025,Polls,2026_2025:1:61
2026_20250320_lazarb,2026,Lazar,Maariv,2025-03-20,,raam,4,,True,2026_2025,Polls,2026_2025:1:61
2026_20250320_lazarb,2026,Lazar,Maariv,2025-03-20,,rzp,5,,True,2026_2025,Polls,2026_2025:1:61
2026_20250320_lazarb,2026,Lazar,Maariv,2025-03-20,,shas,9,,True,2026_2025,Polls,2026_2025:1:61
2026_20250320_lazarb,2026,Lazar,Maariv,2025-03-20,,utj,7,,True,2026_2025,Polls,2026_2025:1:61
2026_20250320_lazarb,2026,Lazar,Maariv,2025-03-20,,yesh_atid,8,,True,2026_2025,Polls,2026_2025:1:61
2026_20250320_lazarb,2026,Lazar,Maariv,2025-03-20,,yisrael_beytenu,9,,True,2026_2025,Polls,2026_2025:1:61
2026_20250327_directpolls,2026,Direct Polls,Channel 14,2025-03-27,,balad,0,2.6,True,2026_2025,Polls,2026_2025:1:59
2026_20250327_directpolls,2026,Direct Polls,Channel 14,2025-03-27,,blue_white,7,,True,2026_2025,Polls,2026_2025:1:59
2026_20250327_directpolls,2026,Direct Polls,Channel 14,2025-03-27,,democrats,16,,True,2026_2025,Polls,2026_2025:1:59
2026_20250327_directpolls,2026,Direct Polls,Channel 14,2025-03-27,,hadash_taal,5,,True,2026_2025,Polls,2026_2025:1:59
2026_20250327_directpolls,2026,Direct Polls,Channel 14,2025-03-27,,likud,31,,True,2026_2025,Polls,2026_2025:1:59
2026_20250327_directpolls,2026,Direct Polls,Channel 14,2025-03-27,,otzma,7,,True,2026_2025,Polls,2026_2025:1:59
2026_20250327_directpolls,2026,Direct Polls,Channel 14,2025-03-27,,raam,6,,True,2026_2025,Polls,2026_2025:1:59
2026_20250327_directpolls,2026,Direct Polls,Channel 14,2025-03-27,,rzp,5,,True,2026_2025,Polls,2026_2025:1:59
2026_20250327_directpolls,2026,Direct Polls,Channel 14,2025-03-27,,shas,11,,True,2026_2025,Polls,2026_2025:1:59
2026_20250327_directpolls,2026,Direct Polls,Channel 14,2025-03-27,,utj,8,,True,2026_2025,Polls,2026_2025:1:59
2026_20250327_directpolls,2026,Direct Polls,Channel 14,2025-03-27,,yesh_atid,5,,True,2026_2025,Polls,2026_2025:1:59
2026_20250327_directpolls,2026,Direct Polls,Channel 14,2025-03-27,,yisrael_beytenu,19,,True,2026_2025,Polls,2026_2025:1:59
2026_20250404_lazara,2026,Lazar,Maariv,2025-04-04,,balad,0,1.9,True,2026_2025,Polls,2026_2025:1:56
2026_20250404_lazara,2026,Lazar,Maariv,2025-04-04,,blue_white,14,,True,2026_2025,Polls,2026_2025:1:56
2026_20250404_lazara,2026,Lazar,Maariv,2025-04-04,,democrats,13,,True,2026_2025,Polls,2026_2025:1:56
2026_20250404_lazara,2026,Lazar,Maariv,2025-04-04,,hadash_taal,5,,True,2026_2025,Polls,2026_2025:1:56
2026_20250404_lazara,2026,Lazar,Maariv,2025-04-04,,likud,24,,True,2026_2025,Polls,2026_2025:1:56
2026_20250404_lazara,2026,Lazar,Maariv,2025-04-04,,otzma,9,,True,2026_2025,Polls,2026_2025:1:56
2026_20250404_lazara,2026,Lazar,Maariv,2025-04-04,,raam,5,,True,2026_2025,Polls,2026_2025:1:56
2026_20250404_lazara,2026,Lazar,Maariv,2025-04-04,,rzp,4,,True,2026_2025,Polls,2026_2025:1:56
2026_20250404_lazara,2026,Lazar,Maariv,2025-04-04,,shas,10,,True,2026_2025,Polls,2026_2025:1:56
2026_20250404_lazara,2026,Lazar,Maariv,2025-04-04,,utj,6,,True,2026_2025,Polls,2026_2025:1:56
2026_20250404_lazara,2026,Lazar,Maariv,2025-04-04,,yesh_atid,14,,True,2026_2025,Polls,2026_2025:1:56
2026_20250404_lazara,2026,Lazar,Maariv,2025-04-04,,yisrael_beytenu,16,,True,2026_2025,Polls,2026_2025:1:56
2026_20250404_lazarb,2026,Lazar,Maariv,2025-04-04,,bennett_2026,29,,True,2026_2025,Polls,2026_2025:1:57
2026_20250404_lazarb,2026,Lazar,Maariv,2025-04-04,,blue_white,8,,True,2026_2025,Polls,2026_2025:1:57
2026_20250404_lazarb,2026,Lazar,Maariv,2025-04-04,,democrats,10,,True,2026_2025,Polls,2026_2025:1:57
2026_20250404_lazarb,2026,Lazar,Maariv,2025-04-04,,hadash_taal,5,,True,2026_2025,Polls,2026_2025:1:57
2026_20250404_lazarb,2026,Lazar,Maariv,2025-04-04,,likud,21,,True,2026_2025,Polls,2026_2025:1:57
2026_20250404_lazarb,2026,Lazar,Maariv,2025-04-04,,otzma,8,,True,2026_2025,Polls,2026_2025:1:57
2026_20250404_lazarb,2026,Lazar,Maariv,2025-04-04,,raam,5,,True,2026_2025,Polls,2026_2025:1:57
2026_20250404_lazarb,2026,Lazar,Maariv,2025-04-04,,shas,9,,True,2026_2025,Polls,2026_2025:1:57
2026_20250404_lazarb,2026,Lazar,Maariv,2025-04-04,,utj,7,,True,2026_2025,Polls,2026_2025:1:57
2026_20250404_lazarb,2026,Lazar,Maariv,2025-04-04,,yesh_atid,9,,True,2026_2025,Polls,2026_2025:1:57
2026_20250404_lazarb,2026,Lazar,Maariv,2025-04-04,,yisrael_beytenu,9,,True,2026_2025,Polls,2026_2025:1:57
2026_20250404_lazarc,2026,Lazar,Maariv,2025-04-04,,bennett_2026,24,,False,2026_2025,Polls,2026_2025:1:58
2026_20250404_lazarc,2026,Lazar,Maariv,2025-04-04,,blue_white,8,,False,2026_2025,Polls,2026_2025:1:58
2026_20250404_lazarc,2026,Lazar,Maariv,2025-04-04,,democrats,9,,False,2026_2025,Polls,2026_2025:1:58
2026_20250404_lazarc,2026,Lazar,Maariv,2025-04-04,,hadash_taal,5,,False,2026_2025,Polls,2026_2025:1:58
2026_20250404_lazarc,2026,Lazar,Maariv,2025-04-04,,likud,21,,False,2026_2025,Polls,2026_2025:1:58
2026_20250404_lazarc,2026,Lazar,Maariv,2025-04-04,,otzma,8,,False,2026_2025,Polls,2026_2025:1:58
2026_20250404_lazarc,2026,Lazar,Maariv,2025-04-04,,raam,5,,False,2026_2025,Polls,2026_2025:1:58
2026_20250404_lazarc,2026,Lazar,Maariv,2025-04-04,,shas,9,,False,2026_2025,Polls,2026_2025:1:58
2026_20250404_lazarc,2026,Lazar,Maariv,2025-04-04,,utj,7,,False,2026_2025,Polls,2026_2025:1:58
2026_20250404_lazarc,2026,Lazar,Maariv,2025-04-04,,yesh_atid,8,,False,2026_2025,Polls,2026_2025:1:58
2026_20250404_lazarc,2026,Lazar,Maariv,2025-04-04,,yisrael_beytenu,9,,False,2026_2025,Polls,2026_2025:1:58
2026_20250404_lazarc,2026,Lazar,Maariv,2025-04-04,,zionist_home,8,,False,2026_2025,Polls,2026_2025:1:58
2026_20250406_midgama,2026,Midgam,HaHadashot 12,2025-04-06,,balad,0,2.4,True,2026_2025,Polls,2026_2025:1:54
2026_20250406_midgama,2026,Midgam,HaHadashot 12,2025-04-06,,blue_white,14,,True,2026_2025,Polls,2026_2025:1:54
2026_20250406_midgama,2026,Midgam,HaHadashot 12,2025-04-06,,democrats,16,,True,2026_2025,Polls,2026_2025:1:54
2026_20250406_midgama,2026,Midgam,HaHadashot 12,2025-04-06,,hadash_taal,5,,True,2026_2025,Polls,2026_2025:1:54
2026_20250406_midgama,2026,Midgam,HaHadashot 12,2025-04-06,,likud,24,,True,2026_2025,Polls,2026_2025:1:54
2026_20250406_midgama,2026,Midgam,HaHadashot 12,2025-04-06,,otzma,10,,True,2026_2025,Polls,2026_2025:1:54
2026_20250406_midgama,2026,Midgam,HaHadashot 12,2025-04-06,,raam,5,,True,2026_2025,Polls,2026_2025:1:54
2026_20250406_midgama,2026,Midgam,HaHadashot 12,2025-04-06,,rzp,0,2.7,True,2026_2025,Polls,2026_2025:1:54
2026_20250406_midgama,2026,Midgam,HaHadashot 12,2025-04-06,,shas,10,,True,2026_2025,Polls,2026_2025:1:54
2026_20250406_midgama,2026,Midgam,HaHadashot 12,2025-04-06,,utj,8,,True,2026_2025,Polls,2026_2025:1:54
2026_20250406_midgama,2026,Midgam,HaHadashot 12,2025-04-06,,yesh_atid,14,,True,2026_2025,Polls,2026_2025:1:54
2026_20250406_midgama,2026,Midgam,HaHadashot 12,2025-04-06,,yisrael_beytenu,14,,True,2026_2025,Polls,2026_2025:1:54
2026_20250406_midgamb,2026,Midgam,HaHadashot 12,2025-04-06,,balad,0,2.5,True,2026_2025,Polls,2026_2025:1:55
2026_20250406_midgamb,2026,Midgam,HaHadashot 12,2025-04-06,,bennett_2026,23,,True,2026_2025,Polls,2026_2025:1:55
2026_20250406_midgamb,2026,Midgam,HaHadashot 12,2025-04-06,,blue_white,8,,True,2026_2025,Polls,2026_2025:1:55
2026_20250406_midgamb,2026,Midgam,HaHadashot 12,2025-04-06,,democrats,13,,True,2026_2025,Polls,2026_2025:1:55
2026_20250406_midgamb,2026,Midgam,HaHadashot 12,2025-04-06,,hadash_taal,5,,True,2026_2025,Polls,2026_2025:1:55
2026_20250406_midgamb,2026,Midgam,HaHadashot 12,2025-04-06,,likud,22,,True,2026_2025,Polls,2026_2025:1:55
2026_20250406_midgamb,2026,Midgam,HaHadashot 12,2025-04-06,,otzma,9,,True,2026_2025,Polls,2026_2025:1:55
2026_20250406_midgamb,2026,Midgam,HaHadashot 12,2025-04-06,,raam,5,,True,2026_2025,Polls,2026_2025:1:55
2026_20250406_midgamb,2026,Midgam,HaHadashot 12,2025-04-06,,rzp,0,2.4,True,2026_2025,Polls,2026_2025:1:55
2026_20250406_midgamb,2026,Midgam,HaHadashot 12,2025-04-06,,shas,10,,True,2026_2025,Polls,2026_2025:1:55
2026_20250406_midgamb,2026,Midgam,HaHadashot 12,2025-04-06,,utj,8,,True,2026_2025,Polls,2026_2025:1:55
2026_20250406_midgamb,2026,Midgam,HaHadashot 12,2025-04-06,,yesh_atid,8,,True,2026_2025,Polls,2026_2025:1:55
2026_20250406_midgamb,2026,Midgam,HaHadashot 12,2025-04-06,,yisrael_beytenu,9,,True,2026_2025,Polls,2026_2025:1:55
2026_20250410_directpolls,2026,Direct Polls,Channel 14,2025-04-10,,balad,0,2.3,True,2026_2025,Polls,2026_2025:1:53
2026_20250410_directpolls,2026,Direct Polls,Channel 14,2025-04-10,,blue_white,8,,True,2026_2025,Polls,2026_2025:1:53
2026_20250410_directpolls,2026,Direct Polls,Channel 14,2025-04-10,,democrats,17,,True,2026_2025,Polls,2026_2025:1:53
2026_20250410_directpolls,2026,Direct Polls,Channel 14,2025-04-10,,hadash_taal,5,,True,2026_2025,Polls,2026_2025:1:53
2026_20250410_directpolls,2026,Direct Polls,Channel 14,2025-04-10,,likud,33,,True,2026_2025,Polls,2026_2025:1:53
2026_20250410_directpolls,2026,Direct Polls,Channel 14,2025-04-10,,otzma,6,,True,2026_2025,Polls,2026_2025:1:53
2026_20250410_directpolls,2026,Direct Polls,Channel 14,2025-04-10,,raam,5,,True,2026_2025,Polls,2026_2025:1:53
2026_20250410_directpolls,2026,Direct Polls,Channel 14,2025-04-10,,rzp,5,,True,2026_2025,Polls,2026_2025:1:53
2026_20250410_directpolls,2026,Direct Polls,Channel 14,2025-04-10,,shas,10,,True,2026_2025,Polls,2026_2025:1:53
2026_20250410_directpolls,2026,Direct Polls,Channel 14,2025-04-10,,utj,8,,True,2026_2025,Polls,2026_2025:1:53
2026_20250410_directpolls,2026,Direct Polls,Channel 14,2025-04-10,,yesh_atid,5,,True,2026_2025,Polls,2026_2025:1:53
2026_20250410_directpolls,2026,Direct Polls,Channel 14,2025-04-10,,yisrael_beytenu,18,,True,2026_2025,Polls,2026_2025:1:53
2026_20250417_lazara,2026,Lazar,Maariv,2025-04-17,,balad,0,1.9,True,2026_2025,Polls,2026_2025:1:51
2026_20250417_lazara,2026,Lazar,Maariv,2025-04-17,,blue_white,15,,True,2026_2025,Polls,2026_2025:1:51
2026_20250417_lazara,2026,Lazar,Maariv,2025-04-17,,democrats,17,,True,2026_2025,Polls,2026_2025:1:51
2026_20250417_lazara,2026,Lazar,Maariv,2025-04-17,,hadash_taal,5,,True,2026_2025,Polls,2026_2025:1:51
2026_20250417_lazara,2026,Lazar,Maariv,2025-04-17,,likud,22,,True,2026_2025,Polls,2026_2025:1:51
2026_20250417_lazara,2026,Lazar,Maariv,2025-04-17,,otzma,11,,True,2026_2025,Polls,2026_2025:1:51
2026_20250417_lazara,2026,Lazar,Maariv,2025-04-17,,raam,5,,True,2026_2025,Polls,2026_2025:1:51
2026_20250417_lazara,2026,Lazar,Maariv,2025-04-17,,rzp,0,2.9,True,2026_2025,Polls,2026_2025:1:51
2026_20250417_lazara,2026,Lazar,Maariv,2025-04-17,,shas,10,,True,2026_2025,Polls,2026_2025:1:51
2026_20250417_lazara,2026,Lazar,Maariv,2025-04-17,,utj,7,,True,2026_2025,Polls,2026_2025:1:51
2026_20250417_lazara,2026,Lazar,Maariv,2025-04-17,,yesh_atid,11,,True,2026_2025,Polls,2026_2025:1:51
2026_20250417_lazara,2026,Lazar,Maariv,2025-04-17,,yisrael_beytenu,17,,True,2026_2025,Polls,2026_2025:1:51
2026_20250417_lazarb,2026,Lazar,Maariv,2025-04-17,,balad,0,1.8,True,2026_2025,Polls,2026_2025:1:52
2026_20250417_lazarb,2026,Lazar,Maariv,2025-04-17,,bennett_2026,29,,True,2026_2025,Polls,2026_2025:1:52
2026_20250417_lazarb,2026,Lazar,Maariv,2025-04-17,,blue_white,7,,True,2026_2025,Polls,2026_2025:1:52
2026_20250417_lazarb,2026,Lazar,Maariv,2025-04-17,,democrats,11,,True,2026_2025,Polls,2026_2025:1:52
2026_20250417_lazarb,2026,Lazar,Maariv,2025-04-17,,hadash_taal,5,,True,2026_2025,Polls,2026_2025:1:52
2026_20250417_lazarb,2026,Lazar,Maariv,2025-04-17,,likud,19,,True,2026_2025,Polls,2026_2025:1:52
2026_20250417_lazarb,2026,Lazar,Maariv,2025-04-17,,otzma,10,,True,2026_2025,Polls,2026_2025:1:52
2026_20250417_lazarb,2026,Lazar,Maariv,2025-04-17,,raam,5,,True,2026_2025,Polls,2026_2025:1:52
2026_20250417_lazarb,2026,Lazar,Maariv,2025-04-17,,rzp,0,2.9,True,2026_2025,Polls,2026_2025:1:52
2026_20250417_lazarb,2026,Lazar,Maariv,2025-04-17,,shas,9,,True,2026_2025,Polls,2026_2025:1:52
2026_20250417_lazarb,2026,Lazar,Maariv,2025-04-17,,utj,7,,True,2026_2025,Polls,2026_2025:1:52
2026_20250417_lazarb,2026,Lazar,Maariv,2025-04-17,,yesh_atid,8,,True,2026_2025,Polls,2026_2025:1:52
2026_20250417_lazarb,2026,Lazar,Maariv,2025-04-17,,yisrael_beytenu,10,,True,2026_2025,Polls,2026_2025:1:52
2026_20250420_kantara,2026,Kantar,Kan 11,2025-04-20,,balad,0,1.6,True,2026_2025,Polls,2026_2025:1:49
2026_20250420_kantara,2026,Kantar,Kan 11,2025-04-20,,blue_white,16,,True,2026_2025,Polls,2026_2025:1:49
2026_20250420_kantara,2026,Kantar,Kan 11,2025-04-20,,democrats,14,,True,2026_2025,Polls,2026_2025:1:49
2026_20250420_kantara,2026,Kantar,Kan 11,2025-04-20,,hadash_taal,5,,True,2026_2025,Polls,2026_2025:1:49
2026_20250420_kantara,2026,Kantar,Kan 11,2025-04-20,,likud,24,,True,2026_2025,Polls,2026_2025:1:49
2026_20250420_kantara,2026,Kantar,Kan 11,2025-04-20,,otzma,9,,True,2026_2025,Polls,2026_2025:1:49
2026_20250420_kantara,2026,Kantar,Kan 11,2025-04-20,,raam,5,,True,2026_2025,Polls,2026_2025:1:49
2026_20250420_kantara,2026,Kantar,Kan 11,2025-04-20,,rzp,0,2.8,True,2026_2025,Polls,2026_2025:1:49
2026_20250420_kantara,2026,Kantar,Kan 11,2025-04-20,,shas,10,,True,2026_2025,Polls,2026_2025:1:49
2026_20250420_kantara,2026,Kantar,Kan 11,2025-04-20,,utj,8,,True,2026_2025,Polls,2026_2025:1:49
2026_20250420_kantara,2026,Kantar,Kan 11,2025-04-20,,yesh_atid,13,,True,2026_2025,Polls,2026_2025:1:49
2026_20250420_kantara,2026,Kantar,Kan 11,2025-04-20,,yisrael_beytenu,16,,True,2026_2025,Polls,2026_2025:1:49
2026_20250420_kantarb,2026,Kantar,Kan 11,2025-04-20,,balad,0,2.0,True,2026_2025,Polls,2026_2025:1:50
2026_20250420_kantarb,2026,Kantar,Kan 11,2025-04-20,,bennett_2026,25,,True,2026_2025,Polls,2026_2025:1:50
2026_20250420_kantarb,2026,Kantar,Kan 11,2025-04-20,,blue_white,9,,True,2026_2025,Polls,2026_2025:1:50
2026_20250420_kantarb,2026,Kantar,Kan 11,2025-04-20,,democrats,10,,True,2026_2025,Polls,2026_2025:1:50
2026_20250420_kantarb,2026,Kantar,Kan 11,2025-04-20,,hadash_taal,5,,True,2026_2025,Polls,2026_2025:1:50
2026_20250420_kantarb,2026,Kantar,Kan 11,2025-04-20,,likud,23,,True,2026_2025,Polls,2026_2025:1:50
2026_20250420_kantarb,2026,Kantar,Kan 11,2025-04-20,,otzma,8,,True,2026_2025,Polls,2026_2025:1:50
2026_20250420_kantarb,2026,Kantar,Kan 11,2025-04-20,,raam,5,,True,2026_2025,Polls,2026_2025:1:50
2026_20250420_kantarb,2026,Kantar,Kan 11,2025-04-20,,rzp,0,2.6,True,2026_2025,Polls,2026_2025:1:50
2026_20250420_kantarb,2026,Kantar,Kan 11,2025-04-20,,shas,10,,True,2026_2025,Polls,2026_2025:1:50
2026_20250420_kantarb,2026,Kantar,Kan 11,2025-04-20,,utj,7,,True,2026_2025,Polls,2026_2025:1:50
2026_20250420_kantarb,2026,Kantar,Kan 11,2025-04-20,,yesh_atid,8,,True,2026_2025,Polls,2026_2025:1:50
2026_20250420_kantarb,2026,Kantar,Kan 11,2025-04-20,,yisrael_beytenu,10,,True,2026_2025,Polls,2026_2025:1:50
2026_20250424_directpolls,2026,Direct Polls,Channel 14,2025-04-24,,balad,0,2.4,True,2026_2025,Polls,2026_2025:1:48
2026_20250424_directpolls,2026,Direct Polls,Channel 14,2025-04-24,,blue_white,9,,True,2026_2025,Polls,2026_2025:1:48
2026_20250424_directpolls,2026,Direct Polls,Channel 14,2025-04-24,,democrats,16,,True,2026_2025,Polls,2026_2025:1:48
2026_20250424_directpolls,2026,Direct Polls,Channel 14,2025-04-24,,hadash_taal,5,,True,2026_2025,Polls,2026_2025:1:48
2026_20250424_directpolls,2026,Direct Polls,Channel 14,2025-04-24,,likud,34,,True,2026_2025,Polls,2026_2025:1:48
2026_20250424_directpolls,2026,Direct Polls,Channel 14,2025-04-24,,otzma,6,,True,2026_2025,Polls,2026_2025:1:48
2026_20250424_directpolls,2026,Direct Polls,Channel 14,2025-04-24,,raam,5,,True,2026_2025,Polls,2026_2025:1:48
2026_20250424_directpolls,2026,Direct Polls,Channel 14,2025-04-24,,rzp,6,,True,2026_2025,Polls,2026_2025:1:48
2026_20250424_directpolls,2026,Direct Polls,Channel 14,2025-04-24,,shas,10,,True,2026_2025,Polls,2026_2025:1:48
2026_20250424_directpolls,2026,Direct Polls,Channel 14,2025-04-24,,utj,8,,True,2026_2025,Polls,2026_2025:1:48
2026_20250424_directpolls,2026,Direct Polls,Channel 14,2025-04-24,,yesh_atid,5,,True,2026_2025,Polls,2026_2025:1:48
2026_20250424_directpolls,2026,Direct Polls,Channel 14,2025-04-24,,yisrael_beytenu,16,,True,2026_2025,Polls,2026_2025:1:48
2026_20250430_lazara,2026,Lazar,Maariv,2025-04-30,,balad,0,1.8,True,2026_2025,Polls,2026_2025:1:46
2026_20250430_lazara,2026,Lazar,Maariv,2025-04-30,,blue_white,16,,True,2026_2025,Polls,2026_2025:1:46
2026_20250430_lazara,2026,Lazar,Maariv,2025-04-30,,democrats,15,,True,2026_2025,Polls,2026_2025:1:46
2026_20250430_lazara,2026,Lazar,Maariv,2025-04-30,,hadash_taal,5,,True,2026_2025,Polls,2026_2025:1:46
2026_20250430_lazara,2026,Lazar,Maariv,2025-04-30,,likud,21,,True,2026_2025,Polls,2026_2025:1:46
2026_20250430_lazara,2026,Lazar,Maariv,2025-04-30,,otzma,9,,True,2026_2025,Polls,2026_2025:1:46
2026_20250430_lazara,2026,Lazar,Maariv,2025-04-30,,raam,5,,True,2026_2025,Polls,2026_2025:1:46
2026_20250430_lazara,2026,Lazar,Maariv,2025-04-30,,rzp,4,,True,2026_2025,Polls,2026_2025:1:46
2026_20250430_lazara,2026,Lazar,Maariv,2025-04-30,,shas,9,,True,2026_2025,Polls,2026_2025:1:46
2026_20250430_lazara,2026,Lazar,Maariv,2025-04-30,,utj,7,,True,2026_2025,Polls,2026_2025:1:46
2026_20250430_lazara,2026,Lazar,Maariv,2025-04-30,,yesh_atid,13,,True,2026_2025,Polls,2026_2025:1:46
2026_20250430_lazara,2026,Lazar,Maariv,2025-04-30,,yisrael_beytenu,16,,True,2026_2025,Polls,2026_2025:1:46
2026_20250430_lazarb,2026,Lazar,Maariv,2025-04-30,,balad,0,1.6,True,2026_2025,Polls,2026_2025:1:47
2026_20250430_lazarb,2026,Lazar,Maariv,2025-04-30,,bennett_2026,26,,True,2026_2025,Polls,2026_2025:1:47
2026_20250430_lazarb,2026,Lazar,Maariv,2025-04-30,,blue_white,8,,True,2026_2025,Polls,2026_2025:1:47
2026_20250430_lazarb,2026,Lazar,Maariv,2025-04-30,,democrats,11,,True,2026_2025,Polls,2026_2025:1:47
2026_20250430_lazarb,2026,Lazar,Maariv,2025-04-30,,hadash_taal,5,,True,2026_2025,Polls,2026_2025:1:47
2026_20250430_lazarb,2026,Lazar,Maariv,2025-04-30,,likud,19,,True,2026_2025,Polls,2026_2025:1:47
2026_20250430_lazarb,2026,Lazar,Maariv,2025-04-30,,otzma,9,,True,2026_2025,Polls,2026_2025:1:47
2026_20250430_lazarb,2026,Lazar,Maariv,2025-04-30,,raam,5,,True,2026_2025,Polls,2026_2025:1:47
2026_20250430_lazarb,2026,Lazar,Maariv,2025-04-30,,rzp,0,2.8,True,2026_2025,Polls,2026_2025:1:47
2026_20250430_lazarb,2026,Lazar,Maariv,2025-04-30,,shas,9,,True,2026_2025,Polls,2026_2025:1:47
2026_20250430_lazarb,2026,Lazar,Maariv,2025-04-30,,utj,7,,True,2026_2025,Polls,2026_2025:1:47
2026_20250430_lazarb,2026,Lazar,Maariv,2025-04-30,,yesh_atid,10,,True,2026_2025,Polls,2026_2025:1:47
2026_20250430_lazarb,2026,Lazar,Maariv,2025-04-30,,yisrael_beytenu,11,,True,2026_2025,Polls,2026_2025:1:47
2026_20250505_maagarmochota,2026,Maagar Mochot,Channel 13,2025-05-05,,balad,0,2.3,True,2026_2025,Polls,2026_2025:1:44
2026_20250505_maagarmochota,2026,Maagar Mochot,Channel 13,2025-05-05,,blue_white,13,,True,2026_2025,Polls,2026_2025:1:44
2026_20250505_maagarmochota,2026,Maagar Mochot,Channel 13,2025-05-05,,democrats,14,,True,2026_2025,Polls,2026_2025:1:44
2026_20250505_maagarmochota,2026,Maagar Mochot,Channel 13,2025-05-05,,hadash_taal,6,,True,2026_2025,Polls,2026_2025:1:44
2026_20250505_maagarmochota,2026,Maagar Mochot,Channel 13,2025-05-05,,likud,24,,True,2026_2025,Polls,2026_2025:1:44
2026_20250505_maagarmochota,2026,Maagar Mochot,Channel 13,2025-05-05,,otzma,11,,True,2026_2025,Polls,2026_2025:1:44
2026_20250505_maagarmochota,2026,Maagar Mochot,Channel 13,2025-05-05,,raam,5,,True,2026_2025,Polls,2026_2025:1:44
2026_20250505_maagarmochota,2026,Maagar Mochot,Channel 13,2025-05-05,,rzp,4,,True,2026_2025,Polls,2026_2025:1:44
2026_20250505_maagarmochota,2026,Maagar Mochot,Channel 13,2025-05-05,,shas,10,,True,2026_2025,Polls,2026_2025:1:44
2026_20250505_maagarmochota,2026,Maagar Mochot,Channel 13,2025-05-05,,utj,7,,True,2026_2025,Polls,2026_2025:1:44
2026_20250505_maagarmochota,2026,Maagar Mochot,Channel 13,2025-05-05,,yesh_atid,11,,True,2026_2025,Polls,2026_2025:1:44
2026_20250505_maagarmochota,2026,Maagar Mochot,Channel 13,2025-05-05,,yisrael_beytenu,15,,True,2026_2025,Polls,2026_2025:1:44
2026_20250505_maagarmochotb,2026,Maagar Mochot,Channel 13,2025-05-05,,bennett_2026,31,,True,2026_2025,Polls,2026_2025:1:45
2026_20250505_maagarmochotb,2026,Maagar Mochot,Channel 13,2025-05-05,,blue_white,5,,True,2026_2025,Polls,2026_2025:1:45
2026_20250505_maagarmochotb,2026,Maagar Mochot,Channel 13,2025-05-05,,democrats,9,,True,2026_2025,Polls,2026_2025:1:45
2026_20250505_maagarmochotb,2026,Maagar Mochot,Channel 13,2025-05-05,,hadash_taal,6,,True,2026_2025,Polls,2026_2025:1:45
2026_20250505_maagarmochotb,2026,Maagar Mochot,Channel 13,2025-05-05,,likud,20,,True,2026_2025,Polls,2026_2025:1:45
2026_20250505_maagarmochotb,2026,Maagar Mochot,Channel 13,2025-05-05,,otzma,11,,True,2026_2025,Polls,2026_2025:1:45
2026_20250505_maagarmochotb,2026,Maagar Mochot,Channel 13,2025-05-05,,raam,6,,True,2026_2025,Polls,2026_2025:1:45
2026_20250505_maagarmochotb,2026,Maagar Mochot,Channel 13,2025-05-05,,rzp,0,2.5,True,2026_2025,Polls,2026_2025:1:45
2026_20250505_maagarmochotb,2026,Maagar Mochot,Channel 13,2025-05-05,,shas,10,,True,2026_2025,Polls,2026_2025:1:45
2026_20250505_maagarmochotb,2026,Maagar Mochot,Channel 13,2025-05-05,,utj,7,,True,2026_2025,Polls,2026_2025:1:45
2026_20250505_maagarmochotb,2026,Maagar Mochot,Channel 13,2025-05-05,,yesh_atid,7,,True,2026_2025,Polls,2026_2025:1:45
2026_20250505_maagarmochotb,2026,Maagar Mochot,Channel 13,2025-05-05,,yisrael_beytenu,8,,True,2026_2025,Polls,2026_2025:1:45
2026_20250507_lazara,2026,Lazar,Maariv,2025-05-07,,balad,0,1.9,True,2026_2025,Polls,2026_2025:1:42
2026_20250507_lazara,2026,Lazar,Maariv,2025-05-07,,blue_white,16,,True,2026_2025,Polls,2026_2025:1:42
2026_20250507_lazara,2026,Lazar,Maariv,2025-05-07,,democrats,16,,True,2026_2025,Polls,2026_2025:1:42
2026_20250507_lazara,2026,Lazar,Maariv,2025-05-07,,hadash_taal,5,,True,2026_2025,Polls,2026_2025:1:42
2026_20250507_lazara,2026,Lazar,Maariv,2025-05-07,,likud,23,,True,2026_2025,Polls,2026_2025:1:42
2026_20250507_lazara,2026,Lazar,Maariv,2025-05-07,,otzma,9,,True,2026_2025,Polls,2026_2025:1:42
2026_20250507_lazara,2026,Lazar,Maariv,2025-05-07,,raam,5,,True,2026_2025,Polls,2026_2025:1:42
2026_20250507_lazara,2026,Lazar,Maariv,2025-05-07,,rzp,0,2.3,True,2026_2025,Polls,2026_2025:1:42
2026_20250507_lazara,2026,Lazar,Maariv,2025-05-07,,shas,9,,True,2026_2025,Polls,2026_2025:1:42
2026_20250507_lazara,2026,Lazar,Maariv,2025-05-07,,utj,7,,True,2026_2025,Polls,2026_2025:1:42
2026_20250507_lazara,2026,Lazar,Maariv,2025-05-07,,yesh_atid,13,,True,2026_2025,Polls,2026_2025:1:42
2026_20250507_lazara,2026,Lazar,Maariv,2025-05-07,,yisrael_beytenu,17,,True,2026_2025,Polls,2026_2025:1:42
2026_20250507_lazarb,2026,Lazar,Maariv,2025-05-07,,balad,0,2.0,True,2026_2025,Polls,2026_2025:1:43
2026_20250507_lazarb,2026,Lazar,Maariv,2025-05-07,,bennett_2026,24,,True,2026_2025,Polls,2026_2025:1:43
2026_20250507_lazarb,2026,Lazar,Maariv,2025-05-07,,blue_white,9,,True,2026_2025,Polls,2026_2025:1:43
2026_20250507_lazarb,2026,Lazar,Maariv,2025-05-07,,democrats,11,,True,2026_2025,Polls,2026_2025:1:43
2026_20250507_lazarb,2026,Lazar,Maariv,2025-05-07,,hadash_taal,5,,True,2026_2025,Polls,2026_2025:1:43
2026_20250507_lazarb,2026,Lazar,Maariv,2025-05-07,,likud,21,,True,2026_2025,Polls,2026_2025:1:43
2026_20250507_lazarb,2026,Lazar,Maariv,2025-05-07,,otzma,9,,True,2026_2025,Polls,2026_2025:1:43
2026_20250507_lazarb,2026,Lazar,Maariv,2025-05-07,,raam,5,,True,2026_2025,Polls,2026_2025:1:43
2026_20250507_lazarb,2026,Lazar,Maariv,2025-05-07,,rzp,0,1.8,True,2026_2025,Polls,2026_2025:1:43
2026_20250507_lazarb,2026,Lazar,Maariv,2025-05-07,,shas,9,,True,2026_2025,Polls,2026_2025:1:43
2026_20250507_lazarb,2026,Lazar,Maariv,2025-05-07,,utj,7,,True,2026_2025,Polls,2026_2025:1:43
2026_20250507_lazarb,2026,Lazar,Maariv,2025-05-07,,yesh_atid,10,,True,2026_2025,Polls,2026_2025:1:43
2026_20250507_lazarb,2026,Lazar,Maariv,2025-05-07,,yisrael_beytenu,10,,True,2026_2025,Polls,2026_2025:1:43
2026_20250507_midgam,2026,Midgam,HaHadashot 12,2025-05-07,,balad,0,2.9,True,2026_2025,Polls,2026_2025:1:41
2026_20250507_midgam,2026,Midgam,HaHadashot 12,2025-05-07,,bennett_2026,23,,True,2026_2025,Polls,2026_2025:1:41
2026_20250507_midgam,2026,Midgam,HaHadashot 12,2025-05-07,,blue_white,7,,True,2026_2025,Polls,2026_2025:1:41
2026_20250507_midgam,2026,Midgam,HaHadashot 12,2025-05-07,,democrats,14,,True,2026_2025,Polls,2026_2025:1:41
2026_20250507_midgam,2026,Midgam,HaHadashot 12,2025-05-07,,hadash_taal,5,,True,2026_2025,Polls,2026_2025:1:41
2026_20250507_midgam,2026,Midgam,HaHadashot 12,2025-05-07,,likud,21,,True,2026_2025,Polls,2026_2025:1:41
2026_20250507_midgam,2026,Midgam,HaHadashot 12,2025-05-07,,otzma,8,,True,2026_2025,Polls,2026_2025:1:41
2026_20250507_midgam,2026,Midgam,HaHadashot 12,2025-05-07,,raam,5,,True,2026_2025,Polls,2026_2025:1:41
2026_20250507_midgam,2026,Midgam,HaHadashot 12,2025-05-07,,rzp,0,2.3,True,2026_2025,Polls,2026_2025:1:41
2026_20250507_midgam,2026,Midgam,HaHadashot 12,2025-05-07,,shas,10,,True,2026_2025,Polls,2026_2025:1:41
2026_20250507_midgam,2026,Midgam,HaHadashot 12,2025-05-07,,utj,8,,True,2026_2025,Polls,2026_2025:1:41
2026_20250507_midgam,2026,Midgam,HaHadashot 12,2025-05-07,,yesh_atid,9,,True,2026_2025,Polls,2026_2025:1:41
2026_20250507_midgam,2026,Midgam,HaHadashot 12,2025-05-07,,yisrael_beytenu,10,,True,2026_2025,Polls,2026_2025:1:41
2026_20250515_directpolls,2026,Direct Polls,Channel 14,2025-05-15,,balad,0,2.5,True,2026_2025,Polls,2026_2025:1:40
2026_20250515_directpolls,2026,Direct Polls,Channel 14,2025-05-15,,blue_white,8,,True,2026_2025,Polls,2026_2025:1:40
2026_20250515_directpolls,2026,Direct Polls,Channel 14,2025-05-15,,democrats,16,,True,2026_2025,Polls,2026_2025:1:40
2026_20250515_directpolls,2026,Direct Polls,Channel 14,2025-05-15,,hadash_taal,5,,True,2026_2025,Polls,2026_2025:1:40
2026_20250515_directpolls,2026,Direct Polls,Channel 14,2025-05-15,,likud,34,,True,2026_2025,Polls,2026_2025:1:40
2026_20250515_directpolls,2026,Direct Polls,Channel 14,2025-05-15,,otzma,7,,True,2026_2025,Polls,2026_2025:1:40
2026_20250515_directpolls,2026,Direct Polls,Channel 14,2025-05-15,,raam,5,,True,2026_2025,Polls,2026_2025:1:40
2026_20250515_directpolls,2026,Direct Polls,Channel 14,2025-05-15,,rzp,5,,True,2026_2025,Polls,2026_2025:1:40
2026_20250515_directpolls,2026,Direct Polls,Channel 14,2025-05-15,,shas,10,,True,2026_2025,Polls,2026_2025:1:40
2026_20250515_directpolls,2026,Direct Polls,Channel 14,2025-05-15,,utj,8,,True,2026_2025,Polls,2026_2025:1:40
2026_20250515_directpolls,2026,Direct Polls,Channel 14,2025-05-15,,yesh_atid,5,,True,2026_2025,Polls,2026_2025:1:40
2026_20250515_directpolls,2026,Direct Polls,Channel 14,2025-05-15,,yisrael_beytenu,17,,True,2026_2025,Polls,2026_2025:1:40
2026_20250520_maagarmochot,2026,Maagar Mochot,Channel 13,2025-05-20,,balad,0,1.8,True,2026_2025,Polls,2026_2025:1:39
2026_20250520_maagarmochot,2026,Maagar Mochot,Channel 13,2025-05-20,,bennett_2026,29,,True,2026_2025,Polls,2026_2025:1:39
2026_20250520_maagarmochot,2026,Maagar Mochot,Channel 13,2025-05-20,,blue_white,6,,True,2026_2025,Polls,2026_2025:1:39
2026_20250520_maagarmochot,2026,Maagar Mochot,Channel 13,2025-05-20,,democrats,8,,True,2026_2025,Polls,2026_2025:1:39
2026_20250520_maagarmochot,2026,Maagar Mochot,Channel 13,2025-05-20,,hadash_taal,6,,True,2026_2025,Polls,2026_2025:1:39
2026_20250520_maagarmochot,2026,Maagar Mochot,Channel 13,2025-05-20,,likud,20,,True,2026_2025,Polls,2026_2025:1:39
2026_20250520_maagarmochot,2026,Maagar Mochot,Channel 13,2025-05-20,,otzma,9,,True,2026_2025,Polls,2026_2025:1:39
2026_20250520_maagarmochot,2026,Maagar Mochot,Channel 13,2025-05-20,,raam,4,,True,2026_2025,Polls,2026_2025:1:39
2026_20250520_maagarmochot,2026,Maagar Mochot,Channel 13,2025-05-20,,rzp,4,,True,2026_2025,Polls,2026_2025:1:39
2026_20250520_maagarmochot,2026,Maagar Mochot,Channel 13,2025-05-20,,shas,10,,True,2026_2025,Polls,2026_2025:1:39
2026_20250520_maagarmochot,2026,Maagar Mochot,Channel 13,2025-05-20,,utj,7,,True,2026_2025,Polls,2026_2025:1:39
2026_20250520_maagarmochot,2026,Maagar Mochot,Channel 13,2025-05-20,,yesh_atid,7,,True,2026_2025,Polls,2026_2025:1:39
2026_20250520_maagarmochot,2026,Maagar Mochot,Channel 13,2025-05-20,,yisrael_beytenu,10,,True,2026_2025,Polls,2026_2025:1:39
2026_20250522_directpollsa,2026,Direct Polls,Channel 14,2025-05-22,,balad,0,2.3,True,2026_2025,Polls,2026_2025:1:35
2026_20250522_directpollsa,2026,Direct Polls,Channel 14,2025-05-22,,blue_white,8,,True,2026_2025,Polls,2026_2025:1:35
2026_20250522_directpollsa,2026,Direct Polls,Channel 14,2025-05-22,,democrats,16,,True,2026_2025,Polls,2026_2025:1:35
2026_20250522_directpollsa,2026,Direct Polls,Channel 14,2025-05-22,,hadash_taal,5,,True,2026_2025,Polls,2026_2025:1:35
2026_20250522_directpollsa,2026,Direct Polls,Channel 14,2025-05-22,,likud,33,,True,2026_2025,Polls,2026_2025:1:35
2026_20250522_directpollsa,2026,Direct Polls,Channel 14,2025-05-22,,otzma,8,,True,2026_2025,Polls,2026_2025:1:35
2026_20250522_directpollsa,2026,Direct Polls,Channel 14,2025-05-22,,raam,5,,True,2026_2025,Polls,2026_2025:1:35
2026_20250522_directpollsa,2026,Direct Polls,Channel 14,2025-05-22,,rzp,5,,True,2026_2025,Polls,2026_2025:1:35
2026_20250522_directpollsa,2026,Direct Polls,Channel 14,2025-05-22,,shas,11,,True,2026_2025,Polls,2026_2025:1:35
2026_20250522_directpollsa,2026,Direct Polls,Channel 14,2025-05-22,,utj,7,,True,2026_2025,Polls,2026_2025:1:35
2026_20250522_directpollsa,2026,Direct Polls,Channel 14,2025-05-22,,yesh_atid,6,,True,2026_2025,Polls,2026_2025:1:35
2026_20250522_directpollsa,2026,Direct Polls,Channel 14,2025-05-22,,yisrael_beytenu,16,,True,2026_2025,Polls,2026_2025:1:35
2026_20250522_directpollsb,2026,Direct Polls,Channel 14,2025-05-22,,balad,0,2.3,True,2026_2025,Polls,2026_2025:1:36
2026_20250522_directpollsb,2026,Direct Polls,Channel 14,2025-05-22,,bennett_2026,13,,True,2026_2025,Polls,2026_2025:1:36
2026_20250522_directpollsb,2026,Direct Polls,Channel 14,2025-05-22,,blue_white,6,,True,2026_2025,Polls,2026_2025:1:36
2026_20250522_directpollsb,2026,Direct Polls,Channel 14,2025-05-22,,democrats,14,,True,2026_2025,Polls,2026_2025:1:36
2026_20250522_directpollsb,2026,Direct Polls,Channel 14,2025-05-22,,hadash_taal,5,,True,2026_2025,Polls,2026_2025:1:36
2026_20250522_directpollsb,2026,Direct Polls,Channel 14,2025-05-22,,likud,32,,True,2026_2025,Polls,2026_2025:1:36
2026_20250522_directpollsb,2026,Direct Polls,Channel 14,2025-05-22,,otzma,7,,True,2026_2025,Polls,2026_2025:1:36
2026_20250522_directpollsb,2026,Direct Polls,Channel 14,2025-05-22,,raam,5,,True,2026_2025,Polls,2026_2025:1:36
2026_20250522_directpollsb,2026,Direct Polls,Channel 14,2025-05-22,,rzp,5,,True,2026_2025,Polls,2026_2025:1:36
2026_20250522_directpollsb,2026,Direct Polls,Channel 14,2025-05-22,,shas,10,,True,2026_2025,Polls,2026_2025:1:36
2026_20250522_directpollsb,2026,Direct Polls,Channel 14,2025-05-22,,utj,8,,True,2026_2025,Polls,2026_2025:1:36
2026_20250522_directpollsb,2026,Direct Polls,Channel 14,2025-05-22,,yesh_atid,5,,True,2026_2025,Polls,2026_2025:1:36
2026_20250522_directpollsb,2026,Direct Polls,Channel 14,2025-05-22,,yisrael_beytenu,10,,True,2026_2025,Polls,2026_2025:1:36
2026_20250522_lazara,2026,Lazar,Maariv,2025-05-22,,balad,0,2.0,True,2026_2025,Polls,2026_2025:1:37
2026_20250522_lazara,2026,Lazar,Maariv,2025-05-22,,blue_white,16,,True,2026_2025,Polls,2026_2025:1:37
2026_20250522_lazara,2026,Lazar,Maariv,2025-05-22,,democrats,12,,True,2026_2025,Polls,2026_2025:1:37
2026_20250522_lazara,2026,Lazar,Maariv,2025-05-22,,hadash_taal,6,,True,2026_2025,Polls,2026_2025:1:37
2026_20250522_lazara,2026,Lazar,Maariv,2025-05-22,,likud,23,,True,2026_2025,Polls,2026_2025:1:37
2026_20250522_lazara,2026,Lazar,Maariv,2025-05-22,,otzma,9,,True,2026_2025,Polls,2026_2025:1:37
2026_20250522_lazara,2026,Lazar,Maariv,2025-05-22,,raam,4,,True,2026_2025,Polls,2026_2025:1:37
2026_20250522_lazara,2026,Lazar,Maariv,2025-05-22,,rzp,0,1.9,True,2026_2025,Polls,2026_2025:1:37
2026_20250522_lazara,2026,Lazar,Maariv,2025-05-22,,shas,9,,True,2026_2025,Polls,2026_2025:1:37
2026_20250522_lazara,2026,Lazar,Maariv,2025-05-22,,utj,7,,True,2026_2025,Polls,2026_2025:1:37
2026_20250522_lazara,2026,Lazar,Maariv,2025-05-22,,yesh_atid,15,,True,2026_2025,Polls,2026_2025:1:37
2026_20250522_lazara,2026,Lazar,Maariv,2025-05-22,,yisrael_beytenu,19,,True,2026_2025,Polls,2026_2025:1:37
2026_20250522_lazarb,2026,Lazar,Maariv,2025-05-22,,balad,0,2.0,True,2026_2025,Polls,2026_2025:1:38
2026_20250522_lazarb,2026,Lazar,Maariv,2025-05-22,,bennett_2026,28,,True,2026_2025,Polls,2026_2025:1:38
2026_20250522_lazarb,2026,Lazar,Maariv,2025-05-22,,blue_white,9,,True,2026_2025,Polls,2026_2025:1:38
2026_20250522_lazarb,2026,Lazar,Maariv,2025-05-22,,democrats,7,,True,2026_2025,Polls,2026_2025:1:38
2026_20250522_lazarb,2026,Lazar,Maariv,2025-05-22,,hadash_taal,6,,True,2026_2025,Polls,2026_2025:1:38
2026_20250522_lazarb,2026,Lazar,Maariv,2025-05-22,,likud,20,,True,2026_2025,Polls,2026_2025:1:38
2026_20250522_lazarb,2026,Lazar,Maariv,2025-05-22,,otzma,8,,True,2026_2025,Polls,2026_2025:1:38
2026_20250522_lazarb,2026,Lazar,Maariv,2025-05-22,,raam,4,,True,2026_2025,Polls,2026_2025:1:38
2026_20250522_lazarb,2026,Lazar,Maariv,2025-05-22,,rzp,0,1.5,True,2026_2025,Polls,2026_2025:1:38
2026_20250522_lazarb,2026,Lazar,Maariv,2025-05-22,,shas,9,,True,2026_2025,Polls,2026_2025:1:38
2026_20250522_lazarb,2026,Lazar,Maariv,2025-05-22,,utj,7,,True,2026_2025,Polls,2026_2025:1:38
2026_20250522_lazarb,2026,Lazar,Maariv,2025-05-22,,yesh_atid,11,,True,2026_2025,Polls,2026_2025:1:38
2026_20250522_lazarb,2026,Lazar,Maariv,2025-05-22,,yisrael_beytenu,11,,True,2026_2025,Polls,2026_2025:1:38
2026_20250525_midgam,2026,Midgam,HaHadashot 12,2025-05-25,,balad,0,1.4,False,2026_2025,Polls,2026_2025:1:34
2026_20250525_midgam,2026,Midgam,HaHadashot 12,2025-05-25,,bennett_2026,22,,False,2026_2025,Polls,2026_2025:1:34
2026_20250525_midgam,2026,Midgam,HaHadashot 12,2025-05-25,,blue_white,8,,False,2026_2025,Polls,2026_2025:1:34
2026_20250525_midgam,2026,Midgam,HaHadashot 12,2025-05-25,,democrats,13,,False,2026_2025,Polls,2026_2025:1:34
2026_20250525_midgam,2026,Midgam,HaHadashot 12,2025-05-25,,hadash_taal,5,,False,2026_2025,Polls,2026_2025:1:34
2026_20250525_midgam,2026,Midgam,HaHadashot 12,2025-05-25,,likud,21,,False,2026_2025,Polls,2026_2025:1:34
2026_20250525_midgam,2026,Midgam,HaHadashot 12,2025-05-25,,otzma,8,,False,2026_2025,Polls,2026_2025:1:34
2026_20250525_midgam,2026,Midgam,HaHadashot 12,2025-05-25,,raam,5,,False,2026_2025,Polls,2026_2025:1:34
2026_20250525_midgam,2026,Midgam,HaHadashot 12,2025-05-25,,rzp,0,2.6,False,2026_2025,Polls,2026_2025:1:34
2026_20250525_midgam,2026,Midgam,HaHadashot 12,2025-05-25,,shas,10,,False,2026_2025,Polls,2026_2025:1:34
2026_20250525_midgam,2026,Midgam,HaHadashot 12,2025-05-25,,utj,7,,False,2026_2025,Polls,2026_2025:1:34
2026_20250525_midgam,2026,Midgam,HaHadashot 12,2025-05-25,,yesh_atid,9,,False,2026_2025,Polls,2026_2025:1:34
2026_20250525_midgam,2026,Midgam,HaHadashot 12,2025-05-25,,yisrael_beytenu,10,,False,2026_2025,Polls,2026_2025:1:34
2026_20250529_directpollsa,2026,Direct Polls,Channel 14,2025-05-29,,balad,0,2.5,True,2026_2025,Polls,2026_2025:1:30
2026_20250529_directpollsa,2026,Direct Polls,Channel 14,2025-05-29,,blue_white,8,,True,2026_2025,Polls,2026_2025:1:30
2026_20250529_directpollsa,2026,Direct Polls,Channel 14,2025-05-29,,democrats,15,,True,2026_2025,Polls,2026_2025:1:30
2026_20250529_directpollsa,2026,Direct Polls,Channel 14,2025-05-29,,hadash_taal,5,,True,2026_2025,Polls,2026_2025:1:30
2026_20250529_directpollsa,2026,Direct Polls,Channel 14,2025-05-29,,likud,34,,True,2026_2025,Polls,2026_2025:1:30
2026_20250529_directpollsa,2026,Direct Polls,Channel 14,2025-05-29,,otzma,6,,True,2026_2025,Polls,2026_2025:1:30
2026_20250529_directpollsa,2026,Direct Polls,Channel 14,2025-05-29,,raam,5,,True,2026_2025,Polls,2026_2025:1:30
2026_20250529_directpollsa,2026,Direct Polls,Channel 14,2025-05-29,,rzp,6,,True,2026_2025,Polls,2026_2025:1:30
2026_20250529_directpollsa,2026,Direct Polls,Channel 14,2025-05-29,,shas,10,,True,2026_2025,Polls,2026_2025:1:30
2026_20250529_directpollsa,2026,Direct Polls,Channel 14,2025-05-29,,utj,8,,True,2026_2025,Polls,2026_2025:1:30
2026_20250529_directpollsa,2026,Direct Polls,Channel 14,2025-05-29,,yesh_atid,6,,True,2026_2025,Polls,2026_2025:1:30
2026_20250529_directpollsa,2026,Direct Polls,Channel 14,2025-05-29,,yisrael_beytenu,17,,True,2026_2025,Polls,2026_2025:1:30
2026_20250529_directpollsb,2026,Direct Polls,Channel 14,2025-05-29,,balad,0,2.4,True,2026_2025,Polls,2026_2025:1:31
2026_20250529_directpollsb,2026,Direct Polls,Channel 14,2025-05-29,,bennett_2026,13,,True,2026_2025,Polls,2026_2025:1:31
2026_20250529_directpollsb,2026,Direct Polls,Channel 14,2025-05-29,,blue_white,6,,True,2026_2025,Polls,2026_2025:1:31
2026_20250529_directpollsb,2026,Direct Polls,Channel 14,2025-05-29,,democrats,14,,True,2026_2025,Polls,2026_2025:1:31
2026_20250529_directpollsb,2026,Direct Polls,Channel 14,2025-05-29,,hadash_taal,5,,True,2026_2025,Polls,2026_2025:1:31
2026_20250529_directpollsb,2026,Direct Polls,Channel 14,2025-05-29,,likud,34,,True,2026_2025,Polls,2026_2025:1:31
2026_20250529_directpollsb,2026,Direct Polls,Channel 14,2025-05-29,,otzma,6,,True,2026_2025,Polls,2026_2025:1:31
2026_20250529_directpollsb,2026,Direct Polls,Channel 14,2025-05-29,,raam,6,,True,2026_2025,Polls,2026_2025:1:31
2026_20250529_directpollsb,2026,Direct Polls,Channel 14,2025-05-29,,rzp,5,,True,2026_2025,Polls,2026_2025:1:31
2026_20250529_directpollsb,2026,Direct Polls,Channel 14,2025-05-29,,shas,10,,True,2026_2025,Polls,2026_2025:1:31
2026_20250529_directpollsb,2026,Direct Polls,Channel 14,2025-05-29,,utj,8,,True,2026_2025,Polls,2026_2025:1:31
2026_20250529_directpollsb,2026,Direct Polls,Channel 14,2025-05-29,,yesh_atid,5,,True,2026_2025,Polls,2026_2025:1:31
2026_20250529_directpollsb,2026,Direct Polls,Channel 14,2025-05-29,,yisrael_beytenu,8,,True,2026_2025,Polls,2026_2025:1:31
2026_20250529_lazara,2026,Lazar,Maariv,2025-05-29,,balad,0,2.4,True,2026_2025,Polls,2026_2025:1:32
2026_20250529_lazara,2026,Lazar,Maariv,2025-05-29,,blue_white,16,,True,2026_2025,Polls,2026_2025:1:32
2026_20250529_lazara,2026,Lazar,Maariv,2025-05-29,,democrats,13,,True,2026_2025,Polls,2026_2025:1:32
2026_20250529_lazara,2026,Lazar,Maariv,2025-05-29,,hadash_taal,6,,True,2026_2025,Polls,2026_2025:1:32
2026_20250529_lazara,2026,Lazar,Maariv,2025-05-29,,likud,23,,True,2026_2025,Polls,2026_2025:1:32
2026_20250529_lazara,2026,Lazar,Maariv,2025-05-29,,otzma,9,,True,2026_2025,Polls,2026_2025:1:32
2026_20250529_lazara,2026,Lazar,Maariv,2025-05-29,,raam,4,,True,2026_2025,Polls,2026_2025:1:32
2026_20250529_lazara,2026,Lazar,Maariv,2025-05-29,,rzp,0,2.1,True,2026_2025,Polls,2026_2025:1:32
2026_20250529_lazara,2026,Lazar,Maariv,2025-05-29,,shas,9,,True,2026_2025,Polls,2026_2025:1:32
2026_20250529_lazara,2026,Lazar,Maariv,2025-05-29,,utj,8,,True,2026_2025,Polls,2026_2025:1:32
2026_20250529_lazara,2026,Lazar,Maariv,2025-05-29,,yesh_atid,14,,True,2026_2025,Polls,2026_2025:1:32
2026_20250529_lazara,2026,Lazar,Maariv,2025-05-29,,yisrael_beytenu,18,,True,2026_2025,Polls,2026_2025:1:32
2026_20250529_lazarb,2026,Lazar,Maariv,2025-05-29,,balad,0,2.1,True,2026_2025,Polls,2026_2025:1:33
2026_20250529_lazarb,2026,Lazar,Maariv,2025-05-29,,bennett_2026,28,,True,2026_2025,Polls,2026_2025:1:33
2026_20250529_lazarb,2026,Lazar,Maariv,2025-05-29,,blue_white,9,,True,2026_2025,Polls,2026_2025:1:33
2026_20250529_lazarb,2026,Lazar,Maariv,2025-05-29,,democrats,9,,True,2026_2025,Polls,2026_2025:1:33
2026_20250529_lazarb,2026,Lazar,Maariv,2025-05-29,,hadash_taal,6,,True,2026_2025,Polls,2026_2025:1:33
2026_20250529_lazarb,2026,Lazar,Maariv,2025-05-29,,likud,19,,True,2026_2025,Polls,2026_2025:1:33
2026_20250529_lazarb,2026,Lazar,Maariv,2025-05-29,,otzma,8,,True,2026_2025,Polls,2026_2025:1:33
2026_20250529_lazarb,2026,Lazar,Maariv,2025-05-29,,raam,4,,True,2026_2025,Polls,2026_2025:1:33
2026_20250529_lazarb,2026,Lazar,Maariv,2025-05-29,,rzp,0,1.8,True,2026_2025,Polls,2026_2025:1:33
2026_20250529_lazarb,2026,Lazar,Maariv,2025-05-29,,shas,9,,True,2026_2025,Polls,2026_2025:1:33
2026_20250529_lazarb,2026,Lazar,Maariv,2025-05-29,,utj,8,,True,2026_2025,Polls,2026_2025:1:33
2026_20250529_lazarb,2026,Lazar,Maariv,2025-05-29,,yesh_atid,10,,True,2026_2025,Polls,2026_2025:1:33
2026_20250529_lazarb,2026,Lazar,Maariv,2025-05-29,,yisrael_beytenu,10,,True,2026_2025,Polls,2026_2025:1:33
2026_20250604_maagarmochot,2026,Maagar Mochot,Channel 13,2025-06-04,,balad,0,2.6,True,2026_2025,Polls,2026_2025:1:28
2026_20250604_maagarmochot,2026,Maagar Mochot,Channel 13,2025-06-04,,bennett_2026,27,,True,2026_2025,Polls,2026_2025:1:28
2026_20250604_maagarmochot,2026,Maagar Mochot,Channel 13,2025-06-04,,blue_white,9,,True,2026_2025,Polls,2026_2025:1:28
2026_20250604_maagarmochot,2026,Maagar Mochot,Channel 13,2025-06-04,,democrats,10,,True,2026_2025,Polls,2026_2025:1:28
2026_20250604_maagarmochot,2026,Maagar Mochot,Channel 13,2025-06-04,,hadash_taal,4,,True,2026_2025,Polls,2026_2025:1:28
2026_20250604_maagarmochot,2026,Maagar Mochot,Channel 13,2025-06-04,,likud,24,,True,2026_2025,Polls,2026_2025:1:28
2026_20250604_maagarmochot,2026,Maagar Mochot,Channel 13,2025-06-04,,otzma,8,,True,2026_2025,Polls,2026_2025:1:28
2026_20250604_maagarmochot,2026,Maagar Mochot,Channel 13,2025-06-04,,raam,4,,True,2026_2025,Polls,2026_2025:1:28
2026_20250604_maagarmochot,2026,Maagar Mochot,Channel 13,2025-06-04,,rzp,0,2.4,True,2026_2025,Polls,2026_2025:1:28
2026_20250604_maagarmochot,2026,Maagar Mochot,Channel 13,2025-06-04,,shas,10,,True,2026_2025,Polls,2026_2025:1:28
2026_20250604_maagarmochot,2026,Maagar Mochot,Channel 13,2025-06-04,,utj,7,,True,2026_2025,Polls,2026_2025:1:28
2026_20250604_maagarmochot,2026,Maagar Mochot,Channel 13,2025-06-04,,yesh_atid,8,,True,2026_2025,Polls,2026_2025:1:28
2026_20250604_maagarmochot,2026,Maagar Mochot,Channel 13,2025-06-04,,yisrael_beytenu,9,,True,2026_2025,Polls,2026_2025:1:28
2026_20250604_midgam,2026,Midgam,HaHadashot 12,2025-06-04,,balad,0,1.2,True,2026_2025,Polls,2026_2025:1:29
2026_20250604_midgam,2026,Midgam,HaHadashot 12,2025-06-04,,bennett_2026,24,,True,2026_2025,Polls,2026_2025:1:29
2026_20250604_midgam,2026,Midgam,HaHadashot 12,2025-06-04,,blue_white,7,,True,2026_2025,Polls,2026_2025:1:29
2026_20250604_midgam,2026,Midgam,HaHadashot 12,2025-06-04,,democrats,12,,True,2026_2025,Polls,2026_2025:1:29
2026_20250604_midgam,2026,Midgam,HaHadashot 12,2025-06-04,,hadash_taal,5,,True,2026_2025,Polls,2026_2025:1:29
2026_20250604_midgam,2026,Midgam,HaHadashot 12,2025-06-04,,likud,22,,True,2026_2025,Polls,2026_2025:1:29
2026_20250604_midgam,2026,Midgam,HaHadashot 12,2025-06-04,,otzma,8,,True,2026_2025,Polls,2026_2025:1:29
2026_20250604_midgam,2026,Midgam,HaHadashot 12,2025-06-04,,raam,5,,True,2026_2025,Polls,2026_2025:1:29
2026_20250604_midgam,2026,Midgam,HaHadashot 12,2025-06-04,,rzp,0,2.8,True,2026_2025,Polls,2026_2025:1:29
2026_20250604_midgam,2026,Midgam,HaHadashot 12,2025-06-04,,shas,10,,True,2026_2025,Polls,2026_2025:1:29
2026_20250604_midgam,2026,Midgam,HaHadashot 12,2025-06-04,,utj,8,,True,2026_2025,Polls,2026_2025:1:29
2026_20250604_midgam,2026,Midgam,HaHadashot 12,2025-06-04,,yesh_atid,9,,True,2026_2025,Polls,2026_2025:1:29
2026_20250604_midgam,2026,Midgam,HaHadashot 12,2025-06-04,,yisrael_beytenu,10,,True,2026_2025,Polls,2026_2025:1:29
2026_20250605_directpollsa,2026,Direct Polls,Channel 14,2025-06-05,,balad,0,2.3,True,2026_2025,Polls,2026_2025:1:23
2026_20250605_directpollsa,2026,Direct Polls,Channel 14,2025-06-05,,blue_white,8,,True,2026_2025,Polls,2026_2025:1:23
2026_20250605_directpollsa,2026,Direct Polls,Channel 14,2025-06-05,,democrats,15,,True,2026_2025,Polls,2026_2025:1:23
2026_20250605_directpollsa,2026,Direct Polls,Channel 14,2025-06-05,,hadash_taal,5,,True,2026_2025,Polls,2026_2025:1:23
2026_20250605_directpollsa,2026,Direct Polls,Channel 14,2025-06-05,,likud,33,,True,2026_2025,Polls,2026_2025:1:23
2026_20250605_directpollsa,2026,Direct Polls,Channel 14,2025-06-05,,otzma,7,,True,2026_2025,Polls,2026_2025:1:23
2026_20250605_directpollsa,2026,Direct Polls,Channel 14,2025-06-05,,raam,5,,True,2026_2025,Polls,2026_2025:1:23
2026_20250605_directpollsa,2026,Direct Polls,Channel 14,2025-06-05,,rzp,6,,True,2026_2025,Polls,2026_2025:1:23
2026_20250605_directpollsa,2026,Direct Polls,Channel 14,2025-06-05,,shas,10,,True,2026_2025,Polls,2026_2025:1:23
2026_20250605_directpollsa,2026,Direct Polls,Channel 14,2025-06-05,,utj,8,,True,2026_2025,Polls,2026_2025:1:23
2026_20250605_directpollsa,2026,Direct Polls,Channel 14,2025-06-05,,yesh_atid,6,,True,2026_2025,Polls,2026_2025:1:23
2026_20250605_directpollsa,2026,Direct Polls,Channel 14,2025-06-05,,yisrael_beytenu,17,,True,2026_2025,Polls,2026_2025:1:23
2026_20250605_directpollsb,2026,Direct Polls,Channel 14,2025-06-05,,bennett_2026,14,,False,2026_2025,Polls,2026_2025:1:24
2026_20250605_directpollsb,2026,Direct Polls,Channel 14,2025-06-05,,blue_white,6,,False,2026_2025,Polls,2026_2025:1:24
2026_20250605_directpollsb,2026,Direct Polls,Channel 14,2025-06-05,,democrats,14,,False,2026_2025,Polls,2026_2025:1:24
2026_20250605_directpollsb,2026,Direct Polls,Channel 14,2025-06-05,,hadash_taal,5,,False,2026_2025,Polls,2026_2025:1:24
2026_20250605_directpollsb,2026,Direct Polls,Channel 14,2025-06-05,,likud,32,,False,2026_2025,Polls,2026_2025:1:24
2026_20250605_directpollsb,2026,Direct Polls,Channel 14,2025-06-05,,otzma,7,,False,2026_2025,Polls,2026_2025:1:24
2026_20250605_directpollsb,2026,Direct Polls,Channel 14,2025-06-05,,raam,5,,False,2026_2025,Polls,2026_2025:1:24
2026_20250605_directpollsb,2026,Direct Polls,Channel 14,2025-06-05,,rzp,5,,False,2026_2025,Polls,2026_2025:1:24
2026_20250605_directpollsb,2026,Direct Polls,Channel 14,2025-06-05,,shas,10,,False,2026_2025,Polls,2026_2025:1:24
2026_20250605_directpollsb,2026,Direct Polls,Channel 14,2025-06-05,,utj,8,,False,2026_2025,Polls,2026_2025:1:24
2026_20250605_directpollsb,2026,Direct Polls,Channel 14,2025-06-05,,yesh_atid,5,,False,2026_2025,Polls,2026_2025:1:24
2026_20250605_directpollsb,2026,Direct Polls,Channel 14,2025-06-05,,yisrael_beytenu,10,,False,2026_2025,Polls,2026_2025:1:24
2026_20250605_lazara,2026,Lazar,Maariv,2025-06-05,,balad,0,1.9,True,2026_2025,Polls,2026_2025:1:25
2026_20250605_lazara,2026,Lazar,Maariv,2025-06-05,,blue_white,15,,True,2026_2025,Polls,2026_2025:1:25
2026_20250605_lazara,2026,Lazar,Maariv,2025-06-05,,democrats,15,,True,2026_2025,Polls,2026_2025:1:25
2026_20250605_lazara,2026,Lazar,Maariv,2025-06-05,,hadash_taal,4,,True,2026_2025,Polls,2026_2025:1:25
2026_20250605_lazara,2026,Lazar,Maariv,2025-06-05,,likud,22,,True,2026_2025,Polls,2026_2025:1:25
2026_20250605_lazara,2026,Lazar,Maariv,2025-06-05,,otzma,9,,True,2026_2025,Polls,2026_2025:1:25
2026_20250605_lazara,2026,Lazar,Maariv,2025-06-05,,raam,6,,True,2026_2025,Polls,2026_2025:1:25
2026_20250605_lazara,2026,Lazar,Maariv,2025-06-05,,rzp,0,2.8,True,2026_2025,Polls,2026_2025:1:25
2026_20250605_lazara,2026,Lazar,Maariv,2025-06-05,,shas,10,,True,2026_2025,Polls,2026_2025:1:25
2026_20250605_lazara,2026,Lazar,Maariv,2025-06-05,,utj,8,,True,2026_2025,Polls,2026_2025:1:25
2026_20250605_lazara,2026,Lazar,Maariv,2025-06-05,,yesh_atid,12,,True,2026_2025,Polls,2026_2025:1:25
2026_20250605_lazara,2026,Lazar,Maariv,2025-06-05,,yisrael_beytenu,19,,True,2026_2025,Polls,2026_2025:1:25
2026_20250605_lazarb,2026,Lazar,Maariv,2025-06-05,,balad,0,1.7,True,2026_2025,Polls,2026_2025:1:26
2026_20250605_lazarb,2026,Lazar,Maariv,2025-06-05,,bennett_2026,27,,True,2026_2025,Polls,2026_2025:1:26
2026_20250605_lazarb,2026,Lazar,Maariv,2025-06-05,,blue_white,8,,True,2026_2025,Polls,2026_2025:1:26
2026_20250605_lazarb,2026,Lazar,Maariv,2025-06-05,,democrats,11,,True,2026_2025,Polls,2026_2025:1:26
2026_20250605_lazarb,2026,Lazar,Maariv,2025-06-05,,hadash_taal,4,,True,2026_2025,Polls,2026_2025:1:26
2026_20250605_lazarb,2026,Lazar,Maariv,2025-06-05,,likud,20,,True,2026_2025,Polls,2026_2025:1:26
2026_20250605_lazarb,2026,Lazar,Maariv,2025-06-05,,otzma,8,,True,2026_2025,Polls,2026_2025:1:26
2026_20250605_lazarb,2026,Lazar,Maariv,2025-06-05,,raam,6,,True,2026_2025,Polls,2026_2025:1:26
2026_20250605_lazarb,2026,Lazar,Maariv,2025-06-05,,rzp,0,2.6,True,2026_2025,Polls,2026_2025:1:26
2026_20250605_lazarb,2026,Lazar,Maariv,2025-06-05,,shas,9,,True,2026_2025,Polls,2026_2025:1:26
2026_20250605_lazarb,2026,Lazar,Maariv,2025-06-05,,utj,8,,True,2026_2025,Polls,2026_2025:1:26
2026_20250605_lazarb,2026,Lazar,Maariv,2025-06-05,,yesh_atid,9,,True,2026_2025,Polls,2026_2025:1:26
2026_20250605_lazarb,2026,Lazar,Maariv,2025-06-05,,yisrael_beytenu,10,,True,2026_2025,Polls,2026_2025:1:26
2026_20250605_lazarc,2026,Lazar,Maariv,2025-06-05,,bennett_2026,24,,True,2026_2025,Polls,2026_2025:1:27
2026_20250605_lazarc,2026,Lazar,Maariv,2025-06-05,,blue_white,7,,True,2026_2025,Polls,2026_2025:1:27
2026_20250605_lazarc,2026,Lazar,Maariv,2025-06-05,,democrats,11,,True,2026_2025,Polls,2026_2025:1:27
2026_20250605_lazarc,2026,Lazar,Maariv,2025-06-05,,hadash_taal,5,,True,2026_2025,Polls,2026_2025:1:27
2026_20250605_lazarc,2026,Lazar,Maariv,2025-06-05,,likud,19,,True,2026_2025,Polls,2026_2025:1:27
2026_20250605_lazarc,2026,Lazar,Maariv,2025-06-05,,otzma,8,,True,2026_2025,Polls,2026_2025:1:27
2026_20250605_lazarc,2026,Lazar,Maariv,2025-06-05,,raam,5,,True,2026_2025,Polls,2026_2025:1:27
2026_20250605_lazarc,2026,Lazar,Maariv,2025-06-05,,shas,9,,True,2026_2025,Polls,2026_2025:1:27
2026_20250605_lazarc,2026,Lazar,Maariv,2025-06-05,,utj,7,,True,2026_2025,Polls,2026_2025:1:27
2026_20250605_lazarc,2026,Lazar,Maariv,2025-06-05,,yesh_atid,7,,True,2026_2025,Polls,2026_2025:1:27
2026_20250605_lazarc,2026,Lazar,Maariv,2025-06-05,,yisrael_beytenu,9,,True,2026_2025,Polls,2026_2025:1:27
2026_20250605_lazarc,2026,Lazar,Maariv,2025-06-05,,zionist_home,9,,True,2026_2025,Polls,2026_2025:1:27
2026_20250611_maagarmochot,2026,Maagar Mochot,Channel 13,2025-06-11,,bennett_2026,27,,True,2026_2025,Polls,2026_2025:1:21
2026_20250611_maagarmochot,2026,Maagar Mochot,Channel 13,2025-06-11,,blue_white,7,,True,2026_2025,Polls,2026_2025:1:21
2026_20250611_maagarmochot,2026,Maagar Mochot,Channel 13,2025-06-11,,democrats,9,,True,2026_2025,Polls,2026_2025:1:21
2026_20250611_maagarmochot,2026,Maagar Mochot,Channel 13,2025-06-11,,hadash_taal,6,,True,2026_2025,Polls,2026_2025:1:21
2026_20250611_maagarmochot,2026,Maagar Mochot,Channel 13,2025-06-11,,likud,24,,True,2026_2025,Polls,2026_2025:1:21
2026_20250611_maagarmochot,2026,Maagar Mochot,Channel 13,2025-06-11,,otzma,9,,True,2026_2025,Polls,2026_2025:1:21
2026_20250611_maagarmochot,2026,Maagar Mochot,Channel 13,2025-06-11,,raam,5,,True,2026_2025,Polls,2026_2025:1:21
2026_20250611_maagarmochot,2026,Maagar Mochot,Channel 13,2025-06-11,,shas,10,,True,2026_2025,Polls,2026_2025:1:21
2026_20250611_maagarmochot,2026,Maagar Mochot,Channel 13,2025-06-11,,utj,7,,True,2026_2025,Polls,2026_2025:1:21
2026_20250611_maagarmochot,2026,Maagar Mochot,Channel 13,2025-06-11,,yesh_atid,8,,True,2026_2025,Polls,2026_2025:1:21
2026_20250611_maagarmochot,2026,Maagar Mochot,Channel 13,2025-06-11,,yisrael_beytenu,8,,True,2026_2025,Polls,2026_2025:1:21
2026_20250612_filbera,2026,Filber,Channel 14,2025-06-12,,balad,0,2.1,True,2026_2025,Polls,2026_2025:1:19
2026_20250612_filbera,2026,Filber,Channel 14,2025-06-12,,bennett_2026,14,,True,2026_2025,Polls,2026_2025:1:19
2026_20250612_filbera,2026,Filber,Channel 14,2025-06-12,,blue_white,6,,True,2026_2025,Polls,2026_2025:1:19
2026_20250612_filbera,2026,Filber,Channel 14,2025-06-12,,democrats,13,,True,2026_2025,Polls,2026_2025:1:19
2026_20250612_filbera,2026,Filber,Channel 14,2025-06-12,,hadash_taal,6,,True,2026_2025,Polls,2026_2025:1:19
2026_20250612_filbera,2026,Filber,Channel 14,2025-06-12,,likud,32,,True,2026_2025,Polls,2026_2025:1:19
2026_20250612_filbera,2026,Filber,Channel 14,2025-06-12,,otzma,6,,True,2026_2025,Polls,2026_2025:1:19
2026_20250612_filbera,2026,Filber,Channel 14,2025-06-12,,raam,5,,True,2026_2025,Polls,2026_2025:1:19
2026_20250612_filbera,2026,Filber,Channel 14,2025-06-12,,rzp,5,,True,2026_2025,Polls,2026_2025:1:19
2026_20250612_filbera,2026,Filber,Channel 14,2025-06-12,,shas,11,,True,2026_2025,Polls,2026_2025:1:19
2026_20250612_filbera,2026,Filber,Channel 14,2025-06-12,,utj,8,,True,2026_2025,Polls,2026_2025:1:19
2026_20250612_filbera,2026,Filber,Channel 14,2025-06-12,,yesh_atid,5,,True,2026_2025,Polls,2026_2025:1:19
2026_20250612_filbera,2026,Filber,Channel 14,2025-06-12,,yisrael_beytenu,9,,True,2026_2025,Polls,2026_2025:1:19
2026_20250612_filberb,2026,Filber,Channel 14,2025-06-12,,balad,0,2.2,True,2026_2025,Polls,2026_2025:1:20
2026_20250612_filberb,2026,Filber,Channel 14,2025-06-12,,blue_white,8,,True,2026_2025,Polls,2026_2025:1:20
2026_20250612_filberb,2026,Filber,Channel 14,2025-06-12,,democrats,15,,True,2026_2025,Polls,2026_2025:1:20
2026_20250612_filberb,2026,Filber,Channel 14,2025-06-12,,hadash_taal,6,,True,2026_2025,Polls,2026_2025:1:20
2026_20250612_filberb,2026,Filber,Channel 14,2025-06-12,,likud,33,,True,2026_2025,Polls,2026_2025:1:20
2026_20250612_filberb,2026,Filber,Channel 14,2025-06-12,,otzma,6,,True,2026_2025,Polls,2026_2025:1:20
2026_20250612_filberb,2026,Filber,Channel 14,2025-06-12,,raam,5,,True,2026_2025,Polls,2026_2025:1:20
2026_20250612_filberb,2026,Filber,Channel 14,2025-06-12,,rzp,5,,True,2026_2025,Polls,2026_2025:1:20
2026_20250612_filberb,2026,Filber,Channel 14,2025-06-12,,shas,11,,True,2026_2025,Polls,2026_2025:1:20
2026_20250612_filberb,2026,Filber,Channel 14,2025-06-12,,utj,8,,True,2026_2025,Polls,2026_2025:1:20
2026_20250612_filberb,2026,Filber,Channel 14,2025-06-12,,yesh_atid,6,,True,2026_2025,Polls,2026_2025:1:20
2026_20250612_filberb,2026,Filber,Channel 14,2025-06-12,,yisrael_beytenu,17,,True,2026_2025,Polls,2026_2025:1:20
2026_20250618_maagarmochot,2026,Maagar Mochot,Channel 13,2025-06-18,,balad,0,2.7,True,2026_2025,Polls,2026_2025:1:17
2026_20250618_maagarmochot,2026,Maagar Mochot,Channel 13,2025-06-18,,bennett_2026,24,,True,2026_2025,Polls,2026_2025:1:17
2026_20250618_maagarmochot,2026,Maagar Mochot,Channel 13,2025-06-18,,blue_white,7,,True,2026_2025,Polls,2026_2025:1:17
2026_20250618_maagarmochot,2026,Maagar Mochot,Channel 13,2025-06-18,,democrats,11,,True,2026_2025,Polls,2026_2025:1:17
2026_20250618_maagarmochot,2026,Maagar Mochot,Channel 13,2025-06-18,,hadash_taal,6,,True,2026_2025,Polls,2026_2025:1:17
2026_20250618_maagarmochot,2026,Maagar Mochot,Channel 13,2025-06-18,,likud,27,,True,2026_2025,Polls,2026_2025:1:17
2026_20250618_maagarmochot,2026,Maagar Mochot,Channel 13,2025-06-18,,otzma,6,,True,2026_2025,Polls,2026_2025:1:17
2026_20250618_maagarmochot,2026,Maagar Mochot,Channel 13,2025-06-18,,raam,4,,True,2026_2025,Polls,2026_2025:1:17
2026_20250618_maagarmochot,2026,Maagar Mochot,Channel 13,2025-06-18,,rzp,0,3.1,True,2026_2025,Polls,2026_2025:1:17
2026_20250618_maagarmochot,2026,Maagar Mochot,Channel 13,2025-06-18,,shas,10,,True,2026_2025,Polls,2026_2025:1:17
2026_20250618_maagarmochot,2026,Maagar Mochot,Channel 13,2025-06-18,,utj,7,,True,2026_2025,Polls,2026_2025:1:17
2026_20250618_maagarmochot,2026,Maagar Mochot,Channel 13,2025-06-18,,yesh_atid,7,,True,2026_2025,Polls,2026_2025:1:17
2026_20250618_maagarmochot,2026,Maagar Mochot,Channel 13,2025-06-18,,yisrael_beytenu,11,,True,2026_2025,Polls,2026_2025:1:17
2026_20250619_filbera,2026,Filber,Channel 14,2025-06-19,,balad,0,2.2,True,2026_2025,Polls,2026_2025:1:15
2026_20250619_filbera,2026,Filber,Channel 14,2025-06-19,,bennett_2026,16,,True,2026_2025,Polls,2026_2025:1:15
2026_20250619_filbera,2026,Filber,Channel 14,2025-06-19,,blue_white,6,,True,2026_2025,Polls,2026_2025:1:15
2026_20250619_filbera,2026,Filber,Channel 14,2025-06-19,,democrats,12,,True,2026_2025,Polls,2026_2025:1:15
2026_20250619_filbera,2026,Filber,Channel 14,2025-06-19,,hadash_taal,5,,True,2026_2025,Polls,2026_2025:1:15
2026_20250619_filbera,2026,Filber,Channel 14,2025-06-19,,likud,33,,True,2026_2025,Polls,2026_2025:1:15
2026_20250619_filbera,2026,Filber,Channel 14,2025-06-19,,otzma,6,,True,2026_2025,Polls,2026_2025:1:15
2026_20250619_filbera,2026,Filber,Channel 14,2025-06-19,,raam,5,,True,2026_2025,Polls,2026_2025:1:15
2026_20250619_filbera,2026,Filber,Channel 14,2025-06-19,,rzp,5,,True,2026_2025,Polls,2026_2025:1:15
2026_20250619_filbera,2026,Filber,Channel 14,2025-06-19,,shas,11,,True,2026_2025,Polls,2026_2025:1:15
2026_20250619_filbera,2026,Filber,Channel 14,2025-06-19,,utj,8,,True,2026_2025,Polls,2026_2025:1:15
2026_20250619_filbera,2026,Filber,Channel 14,2025-06-19,,yesh_atid,5,,True,2026_2025,Polls,2026_2025:1:15
2026_20250619_filbera,2026,Filber,Channel 14,2025-06-19,,yisrael_beytenu,8,,True,2026_2025,Polls,2026_2025:1:15
2026_20250619_filberb,2026,Filber,Channel 14,2025-06-19,,balad,0,2.4,True,2026_2025,Polls,2026_2025:1:16
2026_20250619_filberb,2026,Filber,Channel 14,2025-06-19,,blue_white,8,,True,2026_2025,Polls,2026_2025:1:16
2026_20250619_filberb,2026,Filber,Channel 14,2025-06-19,,democrats,15,,True,2026_2025,Polls,2026_2025:1:16
2026_20250619_filberb,2026,Filber,Channel 14,2025-06-19,,hadash_taal,5,,True,2026_2025,Polls,2026_2025:1:16
2026_20250619_filberb,2026,Filber,Channel 14,2025-06-19,,likud,36,,True,2026_2025,Polls,2026_2025:1:16
2026_20250619_filberb,2026,Filber,Channel 14,2025-06-19,,otzma,6,,True,2026_2025,Polls,2026_2025:1:16
2026_20250619_filberb,2026,Filber,Channel 14,2025-06-19,,raam,5,,True,2026_2025,Polls,2026_2025:1:16
2026_20250619_filberb,2026,Filber,Channel 14,2025-06-19,,rzp,4,,True,2026_2025,Polls,2026_2025:1:16
2026_20250619_filberb,2026,Filber,Channel 14,2025-06-19,,shas,11,,True,2026_2025,Polls,2026_2025:1:16
2026_20250619_filberb,2026,Filber,Channel 14,2025-06-19,,utj,8,,True,2026_2025,Polls,2026_2025:1:16
2026_20250619_filberb,2026,Filber,Channel 14,2025-06-19,,yesh_atid,7,,True,2026_2025,Polls,2026_2025:1:16
2026_20250619_filberb,2026,Filber,Channel 14,2025-06-19,,yisrael_beytenu,15,,True,2026_2025,Polls,2026_2025:1:16
2026_20250620_lazara,2026,Lazar,Maariv,2025-06-20,,balad,0,1.9,True,2026_2025,Polls,2026_2025:1:12
2026_20250620_lazara,2026,Lazar,Maariv,2025-06-20,,blue_white,13,,True,2026_2025,Polls,2026_2025:1:12
2026_20250620_lazara,2026,Lazar,Maariv,2025-06-20,,democrats,14,,True,2026_2025,Polls,2026_2025:1:12
2026_20250620_lazara,2026,Lazar,Maariv,2025-06-20,,hadash_taal,4,,True,2026_2025,Polls,2026_2025:1:12
2026_20250620_lazara,2026,Lazar,Maariv,2025-06-20,,likud,27,,True,2026_2025,Polls,2026_2025:1:12
2026_20250620_lazara,2026,Lazar,Maariv,2025-06-20,,otzma,6,,True,2026_2025,Polls,2026_2025:1:12
2026_20250620_lazara,2026,Lazar,Maariv,2025-06-20,,raam,6,,True,2026_2025,Polls,2026_2025:1:12
2026_20250620_lazara,2026,Lazar,Maariv,2025-06-20,,rzp,0,2.7,True,2026_2025,Polls,2026_2025:1:12
2026_20250620_lazara,2026,Lazar,Maariv,2025-06-20,,shas,10,,True,2026_2025,Polls,2026_2025:1:12
2026_20250620_lazara,2026,Lazar,Maariv,2025-06-20,,utj,8,,True,2026_2025,Polls,2026_2025:1:12
2026_20250620_lazara,2026,Lazar,Maariv,2025-06-20,,yesh_atid,13,,True,2026_2025,Polls,2026_2025:1:12
2026_20250620_lazara,2026,Lazar,Maariv,2025-06-20,,yisrael_beytenu,19,,True,2026_2025,Polls,2026_2025:1:12
2026_20250620_lazarb,2026,Lazar,Maariv,2025-06-20,,balad,0,2.0,True,2026_2025,Polls,2026_2025:1:13
2026_20250620_lazarb,2026,Lazar,Maariv,2025-06-20,,bennett_2026,24,,True,2026_2025,Polls,2026_2025:1:13
2026_20250620_lazarb,2026,Lazar,Maariv,2025-06-20,,blue_white,7,,True,2026_2025,Polls,2026_2025:1:13
2026_20250620_lazarb,2026,Lazar,Maariv,2025-06-20,,democrats,11,,True,2026_2025,Polls,2026_2025:1:13
2026_20250620_lazarb,2026,Lazar,Maariv,2025-06-20,,hadash_taal,4,,True,2026_2025,Polls,2026_2025:1:13
2026_20250620_lazarb,2026,Lazar,Maariv,2025-06-20,,likud,26,,True,2026_2025,Polls,2026_2025:1:13
2026_20250620_lazarb,2026,Lazar,Maariv,2025-06-20,,otzma,6,,True,2026_2025,Polls,2026_2025:1:13
2026_20250620_lazarb,2026,Lazar,Maariv,2025-06-20,,raam,6,,True,2026_2025,Polls,2026_2025:1:13
2026_20250620_lazarb,2026,Lazar,Maariv,2025-06-20,,rzp,0,3.0,True,2026_2025,Polls,2026_2025:1:13
2026_20250620_lazarb,2026,Lazar,Maariv,2025-06-20,,shas,10,,True,2026_2025,Polls,2026_2025:1:13
2026_20250620_lazarb,2026,Lazar,Maariv,2025-06-20,,utj,7,,True,2026_2025,Polls,2026_2025:1:13
2026_20250620_lazarb,2026,Lazar,Maariv,2025-06-20,,yesh_atid,9,,True,2026_2025,Polls,2026_2025:1:13
2026_20250620_lazarb,2026,Lazar,Maariv,2025-06-20,,yisrael_beytenu,10,,True,2026_2025,Polls,2026_2025:1:13
2026_20250620_lazarc,2026,Lazar,Maariv,2025-06-20,,balad,0,1.9,True,2026_2025,Polls,2026_2025:1:14
2026_20250620_lazarc,2026,Lazar,Maariv,2025-06-20,,bennett_2026,23,,True,2026_2025,Polls,2026_2025:1:14
2026_20250620_lazarc,2026,Lazar,Maariv,2025-06-20,,blue_white,6,,True,2026_2025,Polls,2026_2025:1:14
2026_20250620_lazarc,2026,Lazar,Maariv,2025-06-20,,democrats,11,,True,2026_2025,Polls,2026_2025:1:14
2026_20250620_lazarc,2026,Lazar,Maariv,2025-06-20,,hadash_taal,5,,True,2026_2025,Polls,2026_2025:1:14
2026_20250620_lazarc,2026,Lazar,Maariv,2025-06-20,,likud,24,,True,2026_2025,Polls,2026_2025:1:14
2026_20250620_lazarc,2026,Lazar,Maariv,2025-06-20,,otzma,5,,True,2026_2025,Polls,2026_2025:1:14
2026_20250620_lazarc,2026,Lazar,Maariv,2025-06-20,,raam,5,,True,2026_2025,Polls,2026_2025:1:14
2026_20250620_lazarc,2026,Lazar,Maariv,2025-06-20,,rzp,0,2.8,True,2026_2025,Polls,2026_2025:1:14
2026_20250620_lazarc,2026,Lazar,Maariv,2025-06-20,,shas,10,,True,2026_2025,Polls,2026_2025:1:14
2026_20250620_lazarc,2026,Lazar,Maariv,2025-06-20,,utj,7,,True,2026_2025,Polls,2026_2025:1:14
2026_20250620_lazarc,2026,Lazar,Maariv,2025-06-20,,yesh_atid,8,,True,2026_2025,Polls,2026_2025:1:14
2026_20250620_lazarc,2026,Lazar,Maariv,2025-06-20,,yisrael_beytenu,9,,True,2026_2025,Polls,2026_2025:1:14
2026_20250620_lazarc,2026,Lazar,Maariv,2025-06-20,,zionist_home,7,,True,2026_2025,Polls,2026_2025:1:14
2026_20250624_midgam,2026,Midgam,HaHadashot 12,2025-06-24,,balad,0,2.0,True,2026_2025,Polls,2026_2025:1:10
2026_20250624_midgam,2026,Midgam,HaHadashot 12,2025-06-24,,bennett_2026,24,,True,2026_2025,Polls,2026_2025:1:10
2026_20250624_midgam,2026,Midgam,HaHadashot 12,2025-06-24,,blue_white,7,,True,2026_2025,Polls,2026_2025:1:10
2026_20250624_midgam,2026,Midgam,HaHadashot 12,2025-06-24,,democrats,12,,True,2026_2025,Polls,2026_2025:1:10
2026_20250624_midgam,2026,Midgam,HaHadashot 12,2025-06-24,,hadash_taal,5,,True,2026_2025,Polls,2026_2025:1:10
2026_20250624_midgam,2026,Midgam,HaHadashot 12,2025-06-24,,likud,26,,True,2026_2025,Polls,2026_2025:1:10
2026_20250624_midgam,2026,Midgam,HaHadashot 12,2025-06-24,,otzma,6,,True,2026_2025,Polls,2026_2025:1:10
2026_20250624_midgam,2026,Midgam,HaHadashot 12,2025-06-24,,raam,5,,True,2026_2025,Polls,2026_2025:1:10
2026_20250624_midgam,2026,Midgam,HaHadashot 12,2025-06-24,,rzp,0,2.0,True,2026_2025,Polls,2026_2025:1:10
2026_20250624_midgam,2026,Midgam,HaHadashot 12,2025-06-24,,shas,9,,True,2026_2025,Polls,2026_2025:1:10
2026_20250624_midgam,2026,Midgam,HaHadashot 12,2025-06-24,,utj,8,,True,2026_2025,Polls,2026_2025:1:10
2026_20250624_midgam,2026,Midgam,HaHadashot 12,2025-06-24,,yesh_atid,9,,True,2026_2025,Polls,2026_2025:1:10
2026_20250624_midgam,2026,Midgam,HaHadashot 12,2025-06-24,,yisrael_beytenu,9,,True,2026_2025,Polls,2026_2025:1:10
2026_20250624_tatika,2026,Tatika,Zman Israel,2025-06-24,,bennett_2026,23,,True,2026_2025,Polls,2026_2025:1:11
2026_20250624_tatika,2026,Tatika,Zman Israel,2025-06-24,,blue_white,8,,True,2026_2025,Polls,2026_2025:1:11
2026_20250624_tatika,2026,Tatika,Zman Israel,2025-06-24,,democrats,10,,True,2026_2025,Polls,2026_2025:1:11
2026_20250624_tatika,2026,Tatika,Zman Israel,2025-06-24,,hadash_taal,5,,True,2026_2025,Polls,2026_2025:1:11
2026_20250624_tatika,2026,Tatika,Zman Israel,2025-06-24,,likud,28,,True,2026_2025,Polls,2026_2025:1:11
2026_20250624_tatika,2026,Tatika,Zman Israel,2025-06-24,,otzma,6,,True,2026_2025,Polls,2026_2025:1:11
2026_20250624_tatika,2026,Tatika,Zman Israel,2025-06-24,,raam,6,,True,2026_2025,Polls,2026_2025:1:11
2026_20250624_tatika,2026,Tatika,Zman Israel,2025-06-24,,shas,11,,True,2026_2025,Polls,2026_2025:1:11
2026_20250624_tatika,2026,Tatika,Zman Israel,2025-06-24,,utj,7,,True,2026_2025,Polls,2026_2025:1:11
2026_20250624_tatika,2026,Tatika,Zman Israel,2025-06-24,,yesh_atid,6,,True,2026_2025,Polls,2026_2025:1:11
2026_20250624_tatika,2026,Tatika,Zman Israel,2025-06-24,,yisrael_beytenu,10,,True,2026_2025,Polls,2026_2025:1:11
2026_20250625_kantara,2026,Kantar,Kan 11,2025-06-25,,balad,0,2.1,True,2026_2025,Polls,2026_2025:1:7
2026_20250625_kantara,2026,Kantar,Kan 11,2025-06-25,,bennett_2026,24,,True,2026_2025,Polls,2026_2025:1:7
2026_20250625_kantara,2026,Kantar,Kan 11,2025-06-25,,blue_white,7,,True,2026_2025,Polls,2026_2025:1:7
2026_20250625_kantara,2026,Kantar,Kan 11,2025-06-25,,democrats,9,,True,2026_2025,Polls,2026_2025:1:7
2026_20250625_kantara,2026,Kantar,Kan 11,2025-06-25,,hadash_taal,5,,True,2026_2025,Polls,2026_2025:1:7
2026_20250625_kantara,2026,Kantar,Kan 11,2025-06-25,,likud,28,,True,2026_2025,Polls,2026_2025:1:7
2026_20250625_kantara,2026,Kantar,Kan 11,2025-06-25,,otzma,7,,True,2026_2025,Polls,2026_2025:1:7
2026_20250625_kantara,2026,Kantar,Kan 11,2025-06-25,,raam,6,,True,2026_2025,Polls,2026_2025:1:7
2026_20250625_kantara,2026,Kantar,Kan 11,2025-06-25,,rzp,0,1.8,True,2026_2025,Polls,2026_2025:1:7
2026_20250625_kantara,2026,Kantar,Kan 11,2025-06-25,,shas,9,,True,2026_2025,Polls,2026_2025:1:7
2026_20250625_kantara,2026,Kantar,Kan 11,2025-06-25,,utj,7,,True,2026_2025,Polls,2026_2025:1:7
2026_20250625_kantara,2026,Kantar,Kan 11,2025-06-25,,yesh_atid,8,,True,2026_2025,Polls,2026_2025:1:7
2026_20250625_kantara,2026,Kantar,Kan 11,2025-06-25,,yisrael_beytenu,10,,True,2026_2025,Polls,2026_2025:1:7
2026_20250625_kantarb,2026,Kantar,Kan 11,2025-06-25,,balad,0,2.1,True,2026_2025,Polls,2026_2025:1:8
2026_20250625_kantarb,2026,Kantar,Kan 11,2025-06-25,,blue_white,13,,True,2026_2025,Polls,2026_2025:1:8
2026_20250625_kantarb,2026,Kantar,Kan 11,2025-06-25,,democrats,11,,True,2026_2025,Polls,2026_2025:1:8
2026_20250625_kantarb,2026,Kantar,Kan 11,2025-06-25,,hadash_taal,5,,True,2026_2025,Polls,2026_2025:1:8
2026_20250625_kantarb,2026,Kantar,Kan 11,2025-06-25,,likud,31,,True,2026_2025,Polls,2026_2025:1:8
2026_20250625_kantarb,2026,Kantar,Kan 11,2025-06-25,,otzma,7,,True,2026_2025,Polls,2026_2025:1:8
2026_20250625_kantarb,2026,Kantar,Kan 11,2025-06-25,,raam,6,,True,2026_2025,Polls,2026_2025:1:8
2026_20250625_kantarb,2026,Kantar,Kan 11,2025-06-25,,rzp,0,2.2,True,2026_2025,Polls,2026_2025:1:8
2026_20250625_kantarb,2026,Kantar,Kan 11,2025-06-25,,shas,10,,True,2026_2025,Polls,2026_2025:1:8
2026_20250625_kantarb,2026,Kantar,Kan 11,2025-06-25,,utj,8,,True,2026_2025,Polls,2026_2025:1:8
2026_20250625_kantarb,2026,Kantar,Kan 11,2025-06-25,,yesh_atid,14,,True,2026_2025,Polls,2026_2025:1:8
2026_20250625_kantarb,2026,Kantar,Kan 11,2025-06-25,,yisrael_beytenu,15,,True,2026_2025,Polls,2026_2025:1:8
2026_20250625_lazar,2026,Lazar,Walla,2025-06-25,,bennett_2026,24,,False,2026_2025,Polls,2026_2025:1:9
2026_20250625_lazar,2026,Lazar,Walla,2025-06-25,,blue_white,8,,False,2026_2025,Polls,2026_2025:1:9
2026_20250625_lazar,2026,Lazar,Walla,2025-06-25,,democrats,11,,False,2026_2025,Polls,2026_2025:1:9
2026_20250625_lazar,2026,Lazar,Walla,2025-06-25,,hadash_taal,5,,False,2026_2025,Polls,2026_2025:1:9
2026_20250625_lazar,2026,Lazar,Walla,2025-06-25,,likud,26,,False,2026_2025,Polls,2026_2025:1:9
2026_20250625_lazar,2026,Lazar,Walla,2025-06-25,,otzma,6,,False,2026_2025,Polls,2026_2025:1:9
2026_20250625_lazar,2026,Lazar,Walla,2025-06-25,,raam,5,,False,2026_2025,Polls,2026_2025:1:9
2026_20250625_lazar,2026,Lazar,Walla,2025-06-25,,shas,9,,False,2026_2025,Polls,2026_2025:1:9
2026_20250625_lazar,2026,Lazar,Walla,2025-06-25,,utj,7,,False,2026_2025,Polls,2026_2025:1:9
2026_20250625_lazar,2026,Lazar,Walla,2025-06-25,,yesh_atid,8,,False,2026_2025,Polls,2026_2025:1:9
2026_20250625_lazar,2026,Lazar,Walla,2025-06-25,,yisrael_beytenu,10,,False,2026_2025,Polls,2026_2025:1:9
2026_20250626_directpolls,2026,Direct Polls,i24 News,2025-06-26,,bennett_2026,17,,True,2026_2025,Polls,2026_2025:1:2
2026_20250626_directpolls,2026,Direct Polls,i24 News,2025-06-26,,blue_white,5,,True,2026_2025,Polls,2026_2025:1:2
2026_20250626_directpolls,2026,Direct Polls,i24 News,2025-06-26,,democrats,13,,True,2026_2025,Polls,2026_2025:1:2
2026_20250626_directpolls,2026,Direct Polls,i24 News,2025-06-26,,hadash_taal,5,,True,2026_2025,Polls,2026_2025:1:2
2026_20250626_directpolls,2026,Direct Polls,i24 News,2025-06-26,,likud,33,,True,2026_2025,Polls,2026_2025:1:2
2026_20250626_directpolls,2026,Direct Polls,i24 News,2025-06-26,,otzma,6,,True,2026_2025,Polls,2026_2025:1:2
2026_20250626_directpolls,2026,Direct Polls,i24 News,2025-06-26,,raam,5,,True,2026_2025,Polls,2026_2025:1:2
2026_20250626_directpolls,2026,Direct Polls,i24 News,2025-06-26,,rzp,4,,True,2026_2025,Polls,2026_2025:1:2
2026_20250626_directpolls,2026,Direct Polls,i24 News,2025-06-26,,shas,11,,True,2026_2025,Polls,2026_2025:1:2
2026_20250626_directpolls,2026,Direct Polls,i24 News,2025-06-26,,utj,8,,True,2026_2025,Polls,2026_2025:1:2
2026_20250626_directpolls,2026,Direct Polls,i24 News,2025-06-26,,yesh_atid,4,,True,2026_2025,Polls,2026_2025:1:2
2026_20250626_directpolls,2026,Direct Polls,i24 News,2025-06-26,,yisrael_beytenu,9,,True,2026_2025,Polls,2026_2025:1:2
2026_20250626_filbera,2026,Filber,Channel 14,2025-06-26,,balad,0,2.1,True,2026_2025,Polls,2026_2025:1:3
2026_20250626_filbera,2026,Filber,Channel 14,2025-06-26,,bennett_2026,15,,True,2026_2025,Polls,2026_2025:1:3
2026_20250626_filbera,2026,Filber,Channel 14,2025-06-26,,blue_white,6,,True,2026_2025,Polls,2026_2025:1:3
2026_20250626_filbera,2026,Filber,Channel 14,2025-06-26,,democrats,11,,True,2026_2025,Polls,2026_2025:1:3
2026_20250626_filbera,2026,Filber,Channel 14,2025-06-26,,hadash_taal,5,,True,2026_2025,Polls,2026_2025:1:3
2026_20250626_filbera,2026,Filber,Channel 14,2025-06-26,,likud,33,,True,2026_2025,Polls,2026_2025:1:3
2026_20250626_filbera,2026,Filber,Channel 14,2025-06-26,,otzma,6,,True,2026_2025,Polls,2026_2025:1:3
2026_20250626_filbera,2026,Filber,Channel 14,2025-06-26,,raam,5,,True,2026_2025,Polls,2026_2025:1:3
2026_20250626_filbera,2026,Filber,Channel 14,2025-06-26,,rzp,5,,True,2026_2025,Polls,2026_2025:1:3
2026_20250626_filbera,2026,Filber,Channel 14,2025-06-26,,shas,11,,True,2026_2025,Polls,2026_2025:1:3
2026_20250626_filbera,2026,Filber,Channel 14,2025-06-26,,utj,8,,True,2026_2025,Polls,2026_2025:1:3
2026_20250626_filbera,2026,Filber,Channel 14,2025-06-26,,yesh_atid,5,,True,2026_2025,Polls,2026_2025:1:3
2026_20250626_filbera,2026,Filber,Channel 14,2025-06-26,,yisrael_beytenu,10,,True,2026_2025,Polls,2026_2025:1:3
2026_20250626_filberb,2026,Filber,Channel 14,2025-06-26,,balad,0,2.4,True,2026_2025,Polls,2026_2025:1:4
2026_20250626_filberb,2026,Filber,Channel 14,2025-06-26,,blue_white,8,,True,2026_2025,Polls,2026_2025:1:4
2026_20250626_filberb,2026,Filber,Channel 14,2025-06-26,,democrats,14,,True,2026_2025,Polls,2026_2025:1:4
2026_20250626_filberb,2026,Filber,Channel 14,2025-06-26,,hadash_taal,5,,True,2026_2025,Polls,2026_2025:1:4
2026_20250626_filberb,2026,Filber,Channel 14,2025-06-26,,likud,36,,True,2026_2025,Polls,2026_2025:1:4
2026_20250626_filberb,2026,Filber,Channel 14,2025-06-26,,otzma,6,,True,2026_2025,Polls,2026_2025:1:4
2026_20250626_filberb,2026,Filber,Channel 14,2025-06-26,,raam,5,,True,2026_2025,Polls,2026_2025:1:4
2026_20250626_filberb,2026,Filber,Channel 14,2025-06-26,,rzp,4,,True,2026_2025,Polls,2026_2025:1:4
2026_20250626_filberb,2026,Filber,Channel 14,2025-06-26,,shas,11,,True,2026_2025,Polls,2026_2025:1:4
2026_20250626_filberb,2026,Filber,Channel 14,2025-06-26,,utj,8,,True,2026_2025,Polls,2026_2025:1:4
2026_20250626_filberb,2026,Filber,Channel 14,2025-06-26,,yesh_atid,7,,True,2026_2025,Polls,2026_2025:1:4
2026_20250626_filberb,2026,Filber,Channel 14,2025-06-26,,yisrael_beytenu,16,,True,2026_2025,Polls,2026_2025:1:4
2026_20250626_lazara,2026,Lazar,Maariv,2025-06-26,,balad,0,1.5,True,2026_2025,Polls,2026_2025:1:5
2026_20250626_lazara,2026,Lazar,Maariv,2025-06-26,,bennett_2026,25,,True,2026_2025,Polls,2026_2025:1:5
2026_20250626_lazara,2026,Lazar,Maariv,2025-06-26,,blue_white,8,,True,2026_2025,Polls,2026_2025:1:5
2026_20250626_lazara,2026,Lazar,Maariv,2025-06-26,,democrats,11,,True,2026_2025,Polls,2026_2025:1:5
2026_20250626_lazara,2026,Lazar,Maariv,2025-06-26,,hadash_taal,5,,True,2026_2025,Polls,2026_2025:1:5
2026_20250626_lazara,2026,Lazar,Maariv,2025-06-26,,likud,25,,True,2026_2025,Polls,2026_2025:1:5
2026_20250626_lazara,2026,Lazar,Maariv,2025-06-26,,otzma,7,,True,2026_2025,Polls,2026_2025:1:5
2026_20250626_lazara,2026,Lazar,Maariv,2025-06-26,,raam,6,,True,2026_2025,Polls,2026_2025:1:5
2026_20250626_lazara,2026,Lazar,Maariv,2025-06-26,,rzp,0,2.9,True,2026_2025,Polls,2026_2025:1:5
2026_20250626_lazara,2026,Lazar,Maariv,2025-06-26,,shas,9,,True,2026_2025,Polls,2026_2025:1:5
2026_20250626_lazara,2026,Lazar,Maariv,2025-06-26,,utj,7,,True,2026_2025,Polls,2026_2025:1:5
2026_20250626_lazara,2026,Lazar,Maariv,2025-06-26,,yesh_atid,8,,True,2026_2025,Polls,2026_2025:1:5
2026_20250626_lazara,2026,Lazar,Maariv,2025-06-26,,yisrael_beytenu,9,,True,2026_2025,Polls,2026_2025:1:5
2026_20250626_lazarb,2026,Lazar,Maariv,2025-06-26,,balad,0,1.5,True,2026_2025,Polls,2026_2025:1:6
2026_20250626_lazarb,2026,Lazar,Maariv,2025-06-26,,bennett_2026,22,,True,2026_2025,Polls,2026_2025:1:6
2026_20250626_lazarb,2026,Lazar,Maariv,2025-06-26,,blue_white,7,,True,2026_2025,Polls,2026_2025:1:6
2026_20250626_lazarb,2026,Lazar,Maariv,2025-06-26,,democrats,10,,True,2026_2025,Polls,2026_2025:1:6
2026_20250626_lazarb,2026,Lazar,Maariv,2025-06-26,,hadash_taal,5,,True,2026_2025,Polls,2026_2025:1:6
2026_20250626_lazarb,2026,Lazar,Maariv,2025-06-26,,likud,23,,True,2026_2025,Polls,2026_2025:1:6
2026_20250626_lazarb,2026,Lazar,Maariv,2025-06-26,,otzma,7,,True,2026_2025,Polls,2026_2025:1:6
2026_20250626_lazarb,2026,Lazar,Maariv,2025-06-26,,raam,5,,True,2026_2025,Polls,2026_2025:1:6
2026_20250626_lazarb,2026,Lazar,Maariv,2025-06-26,,rzp,0,2.7,True,2026_2025,Polls,2026_2025:1:6
2026_20250626_lazarb,2026,Lazar,Maariv,2025-06-26,,shas,9,,True,2026_2025,Polls,2026_2025:1:6
2026_20250626_lazarb,2026,Lazar,Maariv,2025-06-26,,utj,7,,True,2026_2025,Polls,2026_2025:1:6
2026_20250626_lazarb,2026,Lazar,Maariv,2025-06-26,,yesh_atid,8,,True,2026_2025,Polls,2026_2025:1:6
2026_20250626_lazarb,2026,Lazar,Maariv,2025-06-26,,yisrael_beytenu,9,,True,2026_2025,Polls,2026_2025:1:6
2026_20250626_lazarb,2026,Lazar,Maariv,2025-06-26,,zionist_home,8,,True,2026_2025,Polls,2026_2025:1:6
2026_20250701_maagarmochota,2026,Maagar Mochot,Channel 13,2025-07-01,,balad,0,3.1,True,2026_2025,Polls,2026_2025:0:141
2026_20250701_maagarmochota,2026,Maagar Mochot,Channel 13,2025-07-01,,bennett_2026,23,,True,2026_2025,Polls,2026_2025:0:141
2026_20250701_maagarmochota,2026,Maagar Mochot,Channel 13,2025-07-01,,blue_white,4,,True,2026_2025,Polls,2026_2025:0:141
2026_20250701_maagarmochota,2026,Maagar Mochot,Channel 13,2025-07-01,,democrats,10,,True,2026_2025,Polls,2026_2025:0:141
2026_20250701_maagarmochota,2026,Maagar Mochot,Channel 13,2025-07-01,,hadash_taal,5,,True,2026_2025,Polls,2026_2025:0:141
2026_20250701_maagarmochota,2026,Maagar Mochot,Channel 13,2025-07-01,,likud,25,,True,2026_2025,Polls,2026_2025:0:141
2026_20250701_maagarmochota,2026,Maagar Mochot,Channel 13,2025-07-01,,otzma,7,,True,2026_2025,Polls,2026_2025:0:141
2026_20250701_maagarmochota,2026,Maagar Mochot,Channel 13,2025-07-01,,raam,5,,True,2026_2025,Polls,2026_2025:0:141
2026_20250701_maagarmochota,2026,Maagar Mochot,Channel 13,2025-07-01,,rzp,4,,True,2026_2025,Polls,2026_2025:0:141
2026_20250701_maagarmochota,2026,Maagar Mochot,Channel 13,2025-07-01,,shas,10,,True,2026_2025,Polls,2026_2025:0:141
2026_20250701_maagarmochota,2026,Maagar Mochot,Channel 13,2025-07-01,,utj,7,,True,2026_2025,Polls,2026_2025:0:141
2026_20250701_maagarmochota,2026,Maagar Mochot,Channel 13,2025-07-01,,yesh_atid,8,,True,2026_2025,Polls,2026_2025:0:141
2026_20250701_maagarmochota,2026,Maagar Mochot,Channel 13,2025-07-01,,yisrael_beytenu,12,,True,2026_2025,Polls,2026_2025:0:141
2026_20250701_maagarmochotb,2026,Maagar Mochot,Channel 13,2025-07-01,,bennett_2026,21,,True,2026_2025,Polls,2026_2025:0:142
2026_20250701_maagarmochotb,2026,Maagar Mochot,Channel 13,2025-07-01,,blue_white,0,2.4,True,2026_2025,Polls,2026_2025:0:142
2026_20250701_maagarmochotb,2026,Maagar Mochot,Channel 13,2025-07-01,,democrats,9,,True,2026_2025,Polls,2026_2025:0:142
2026_20250701_maagarmochotb,2026,Maagar Mochot,Channel 13,2025-07-01,,hadash_taal,5,,True,2026_2025,Polls,2026_2025:0:142
2026_20250701_maagarmochotb,2026,Maagar Mochot,Channel 13,2025-07-01,,likud,25,,True,2026_2025,Polls,2026_2025:0:142
2026_20250701_maagarmochotb,2026,Maagar Mochot,Channel 13,2025-07-01,,otzma,8,,True,2026_2025,Polls,2026_2025:0:142
2026_20250701_maagarmochotb,2026,Maagar Mochot,Channel 13,2025-07-01,,raam,5,,True,2026_2025,Polls,2026_2025:0:142
2026_20250701_maagarmochotb,2026,Maagar Mochot,Channel 13,2025-07-01,,rzp,4,,True,2026_2025,Polls,2026_2025:0:142
2026_20250701_maagarmochotb,2026,Maagar Mochot,Channel 13,2025-07-01,,shas,10,,True,2026_2025,Polls,2026_2025:0:142
2026_20250701_maagarmochotb,2026,Maagar Mochot,Channel 13,2025-07-01,,utj,7,,True,2026_2025,Polls,2026_2025:0:142
2026_20250701_maagarmochotb,2026,Maagar Mochot,Channel 13,2025-07-01,,yashar,9,,True,2026_2025,Polls,2026_2025:0:142
2026_20250701_maagarmochotb,2026,Maagar Mochot,Channel 13,2025-07-01,,yesh_atid,7,,True,2026_2025,Polls,2026_2025:0:142
2026_20250701_maagarmochotb,2026,Maagar Mochot,Channel 13,2025-07-01,,yisrael_beytenu,10,,True,2026_2025,Polls,2026_2025:0:142
2026_20250701_midgama,2026,Midgam,HaHadashot 12,2025-07-01,,balad,0,2.0,True,2026_2025,Polls,2026_2025:0:143
2026_20250701_midgama,2026,Midgam,HaHadashot 12,2025-07-01,,bennett_2026,24,,True,2026_2025,Polls,2026_2025:0:143
2026_20250701_midgama,2026,Midgam,HaHadashot 12,2025-07-01,,blue_white,6,,True,2026_2025,Polls,2026_2025:0:143
2026_20250701_midgama,2026,Midgam,HaHadashot 12,2025-07-01,,democrats,12,,True,2026_2025,Polls,2026_2025:0:143
2026_20250701_midgama,2026,Midgam,HaHadashot 12,2025-07-01,,hadash_taal,5,,True,2026_2025,Polls,2026_2025:0:143
2026_20250701_midgama,2026,Midgam,HaHadashot 12,2025-07-01,,likud,26,,True,2026_2025,Polls,2026_2025:0:143
2026_20250701_midgama,2026,Midgam,HaHadashot 12,2025-07-01,,otzma,6,,True,2026_2025,Polls,2026_2025:0:143
2026_20250701_midgama,2026,Midgam,HaHadashot 12,2025-07-01,,raam,5,,True,2026_2025,Polls,2026_2025:0:143
2026_20250701_midgama,2026,Midgam,HaHadashot 12,2025-07-01,,rzp,0,1.9,True,2026_2025,Polls,2026_2025:0:143
2026_20250701_midgama,2026,Midgam,HaHadashot 12,2025-07-01,,shas,9,,True,2026_2025,Polls,2026_2025:0:143
2026_20250701_midgama,2026,Midgam,HaHadashot 12,2025-07-01,,utj,8,,True,2026_2025,Polls,2026_2025:0:143
2026_20250701_midgama,2026,Midgam,HaHadashot 12,2025-07-01,,yesh_atid,9,,True,2026_2025,Polls,2026_2025:0:143
2026_20250701_midgama,2026,Midgam,HaHadashot 12,2025-07-01,,yisrael_beytenu,10,,True,2026_2025,Polls,2026_2025:0:143
2026_20250701_midgamb,2026,Midgam,HaHadashot 12,2025-07-01,,balad,0,2.0,True,2026_2025,Polls,2026_2025:0:144
2026_20250701_midgamb,2026,Midgam,HaHadashot 12,2025-07-01,,bennett_2026,22,,True,2026_2025,Polls,2026_2025:0:144
2026_20250701_midgamb,2026,Midgam,HaHadashot 12,2025-07-01,,blue_white,5,,True,2026_2025,Polls,2026_2025:0:144
2026_20250701_midgamb,2026,Midgam,HaHadashot 12,2025-07-01,,democrats,10,,True,2026_2025,Polls,2026_2025:0:144
2026_20250701_midgamb,2026,Midgam,HaHadashot 12,2025-07-01,,hadash_taal,5,,True,2026_2025,Polls,2026_2025:0:144
2026_20250701_midgamb,2026,Midgam,HaHadashot 12,2025-07-01,,likud,26,,True,2026_2025,Polls,2026_2025:0:144
2026_20250701_midgamb,2026,Midgam,HaHadashot 12,2025-07-01,,otzma,6,,True,2026_2025,Polls,2026_2025:0:144
2026_20250701_midgamb,2026,Midgam,HaHadashot 12,2025-07-01,,raam,5,,True,2026_2025,Polls,2026_2025:0:144
2026_20250701_midgamb,2026,Midgam,HaHadashot 12,2025-07-01,,rzp,0,2.0,True,2026_2025,Polls,2026_2025:0:144
2026_20250701_midgamb,2026,Midgam,HaHadashot 12,2025-07-01,,shas,9,,True,2026_2025,Polls,2026_2025:0:144
2026_20250701_midgamb,2026,Midgam,HaHadashot 12,2025-07-01,,utj,8,,True,2026_2025,Polls,2026_2025:0:144
2026_20250701_midgamb,2026,Midgam,HaHadashot 12,2025-07-01,,yashar,8,,True,2026_2025,Polls,2026_2025:0:144
2026_20250701_midgamb,2026,Midgam,HaHadashot 12,2025-07-01,,yesh_atid,7,,True,2026_2025,Polls,2026_2025:0:144
2026_20250701_midgamb,2026,Midgam,HaHadashot 12,2025-07-01,,yisrael_beytenu,9,,True,2026_2025,Polls,2026_2025:0:144
2026_20250701_tatika,2026,Tatika,Zman Israel,2025-07-01,,bennett_2026,25,,True,2026_2025,Polls,2026_2025:0:140
2026_20250701_tatika,2026,Tatika,Zman Israel,2025-07-01,,blue_white,4,,True,2026_2025,Polls,2026_2025:0:140
2026_20250701_tatika,2026,Tatika,Zman Israel,2025-07-01,,democrats,8,,True,2026_2025,Polls,2026_2025:0:140
2026_20250701_tatika,2026,Tatika,Zman Israel,2025-07-01,,hadash_taal,5,,True,2026_2025,Polls,2026_2025:0:140
2026_20250701_tatika,2026,Tatika,Zman Israel,2025-07-01,,likud,29,,True,2026_2025,Polls,2026_2025:0:140
2026_20250701_tatika,2026,Tatika,Zman Israel,2025-07-01,,otzma,6,,True,2026_2025,Polls,2026_2025:0:140
2026_20250701_tatika,2026,Tatika,Zman Israel,2025-07-01,,raam,5,,True,2026_2025,Polls,2026_2025:0:140
2026_20250701_tatika,2026,Tatika,Zman Israel,2025-07-01,,shas,10,,True,2026_2025,Polls,2026_2025:0:140
2026_20250701_tatika,2026,Tatika,Zman Israel,2025-07-01,,utj,7,,True,2026_2025,Polls,2026_2025:0:140
2026_20250701_tatika,2026,Tatika,Zman Israel,2025-07-01,,yashar,7,,True,2026_2025,Polls,2026_2025:0:140
2026_20250701_tatika,2026,Tatika,Zman Israel,2025-07-01,,yesh_atid,6,,True,2026_2025,Polls,2026_2025:0:140
2026_20250701_tatika,2026,Tatika,Zman Israel,2025-07-01,,yisrael_beytenu,8,,True,2026_2025,Polls,2026_2025:0:140
2026_20250703_filbera,2026,Filber,Channel 14,2025-07-03,,balad,0,2.2,True,2026_2025,Polls,2026_2025:0:135
2026_20250703_filbera,2026,Filber,Channel 14,2025-07-03,,bennett_2026,14,,True,2026_2025,Polls,2026_2025:0:135
2026_20250703_filbera,2026,Filber,Channel 14,2025-07-03,,blue_white,5,,True,2026_2025,Polls,2026_2025:0:135
2026_20250703_filbera,2026,Filber,Channel 14,2025-07-03,,democrats,11,,True,2026_2025,Polls,2026_2025:0:135
2026_20250703_filbera,2026,Filber,Channel 14,2025-07-03,,hadash_taal,5,,True,2026_2025,Polls,2026_2025:0:135
2026_20250703_filbera,2026,Filber,Channel 14,2025-07-03,,likud,34,,True,2026_2025,Polls,2026_2025:0:135
2026_20250703_filbera,2026,Filber,Channel 14,2025-07-03,,otzma,6,,True,2026_2025,Polls,2026_2025:0:135
2026_20250703_filbera,2026,Filber,Channel 14,2025-07-03,,raam,6,,True,2026_2025,Polls,2026_2025:0:135
2026_20250703_filbera,2026,Filber,Channel 14,2025-07-03,,rzp,5,,True,2026_2025,Polls,2026_2025:0:135
2026_20250703_filbera,2026,Filber,Channel 14,2025-07-03,,shas,10,,True,2026_2025,Polls,2026_2025:0:135
2026_20250703_filbera,2026,Filber,Channel 14,2025-07-03,,utj,8,,True,2026_2025,Polls,2026_2025:0:135
2026_20250703_filbera,2026,Filber,Channel 14,2025-07-03,,yesh_atid,5,,True,2026_2025,Polls,2026_2025:0:135
2026_20250703_filbera,2026,Filber,Channel 14,2025-07-03,,yisrael_beytenu,11,,True,2026_2025,Polls,2026_2025:0:135
2026_20250703_filberb,2026,Filber,Channel 14,2025-07-03,,balad,0,2.5,True,2026_2025,Polls,2026_2025:0:136
2026_20250703_filberb,2026,Filber,Channel 14,2025-07-03,,blue_white,6,,True,2026_2025,Polls,2026_2025:0:136
2026_20250703_filberb,2026,Filber,Channel 14,2025-07-03,,democrats,17,,True,2026_2025,Polls,2026_2025:0:136
2026_20250703_filberb,2026,Filber,Channel 14,2025-07-03,,hadash_taal,5,,True,2026_2025,Polls,2026_2025:0:136
2026_20250703_filberb,2026,Filber,Channel 14,2025-07-03,,likud,35,,True,2026_2025,Polls,2026_2025:0:136
2026_20250703_filberb,2026,Filber,Channel 14,2025-07-03,,otzma,6,,True,2026_2025,Polls,2026_2025:0:136
2026_20250703_filberb,2026,Filber,Channel 14,2025-07-03,,raam,6,,True,2026_2025,Polls,2026_2025:0:136
2026_20250703_filberb,2026,Filber,Channel 14,2025-07-03,,rzp,5,,True,2026_2025,Polls,2026_2025:0:136
2026_20250703_filberb,2026,Filber,Channel 14,2025-07-03,,shas,11,,True,2026_2025,Polls,2026_2025:0:136
2026_20250703_filberb,2026,Filber,Channel 14,2025-07-03,,utj,8,,True,2026_2025,Polls,2026_2025:0:136
2026_20250703_filberb,2026,Filber,Channel 14,2025-07-03,,yesh_atid,7,,True,2026_2025,Polls,2026_2025:0:136
2026_20250703_filberb,2026,Filber,Channel 14,2025-07-03,,yisrael_beytenu,14,,True,2026_2025,Polls,2026_2025:0:136
2026_20250703_lazara,2026,Lazar,Maariv,2025-07-03,,balad,0,1.9,True,2026_2025,Polls,2026_2025:0:137
2026_20250703_lazara,2026,Lazar,Maariv,2025-07-03,,bennett_2026,24,,True,2026_2025,Polls,2026_2025:0:137
2026_20250703_lazara,2026,Lazar,Maariv,2025-07-03,,blue_white,6,,True,2026_2025,Polls,2026_2025:0:137
2026_20250703_lazara,2026,Lazar,Maariv,2025-07-03,,democrats,11,,True,2026_2025,Polls,2026_2025:0:137
2026_20250703_lazara,2026,Lazar,Maariv,2025-07-03,,hadash_taal,5,,True,2026_2025,Polls,2026_2025:0:137
2026_20250703_lazara,2026,Lazar,Maariv,2025-07-03,,likud,27,,True,2026_2025,Polls,2026_2025:0:137
2026_20250703_lazara,2026,Lazar,Maariv,2025-07-03,,otzma,7,,True,2026_2025,Polls,2026_2025:0:137
2026_20250703_lazara,2026,Lazar,Maariv,2025-07-03,,raam,5,,True,2026_2025,Polls,2026_2025:0:137
2026_20250703_lazara,2026,Lazar,Maariv,2025-07-03,,rzp,0,2.6,True,2026_2025,Polls,2026_2025:0:137
2026_20250703_lazara,2026,Lazar,Maariv,2025-07-03,,shas,9,,True,2026_2025,Polls,2026_2025:0:137
2026_20250703_lazara,2026,Lazar,Maariv,2025-07-03,,utj,8,,True,2026_2025,Polls,2026_2025:0:137
2026_20250703_lazara,2026,Lazar,Maariv,2025-07-03,,yesh_atid,9,,True,2026_2025,Polls,2026_2025:0:137
2026_20250703_lazara,2026,Lazar,Maariv,2025-07-03,,yisrael_beytenu,9,,True,2026_2025,Polls,2026_2025:0:137
2026_20250703_lazarb,2026,Lazar,Maariv,2025-07-03,,balad,0,2.0,True,2026_2025,Polls,2026_2025:0:138
2026_20250703_lazarb,2026,Lazar,Maariv,2025-07-03,,bennett_2026,19,,True,2026_2025,Polls,2026_2025:0:138
2026_20250703_lazarb,2026,Lazar,Maariv,2025-07-03,,blue_white,5,,True,2026_2025,Polls,2026_2025:0:138
2026_20250703_lazarb,2026,Lazar,Maariv,2025-07-03,,democrats,11,,True,2026_2025,Polls,2026_2025:0:138
2026_20250703_lazarb,2026,Lazar,Maariv,2025-07-03,,hadash_taal,5,,True,2026_2025,Polls,2026_2025:0:138
2026_20250703_lazarb,2026,Lazar,Maariv,2025-07-03,,likud,28,,True,2026_2025,Polls,2026_2025:0:138
2026_20250703_lazarb,2026,Lazar,Maariv,2025-07-03,,otzma,7,,True,2026_2025,Polls,2026_2025:0:138
2026_20250703_lazarb,2026,Lazar,Maariv,2025-07-03,,raam,5,,True,2026_2025,Polls,2026_2025:0:138
2026_20250703_lazarb,2026,Lazar,Maariv,2025-07-03,,rzp,0,2.9,True,2026_2025,Polls,2026_2025:0:138
2026_20250703_lazarb,2026,Lazar,Maariv,2025-07-03,,shas,9,,True,2026_2025,Polls,2026_2025:0:138
2026_20250703_lazarb,2026,Lazar,Maariv,2025-07-03,,utj,8,,True,2026_2025,Polls,2026_2025:0:138
2026_20250703_lazarb,2026,Lazar,Maariv,2025-07-03,,yashar,6,,True,2026_2025,Polls,2026_2025:0:138
2026_20250703_lazarb,2026,Lazar,Maariv,2025-07-03,,yesh_atid,9,,True,2026_2025,Polls,2026_2025:0:138
2026_20250703_lazarb,2026,Lazar,Maariv,2025-07-03,,yisrael_beytenu,8,,True,2026_2025,Polls,2026_2025:0:138
2026_20250710_filbera,2026,Filber,Channel 14,2025-07-10,,balad,0,2.4,True,2026_2025,Polls,2026_2025:0:131
2026_20250710_filbera,2026,Filber,Channel 14,2025-07-10,,bennett_2026,15,,True,2026_2025,Polls,2026_2025:0:131
2026_20250710_filbera,2026,Filber,Channel 14,2025-07-10,,blue_white,5,,True,2026_2025,Polls,2026_2025:0:131
2026_20250710_filbera,2026,Filber,Channel 14,2025-07-10,,democrats,11,,True,2026_2025,Polls,2026_2025:0:131
2026_20250710_filbera,2026,Filber,Channel 14,2025-07-10,,hadash_taal,5,,True,2026_2025,Polls,2026_2025:0:131
2026_20250710_filbera,2026,Filber,Channel 14,2025-07-10,,likud,33,,True,2026_2025,Polls,2026_2025:0:131
2026_20250710_filbera,2026,Filber,Channel 14,2025-07-10,,otzma,6,,True,2026_2025,Polls,2026_2025:0:131
2026_20250710_filbera,2026,Filber,Channel 14,2025-07-10,,raam,5,,True,2026_2025,Polls,2026_2025:0:131
2026_20250710_filbera,2026,Filber,Channel 14,2025-07-10,,rzp,5,,True,2026_2025,Polls,2026_2025:0:131
2026_20250710_filbera,2026,Filber,Channel 14,2025-07-10,,shas,11,,True,2026_2025,Polls,2026_2025:0:131
2026_20250710_filbera,2026,Filber,Channel 14,2025-07-10,,utj,8,,True,2026_2025,Polls,2026_2025:0:131
2026_20250710_filbera,2026,Filber,Channel 14,2025-07-10,,yesh_atid,5,,True,2026_2025,Polls,2026_2025:0:131
2026_20250710_filbera,2026,Filber,Channel 14,2025-07-10,,yisrael_beytenu,11,,True,2026_2025,Polls,2026_2025:0:131
2026_20250710_filberb,2026,Filber,Channel 14,2025-07-10,,balad,0,2.3,True,2026_2025,Polls,2026_2025:0:132
2026_20250710_filberb,2026,Filber,Channel 14,2025-07-10,,blue_white,7,,True,2026_2025,Polls,2026_2025:0:132
2026_20250710_filberb,2026,Filber,Channel 14,2025-07-10,,democrats,16,,True,2026_2025,Polls,2026_2025:0:132
2026_20250710_filberb,2026,Filber,Channel 14,2025-07-10,,hadash_taal,5,,True,2026_2025,Polls,2026_2025:0:132
2026_20250710_filberb,2026,Filber,Channel 14,2025-07-10,,likud,34,,True,2026_2025,Polls,2026_2025:0:132
2026_20250710_filberb,2026,Filber,Channel 14,2025-07-10,,otzma,6,,True,2026_2025,Polls,2026_2025:0:132
2026_20250710_filberb,2026,Filber,Channel 14,2025-07-10,,raam,5,,True,2026_2025,Polls,2026_2025:0:132
2026_20250710_filberb,2026,Filber,Channel 14,2025-07-10,,rzp,6,,True,2026_2025,Polls,2026_2025:0:132
2026_20250710_filberb,2026,Filber,Channel 14,2025-07-10,,shas,11,,True,2026_2025,Polls,2026_2025:0:132
2026_20250710_filberb,2026,Filber,Channel 14,2025-07-10,,utj,8,,True,2026_2025,Polls,2026_2025:0:132
2026_20250710_filberb,2026,Filber,Channel 14,2025-07-10,,yesh_atid,8,,True,2026_2025,Polls,2026_2025:0:132
2026_20250710_filberb,2026,Filber,Channel 14,2025-07-10,,yisrael_beytenu,14,,True,2026_2025,Polls,2026_2025:0:132
2026_20250710_lazar,2026,Lazar,Maariv,2025-07-10,,balad,0,2.2,True,2026_2025,Polls,2026_2025:0:134
2026_20250710_lazar,2026,Lazar,Maariv,2025-07-10,,bennett_2026,25,,True,2026_2025,Polls,2026_2025:0:134
2026_20250710_lazar,2026,Lazar,Maariv,2025-07-10,,blue_white,7,,True,2026_2025,Polls,2026_2025:0:134
2026_20250710_lazar,2026,Lazar,Maariv,2025-07-10,,democrats,10,,True,2026_2025,Polls,2026_2025:0:134
2026_20250710_lazar,2026,Lazar,Maariv,2025-07-10,,hadash_taal,4,,True,2026_2025,Polls,2026_2025:0:134
2026_20250710_lazar,2026,Lazar,Maariv,2025-07-10,,likud,24,,True,2026_2025,Polls,2026_2025:0:134
2026_20250710_lazar,2026,Lazar,Maariv,2025-07-10,,otzma,7,,True,2026_2025,Polls,2026_2025:0:134
2026_20250710_lazar,2026,Lazar,Maariv,2025-07-10,,raam,6,,True,2026_2025,Polls,2026_2025:0:134
2026_20250710_lazar,2026,Lazar,Maariv,2025-07-10,,rzp,4,,True,2026_2025,Polls,2026_2025:0:134
2026_20250710_lazar,2026,Lazar,Maariv,2025-07-10,,shas,9,,True,2026_2025,Polls,2026_2025:0:134
2026_20250710_lazar,2026,Lazar,Maariv,2025-07-10,,utj,7,,True,2026_2025,Polls,2026_2025:0:134
2026_20250710_lazar,2026,Lazar,Maariv,2025-07-10,,yesh_atid,7,,True,2026_2025,Polls,2026_2025:0:134
2026_20250710_lazar,2026,Lazar,Maariv,2025-07-10,,yisrael_beytenu,10,,True,2026_2025,Polls,2026_2025:0:134
2026_20250710_tatika,2026,Tatika,Zman Israel,2025-07-10,,bennett_2026,26,,True,2026_2025,Polls,2026_2025:0:133
2026_20250710_tatika,2026,Tatika,Zman Israel,2025-07-10,,blue_white,4,,True,2026_2025,Polls,2026_2025:0:133
2026_20250710_tatika,2026,Tatika,Zman Israel,2025-07-10,,democrats,8,,True,2026_2025,Polls,2026_2025:0:133
2026_20250710_tatika,2026,Tatika,Zman Israel,2025-07-10,,hadash_taal,4,,True,2026_2025,Polls,2026_2025:0:133
2026_20250710_tatika,2026,Tatika,Zman Israel,2025-07-10,,likud,32,,True,2026_2025,Polls,2026_2025:0:133
2026_20250710_tatika,2026,Tatika,Zman Israel,2025-07-10,,otzma,5,,True,2026_2025,Polls,2026_2025:0:133
2026_20250710_tatika,2026,Tatika,Zman Israel,2025-07-10,,raam,5,,True,2026_2025,Polls,2026_2025:0:133
2026_20250710_tatika,2026,Tatika,Zman Israel,2025-07-10,,shas,9,,True,2026_2025,Polls,2026_2025:0:133
2026_20250710_tatika,2026,Tatika,Zman Israel,2025-07-10,,utj,7,,True,2026_2025,Polls,2026_2025:0:133
2026_20250710_tatika,2026,Tatika,Zman Israel,2025-07-10,,yashar,5,,True,2026_2025,Polls,2026_2025:0:133
2026_20250710_tatika,2026,Tatika,Zman Israel,2025-07-10,,yesh_atid,5,,True,2026_2025,Polls,2026_2025:0:133
2026_20250710_tatika,2026,Tatika,Zman Israel,2025-07-10,,yisrael_beytenu,10,,True,2026_2025,Polls,2026_2025:0:133
2026_20250713_directpolls,2026,Direct Polls,i24 News,2025-07-13,,balad,0,3.0,True,2026_2025,Polls,2026_2025:0:130
2026_20250713_directpolls,2026,Direct Polls,i24 News,2025-07-13,,bennett_2026,22,,True,2026_2025,Polls,2026_2025:0:130
2026_20250713_directpolls,2026,Direct Polls,i24 News,2025-07-13,,blue_white,0,3.1,True,2026_2025,Polls,2026_2025:0:130
2026_20250713_directpolls,2026,Direct Polls,i24 News,2025-07-13,,democrats,13,,True,2026_2025,Polls,2026_2025:0:130
2026_20250713_directpolls,2026,Direct Polls,i24 News,2025-07-13,,hadash_taal,4,,True,2026_2025,Polls,2026_2025:0:130
2026_20250713_directpolls,2026,Direct Polls,i24 News,2025-07-13,,likud,32,,True,2026_2025,Polls,2026_2025:0:130
2026_20250713_directpolls,2026,Direct Polls,i24 News,2025-07-13,,otzma,6,,True,2026_2025,Polls,2026_2025:0:130
2026_20250713_directpolls,2026,Direct Polls,i24 News,2025-07-13,,raam,5,,True,2026_2025,Polls,2026_2025:0:130
2026_20250713_directpolls,2026,Direct Polls,i24 News,2025-07-13,,rzp,5,,True,2026_2025,Polls,2026_2025:0:130
2026_20250713_directpolls,2026,Direct Polls,i24 News,2025-07-13,,shas,11,,True,2026_2025,Polls,2026_2025:0:130
2026_20250713_directpolls,2026,Direct Polls,i24 News,2025-07-13,,utj,8,,True,2026_2025,Polls,2026_2025:0:130
2026_20250713_directpolls,2026,Direct Polls,i24 News,2025-07-13,,yesh_atid,4,,True,2026_2025,Polls,2026_2025:0:130
2026_20250713_directpolls,2026,Direct Polls,i24 News,2025-07-13,,yisrael_beytenu,10,,True,2026_2025,Polls,2026_2025:0:130
2026_20250716_midgama,2026,Midgam,HaHadashot 12,2025-07-16,,balad,0,1.7,True,2026_2025,Polls,2026_2025:0:126
2026_20250716_midgama,2026,Midgam,HaHadashot 12,2025-07-16,,bennett_2026,23,,True,2026_2025,Polls,2026_2025:0:126
2026_20250716_midgama,2026,Midgam,HaHadashot 12,2025-07-16,,blue_white,6,,True,2026_2025,Polls,2026_2025:0:126
2026_20250716_midgama,2026,Midgam,HaHadashot 12,2025-07-16,,democrats,12,,True,2026_2025,Polls,2026_2025:0:126
2026_20250716_midgama,2026,Midgam,HaHadashot 12,2025-07-16,,hadash_taal,5,,True,2026_2025,Polls,2026_2025:0:126
2026_20250716_midgama,2026,Midgam,HaHadashot 12,2025-07-16,,likud,27,,True,2026_2025,Polls,2026_2025:0:126
2026_20250716_midgama,2026,Midgam,HaHadashot 12,2025-07-16,,otzma,6,,True,2026_2025,Polls,2026_2025:0:126
2026_20250716_midgama,2026,Midgam,HaHadashot 12,2025-07-16,,raam,5,,True,2026_2025,Polls,2026_2025:0:126
2026_20250716_midgama,2026,Midgam,HaHadashot 12,2025-07-16,,rzp,0,2.9,True,2026_2025,Polls,2026_2025:0:126
2026_20250716_midgama,2026,Midgam,HaHadashot 12,2025-07-16,,shas,8,,True,2026_2025,Polls,2026_2025:0:126
2026_20250716_midgama,2026,Midgam,HaHadashot 12,2025-07-16,,utj,8,,True,2026_2025,Polls,2026_2025:0:126
2026_20250716_midgama,2026,Midgam,HaHadashot 12,2025-07-16,,yesh_atid,10,,True,2026_2025,Polls,2026_2025:0:126
2026_20250716_midgama,2026,Midgam,HaHadashot 12,2025-07-16,,yisrael_beytenu,10,,True,2026_2025,Polls,2026_2025:0:126
2026_20250716_midgamb,2026,Midgam,HaHadashot 12,2025-07-16,,balad,0,1.7,True,2026_2025,Polls,2026_2025:0:127
2026_20250716_midgamb,2026,Midgam,HaHadashot 12,2025-07-16,,bennett_2026,19,,True,2026_2025,Polls,2026_2025:0:127
2026_20250716_midgamb,2026,Midgam,HaHadashot 12,2025-07-16,,blue_white,0,2.6,True,2026_2025,Polls,2026_2025:0:127
2026_20250716_midgamb,2026,Midgam,HaHadashot 12,2025-07-16,,democrats,12,,True,2026_2025,Polls,2026_2025:0:127
2026_20250716_midgamb,2026,Midgam,HaHadashot 12,2025-07-16,,hadash_taal,5,,True,2026_2025,Polls,2026_2025:0:127
2026_20250716_midgamb,2026,Midgam,HaHadashot 12,2025-07-16,,likud,27,,True,2026_2025,Polls,2026_2025:0:127
2026_20250716_midgamb,2026,Midgam,HaHadashot 12,2025-07-16,,otzma,6,,True,2026_2025,Polls,2026_2025:0:127
2026_20250716_midgamb,2026,Midgam,HaHadashot 12,2025-07-16,,raam,5,,True,2026_2025,Polls,2026_2025:0:127
2026_20250716_midgamb,2026,Midgam,HaHadashot 12,2025-07-16,,rzp,0,2.9,True,2026_2025,Polls,2026_2025:0:127
2026_20250716_midgamb,2026,Midgam,HaHadashot 12,2025-07-16,,shas,8,,True,2026_2025,Polls,2026_2025:0:127
2026_20250716_midgamb,2026,Midgam,HaHadashot 12,2025-07-16,,utj,8,,True,2026_2025,Polls,2026_2025:0:127
2026_20250716_midgamb,2026,Midgam,HaHadashot 12,2025-07-16,,yashar,11,,True,2026_2025,Polls,2026_2025:0:127
2026_20250716_midgamb,2026,Midgam,HaHadashot 12,2025-07-16,,yesh_atid,9,,True,2026_2025,Polls,2026_2025:0:127
2026_20250716_midgamb,2026,Midgam,HaHadashot 12,2025-07-16,,yisrael_beytenu,10,,True,2026_2025,Polls,2026_2025:0:127
2026_20250717_filbera,2026,Filber,Channel 14,2025-07-17,,balad,0,2.4,True,2026_2025,Polls,2026_2025:0:121
2026_20250717_filbera,2026,Filber,Channel 14,2025-07-17,,bennett_2026,18,,True,2026_2025,Polls,2026_2025:0:121
2026_20250717_filbera,2026,Filber,Channel 14,2025-07-17,,blue_white,0,2.9,True,2026_2025,Polls,2026_2025:0:121
2026_20250717_filbera,2026,Filber,Channel 14,2025-07-17,,democrats,13,,True,2026_2025,Polls,2026_2025:0:121
2026_20250717_filbera,2026,Filber,Channel 14,2025-07-17,,hadash_taal,5,,True,2026_2025,Polls,2026_2025:0:121
2026_20250717_filbera,2026,Filber,Channel 14,2025-07-17,,likud,34,,True,2026_2025,Polls,2026_2025:0:121
2026_20250717_filbera,2026,Filber,Channel 14,2025-07-17,,otzma,6,,True,2026_2025,Polls,2026_2025:0:121
2026_20250717_filbera,2026,Filber,Channel 14,2025-07-17,,raam,6,,True,2026_2025,Polls,2026_2025:0:121
2026_20250717_filbera,2026,Filber,Channel 14,2025-07-17,,rzp,5,,True,2026_2025,Polls,2026_2025:0:121
2026_20250717_filbera,2026,Filber,Channel 14,2025-07-17,,shas,10,,True,2026_2025,Polls,2026_2025:0:121
2026_20250717_filbera,2026,Filber,Channel 14,2025-07-17,,utj,8,,True,2026_2025,Polls,2026_2025:0:121
2026_20250717_filbera,2026,Filber,Channel 14,2025-07-17,,yesh_atid,6,,True,2026_2025,Polls,2026_2025:0:121
2026_20250717_filbera,2026,Filber,Channel 14,2025-07-17,,yisrael_beytenu,9,,True,2026_2025,Polls,2026_2025:0:121
2026_20250717_filberb,2026,Filber,Channel 14,2025-07-17,,balad,0,2.3,True,2026_2025,Polls,2026_2025:0:122
2026_20250717_filberb,2026,Filber,Channel 14,2025-07-17,,blue_white,5,,True,2026_2025,Polls,2026_2025:0:122
2026_20250717_filberb,2026,Filber,Channel 14,2025-07-17,,democrats,16,,True,2026_2025,Polls,2026_2025:0:122
2026_20250717_filberb,2026,Filber,Channel 14,2025-07-17,,hadash_taal,5,,True,2026_2025,Polls,2026_2025:0:122
2026_20250717_filberb,2026,Filber,Channel 14,2025-07-17,,likud,35,,True,2026_2025,Polls,2026_2025:0:122
2026_20250717_filberb,2026,Filber,Channel 14,2025-07-17,,otzma,6,,True,2026_2025,Polls,2026_2025:0:122
2026_20250717_filberb,2026,Filber,Channel 14,2025-07-17,,raam,6,,True,2026_2025,Polls,2026_2025:0:122
2026_20250717_filberb,2026,Filber,Channel 14,2025-07-17,,rzp,5,,True,2026_2025,Polls,2026_2025:0:122
2026_20250717_filberb,2026,Filber,Channel 14,2025-07-17,,shas,10,,True,2026_2025,Polls,2026_2025:0:122
2026_20250717_filberb,2026,Filber,Channel 14,2025-07-17,,utj,8,,True,2026_2025,Polls,2026_2025:0:122
2026_20250717_filberb,2026,Filber,Channel 14,2025-07-17,,yesh_atid,8,,True,2026_2025,Polls,2026_2025:0:122
2026_20250717_filberb,2026,Filber,Channel 14,2025-07-17,,yisrael_beytenu,16,,True,2026_2025,Polls,2026_2025:0:122
2026_20250717_lazara,2026,Lazar,Maariv,2025-07-17,,balad,0,1.8,True,2026_2025,Polls,2026_2025:0:124
2026_20250717_lazara,2026,Lazar,Maariv,2025-07-17,,bennett_2026,22,,True,2026_2025,Polls,2026_2025:0:124
2026_20250717_lazara,2026,Lazar,Maariv,2025-07-17,,blue_white,6,,True,2026_2025,Polls,2026_2025:0:124
2026_20250717_lazara,2026,Lazar,Maariv,2025-07-17,,democrats,10,,True,2026_2025,Polls,2026_2025:0:124
2026_20250717_lazara,2026,Lazar,Maariv,2025-07-17,,hadash_taal,5,,True,2026_2025,Polls,2026_2025:0:124
2026_20250717_lazara,2026,Lazar,Maariv,2025-07-17,,likud,26,,True,2026_2025,Polls,2026_2025:0:124
2026_20250717_lazara,2026,Lazar,Maariv,2025-07-17,,otzma,7,,True,2026_2025,Polls,2026_2025:0:124
2026_20250717_lazara,2026,Lazar,Maariv,2025-07-17,,raam,5,,True,2026_2025,Polls,2026_2025:0:124
2026_20250717_lazara,2026,Lazar,Maariv,2025-07-17,,rzp,4,,True,2026_2025,Polls,2026_2025:0:124
2026_20250717_lazara,2026,Lazar,Maariv,2025-07-17,,shas,9,,True,2026_2025,Polls,2026_2025:0:124
2026_20250717_lazara,2026,Lazar,Maariv,2025-07-17,,utj,7,,True,2026_2025,Polls,2026_2025:0:124
2026_20250717_lazara,2026,Lazar,Maariv,2025-07-17,,yesh_atid,8,,True,2026_2025,Polls,2026_2025:0:124
2026_20250717_lazara,2026,Lazar,Maariv,2025-07-17,,yisrael_beytenu,11,,True,2026_2025,Polls,2026_2025:0:124
2026_20250717_lazarb,2026,Lazar,Maariv,2025-07-17,,balad,0,1.8,False,2026_2025,Polls,2026_2025:0:125
2026_20250717_lazarb,2026,Lazar,Maariv,2025-07-17,,bennett_2026,18,,False,2026_2025,Polls,2026_2025:0:125
2026_20250717_lazarb,2026,Lazar,Maariv,2025-07-17,,blue_white,5,,False,2026_2025,Polls,2026_2025:0:125
2026_20250717_lazarb,2026,Lazar,Maariv,2025-07-17,,democrats,9,,False,2026_2025,Polls,2026_2025:0:125
2026_20250717_lazarb,2026,Lazar,Maariv,2025-07-17,,hadash_taal,5,,False,2026_2025,Polls,2026_2025:0:125
2026_20250717_lazarb,2026,Lazar,Maariv,2025-07-17,,likud,26,,False,2026_2025,Polls,2026_2025:0:125
2026_20250717_lazarb,2026,Lazar,Maariv,2025-07-17,,otzma,7,,False,2026_2025,Polls,2026_2025:0:125
2026_20250717_lazarb,2026,Lazar,Maariv,2025-07-17,,raam,5,,False,2026_2025,Polls,2026_2025:0:125
2026_20250717_lazarb,2026,Lazar,Maariv,2025-07-17,,rzp,4,,False,2026_2025,Polls,2026_2025:0:125
2026_20250717_lazarb,2026,Lazar,Maariv,2025-07-17,,shas,9,,False,2026_2025,Polls,2026_2025:0:125
2026_20250717_lazarb,2026,Lazar,Maariv,2025-07-17,,utj,7,,False,2026_2025,Polls,2026_2025:0:125
2026_20250717_lazarb,2026,Lazar,Maariv,2025-07-17,,yashar,9,,False,2026_2025,Polls,2026_2025:0:125
2026_20250717_lazarb,2026,Lazar,Maariv,2025-07-17,,yesh_atid,8,,False,2026_2025,Polls,2026_2025:0:125
2026_20250717_lazarb,2026,Lazar,Maariv,2025-07-17,,yisrael_beytenu,10,,False,2026_2025,Polls,2026_2025:0:125
2026_20250717_tatika,2026,Tatika,Zman Israel,2025-07-17,,bennett_2026,26,,True,2026_2025,Polls,2026_2025:0:123
2026_20250717_tatika,2026,Tatika,Zman Israel,2025-07-17,,blue_white,4,,True,2026_2025,Polls,2026_2025:0:123
2026_20250717_tatika,2026,Tatika,Zman Israel,2025-07-17,,democrats,9,,True,2026_2025,Polls,2026_2025:0:123
2026_20250717_tatika,2026,Tatika,Zman Israel,2025-07-17,,hadash_taal,5,,True,2026_2025,Polls,2026_2025:0:123
2026_20250717_tatika,2026,Tatika,Zman Israel,2025-07-17,,likud,30,,True,2026_2025,Polls,2026_2025:0:123
2026_20250717_tatika,2026,Tatika,Zman Israel,2025-07-17,,otzma,5,,True,2026_2025,Polls,2026_2025:0:123
2026_20250717_tatika,2026,Tatika,Zman Israel,2025-07-17,,raam,5,,True,2026_2025,Polls,2026_2025:0:123
2026_20250717_tatika,2026,Tatika,Zman Israel,2025-07-17,,rzp,4,,True,2026_2025,Polls,2026_2025:0:123
2026_20250717_tatika,2026,Tatika,Zman Israel,2025-07-17,,shas,8,,True,2026_2025,Polls,2026_2025:0:123
2026_20250717_tatika,2026,Tatika,Zman Israel,2025-07-17,,utj,7,,True,2026_2025,Polls,2026_2025:0:123
2026_20250717_tatika,2026,Tatika,Zman Israel,2025-07-17,,yesh_atid,7,,True,2026_2025,Polls,2026_2025:0:123
2026_20250717_tatika,2026,Tatika,Zman Israel,2025-07-17,,yisrael_beytenu,10,,True,2026_2025,Polls,2026_2025:0:123
2026_20250723_maagarmochot,2026,Maagar Mochot,Channel 13,2025-07-23,,balad,0,2.3,True,2026_2025,Polls,2026_2025:0:120
2026_20250723_maagarmochot,2026,Maagar Mochot,Channel 13,2025-07-23,,bennett_2026,24,,True,2026_2025,Polls,2026_2025:0:120
2026_20250723_maagarmochot,2026,Maagar Mochot,Channel 13,2025-07-23,,blue_white,4,,True,2026_2025,Polls,2026_2025:0:120
2026_20250723_maagarmochot,2026,Maagar Mochot,Channel 13,2025-07-23,,democrats,11,,True,2026_2025,Polls,2026_2025:0:120
2026_20250723_maagarmochot,2026,Maagar Mochot,Channel 13,2025-07-23,,hadash_taal,6,,True,2026_2025,Polls,2026_2025:0:120
2026_20250723_maagarmochot,2026,Maagar Mochot,Channel 13,2025-07-23,,likud,24,,True,2026_2025,Polls,2026_2025:0:120
2026_20250723_maagarmochot,2026,Maagar Mochot,Channel 13,2025-07-23,,otzma,7,,True,2026_2025,Polls,2026_2025:0:120
2026_20250723_maagarmochot,2026,Maagar Mochot,Channel 13,2025-07-23,,raam,4,,True,2026_2025,Polls,2026_2025:0:120
2026_20250723_maagarmochot,2026,Maagar Mochot,Channel 13,2025-07-23,,rzp,0,2.8,True,2026_2025,Polls,2026_2025:0:120
2026_20250723_maagarmochot,2026,Maagar Mochot,Channel 13,2025-07-23,,shas,10,,True,2026_2025,Polls,2026_2025:0:120
2026_20250723_maagarmochot,2026,Maagar Mochot,Channel 13,2025-07-23,,utj,7,,True,2026_2025,Polls,2026_2025:0:120
2026_20250723_maagarmochot,2026,Maagar Mochot,Channel 13,2025-07-23,,yashar,4,,True,2026_2025,Polls,2026_2025:0:120
2026_20250723_maagarmochot,2026,Maagar Mochot,Channel 13,2025-07-23,,yesh_atid,9,,True,2026_2025,Polls,2026_2025:0:120
2026_20250723_maagarmochot,2026,Maagar Mochot,Channel 13,2025-07-23,,yisrael_beytenu,10,,True,2026_2025,Polls,2026_2025:0:120
2026_20250723_tatika,2026,Tatika,Zman Israel,2025-07-23,,bennett_2026,22,,True,2026_2025,Polls,2026_2025:0:119
2026_20250723_tatika,2026,Tatika,Zman Israel,2025-07-23,,blue_white,4,,True,2026_2025,Polls,2026_2025:0:119
2026_20250723_tatika,2026,Tatika,Zman Israel,2025-07-23,,democrats,10,,True,2026_2025,Polls,2026_2025:0:119
2026_20250723_tatika,2026,Tatika,Zman Israel,2025-07-23,,hadash_taal,5,,True,2026_2025,Polls,2026_2025:0:119
2026_20250723_tatika,2026,Tatika,Zman Israel,2025-07-23,,likud,28,,True,2026_2025,Polls,2026_2025:0:119
2026_20250723_tatika,2026,Tatika,Zman Israel,2025-07-23,,otzma,7,,True,2026_2025,Polls,2026_2025:0:119
2026_20250723_tatika,2026,Tatika,Zman Israel,2025-07-23,,raam,6,,True,2026_2025,Polls,2026_2025:0:119
2026_20250723_tatika,2026,Tatika,Zman Israel,2025-07-23,,shas,7,,True,2026_2025,Polls,2026_2025:0:119
2026_20250723_tatika,2026,Tatika,Zman Israel,2025-07-23,,utj,7,,True,2026_2025,Polls,2026_2025:0:119
2026_20250723_tatika,2026,Tatika,Zman Israel,2025-07-23,,yesh_atid,7,,True,2026_2025,Polls,2026_2025:0:119
2026_20250723_tatika,2026,Tatika,Zman Israel,2025-07-23,,yisrael_beytenu,10,,True,2026_2025,Polls,2026_2025:0:119
2026_20250723_tatika,2026,Tatika,Zman Israel,2025-07-23,,zionist_home,7,,True,2026_2025,Polls,2026_2025:0:119
2026_20250724_directpollsa,2026,Direct Polls,i24 News,2025-07-24,,balad,0,2.8,True,2026_2025,Polls,2026_2025:0:112
2026_20250724_directpollsa,2026,Direct Polls,i24 News,2025-07-24,,bennett_2026,26,,True,2026_2025,Polls,2026_2025:0:112
2026_20250724_directpollsa,2026,Direct Polls,i24 News,2025-07-24,,blue_white,0,2.3,True,2026_2025,Polls,2026_2025:0:112
2026_20250724_directpollsa,2026,Direct Polls,i24 News,2025-07-24,,democrats,11,,True,2026_2025,Polls,2026_2025:0:112
2026_20250724_directpollsa,2026,Direct Polls,i24 News,2025-07-24,,hadash_taal,4,,True,2026_2025,Polls,2026_2025:0:112
2026_20250724_directpollsa,2026,Direct Polls,i24 News,2025-07-24,,likud,27,,True,2026_2025,Polls,2026_2025:0:112
2026_20250724_directpollsa,2026,Direct Polls,i24 News,2025-07-24,,otzma,7,,True,2026_2025,Polls,2026_2025:0:112
2026_20250724_directpollsa,2026,Direct Polls,i24 News,2025-07-24,,raam,5,,True,2026_2025,Polls,2026_2025:0:112
2026_20250724_directpollsa,2026,Direct Polls,i24 News,2025-07-24,,rzp,6,,True,2026_2025,Polls,2026_2025:0:112
2026_20250724_directpollsa,2026,Direct Polls,i24 News,2025-07-24,,shas,9,,True,2026_2025,Polls,2026_2025:0:112
2026_20250724_directpollsa,2026,Direct Polls,i24 News,2025-07-24,,utj,8,,True,2026_2025,Polls,2026_2025:0:112
2026_20250724_directpollsa,2026,Direct Polls,i24 News,2025-07-24,,yesh_atid,5,,True,2026_2025,Polls,2026_2025:0:112
2026_20250724_directpollsa,2026,Direct Polls,i24 News,2025-07-24,,yisrael_beytenu,12,,True,2026_2025,Polls,2026_2025:0:112
2026_20250724_directpollsb,2026,Direct Polls,i24 News,2025-07-24,,bennett_2026,24,,True,2026_2025,Polls,2026_2025:0:113
2026_20250724_directpollsb,2026,Direct Polls,i24 News,2025-07-24,,democrats,10,,True,2026_2025,Polls,2026_2025:0:113
2026_20250724_directpollsb,2026,Direct Polls,i24 News,2025-07-24,,hadash_taal,4,,True,2026_2025,Polls,2026_2025:0:113
2026_20250724_directpollsb,2026,Direct Polls,i24 News,2025-07-24,,likud,25,,True,2026_2025,Polls,2026_2025:0:113
2026_20250724_directpollsb,2026,Direct Polls,i24 News,2025-07-24,,otzma,6,,True,2026_2025,Polls,2026_2025:0:113
2026_20250724_directpollsb,2026,Direct Polls,i24 News,2025-07-24,,raam,5,,True,2026_2025,Polls,2026_2025:0:113
2026_20250724_directpollsb,2026,Direct Polls,i24 News,2025-07-24,,rzp,6,,True,2026_2025,Polls,2026_2025:0:113
2026_20250724_directpollsb,2026,Direct Polls,i24 News,2025-07-24,,shas,9,,True,2026_2025,Polls,2026_2025:0:113
2026_20250724_directpollsb,2026,Direct Polls,i24 News,2025-07-24,,utj,8,,True,2026_2025,Polls,2026_2025:0:113
2026_20250724_directpollsb,2026,Direct Polls,i24 News,2025-07-24,,yesh_atid,4,,True,2026_2025,Polls,2026_2025:0:113
2026_20250724_directpollsb,2026,Direct Polls,i24 News,2025-07-24,,yisrael_beytenu,9,,True,2026_2025,Polls,2026_2025:0:113
2026_20250724_directpollsb,2026,Direct Polls,i24 News,2025-07-24,,zionist_home,10,,True,2026_2025,Polls,2026_2025:0:113
2026_20250724_filbera,2026,Filber,Channel 14,2025-07-24,,balad,0,2.5,True,2026_2025,Polls,2026_2025:0:114
2026_20250724_filbera,2026,Filber,Channel 14,2025-07-24,,bennett_2026,16,,True,2026_2025,Polls,2026_2025:0:114
2026_20250724_filbera,2026,Filber,Channel 14,2025-07-24,,blue_white,4,,True,2026_2025,Polls,2026_2025:0:114
2026_20250724_filbera,2026,Filber,Channel 14,2025-07-24,,democrats,13,,True,2026_2025,Polls,2026_2025:0:114
2026_20250724_filbera,2026,Filber,Channel 14,2025-07-24,,hadash_taal,5,,True,2026_2025,Polls,2026_2025:0:114
2026_20250724_filbera,2026,Filber,Channel 14,2025-07-24,,likud,33,,True,2026_2025,Polls,2026_2025:0:114
2026_20250724_filbera,2026,Filber,Channel 14,2025-07-24,,otzma,6,,True,2026_2025,Polls,2026_2025:0:114
2026_20250724_filbera,2026,Filber,Channel 14,2025-07-24,,raam,6,,True,2026_2025,Polls,2026_2025:0:114
2026_20250724_filbera,2026,Filber,Channel 14,2025-07-24,,rzp,4,,True,2026_2025,Polls,2026_2025:0:114
2026_20250724_filbera,2026,Filber,Channel 14,2025-07-24,,shas,11,,True,2026_2025,Polls,2026_2025:0:114
2026_20250724_filbera,2026,Filber,Channel 14,2025-07-24,,utj,8,,True,2026_2025,Polls,2026_2025:0:114
2026_20250724_filbera,2026,Filber,Channel 14,2025-07-24,,yesh_atid,6,,True,2026_2025,Polls,2026_2025:0:114
2026_20250724_filbera,2026,Filber,Channel 14,2025-07-24,,yisrael_beytenu,8,,True,2026_2025,Polls,2026_2025:0:114
2026_20250724_filberb,2026,Filber,Channel 14,2025-07-24,,balad,0,2.6,True,2026_2025,Polls,2026_2025:0:115
2026_20250724_filberb,2026,Filber,Channel 14,2025-07-24,,blue_white,6,,True,2026_2025,Polls,2026_2025:0:115
2026_20250724_filberb,2026,Filber,Channel 14,2025-07-24,,democrats,16,,True,2026_2025,Polls,2026_2025:0:115
2026_20250724_filberb,2026,Filber,Channel 14,2025-07-24,,hadash_taal,5,,True,2026_2025,Polls,2026_2025:0:115
2026_20250724_filberb,2026,Filber,Channel 14,2025-07-24,,likud,34,,True,2026_2025,Polls,2026_2025:0:115
2026_20250724_filberb,2026,Filber,Channel 14,2025-07-24,,otzma,6,,True,2026_2025,Polls,2026_2025:0:115
2026_20250724_filberb,2026,Filber,Channel 14,2025-07-24,,raam,6,,True,2026_2025,Polls,2026_2025:0:115
2026_20250724_filberb,2026,Filber,Channel 14,2025-07-24,,rzp,5,,True,2026_2025,Polls,2026_2025:0:115
2026_20250724_filberb,2026,Filber,Channel 14,2025-07-24,,shas,10,,True,2026_2025,Polls,2026_2025:0:115
2026_20250724_filberb,2026,Filber,Channel 14,2025-07-24,,utj,8,,True,2026_2025,Polls,2026_2025:0:115
2026_20250724_filberb,2026,Filber,Channel 14,2025-07-24,,yesh_atid,9,,True,2026_2025,Polls,2026_2025:0:115
2026_20250724_filberb,2026,Filber,Channel 14,2025-07-24,,yisrael_beytenu,15,,True,2026_2025,Polls,2026_2025:0:115
2026_20250724_lazara,2026,Lazar,Maariv,2025-07-24,,bennett_2026,24,,True,2026_2025,Polls,2026_2025:0:116
2026_20250724_lazara,2026,Lazar,Maariv,2025-07-24,,blue_white,5,,True,2026_2025,Polls,2026_2025:0:116
2026_20250724_lazara,2026,Lazar,Maariv,2025-07-24,,democrats,11,,True,2026_2025,Polls,2026_2025:0:116
2026_20250724_lazara,2026,Lazar,Maariv,2025-07-24,,hadash_taal,5,,True,2026_2025,Polls,2026_2025:0:116
2026_20250724_lazara,2026,Lazar,Maariv,2025-07-24,,likud,25,,True,2026_2025,Polls,2026_2025:0:116
2026_20250724_lazara,2026,Lazar,Maariv,2025-07-24,,otzma,7,,True,2026_2025,Polls,2026_2025:0:116
2026_20250724_lazara,2026,Lazar,Maariv,2025-07-24,,raam,5,,True,2026_2025,Polls,2026_2025:0:116
2026_20250724_lazara,2026,Lazar,Maariv,2025-07-24,,rzp,0,2.6,True,2026_2025,Polls,2026_2025:0:116
2026_20250724_lazara,2026,Lazar,Maariv,2025-07-24,,shas,10,,True,2026_2025,Polls,2026_2025:0:116
2026_20250724_lazara,2026,Lazar,Maariv,2025-07-24,,utj,7,,True,2026_2025,Polls,2026_2025:0:116
2026_20250724_lazara,2026,Lazar,Maariv,2025-07-24,,yesh_atid,9,,True,2026_2025,Polls,2026_2025:0:116
2026_20250724_lazara,2026,Lazar,Maariv,2025-07-24,,yisrael_beytenu,12,,True,2026_2025,Polls,2026_2025:0:116
2026_20250724_lazarb,2026,Lazar,Maariv,2025-07-24,,bennett_2026,22,,True,2026_2025,Polls,2026_2025:0:117
2026_20250724_lazarb,2026,Lazar,Maariv,2025-07-24,,blue_white,4,,True,2026_2025,Polls,2026_2025:0:117
2026_20250724_lazarb,2026,Lazar,Maariv,2025-07-24,,democrats,10,,True,2026_2025,Polls,2026_2025:0:117
2026_20250724_lazarb,2026,Lazar,Maariv,2025-07-24,,hadash_taal,5,,True,2026_2025,Polls,2026_2025:0:117
2026_20250724_lazarb,2026,Lazar,Maariv,2025-07-24,,likud,24,,True,2026_2025,Polls,2026_2025:0:117
2026_20250724_lazarb,2026,Lazar,Maariv,2025-07-24,,otzma,7,,True,2026_2025,Polls,2026_2025:0:117
2026_20250724_lazarb,2026,Lazar,Maariv,2025-07-24,,raam,5,,True,2026_2025,Polls,2026_2025:0:117
2026_20250724_lazarb,2026,Lazar,Maariv,2025-07-24,,shas,10,,True,2026_2025,Polls,2026_2025:0:117
2026_20250724_lazarb,2026,Lazar,Maariv,2025-07-24,,utj,7,,True,2026_2025,Polls,2026_2025:0:117
2026_20250724_lazarb,2026,Lazar,Maariv,2025-07-24,,yashar,6,,True,2026_2025,Polls,2026_2025:0:117
2026_20250724_lazarb,2026,Lazar,Maariv,2025-07-24,,yesh_atid,9,,True,2026_2025,Polls,2026_2025:0:117
2026_20250724_lazarb,2026,Lazar,Maariv,2025-07-24,,yisrael_beytenu,11,,True,2026_2025,Polls,2026_2025:0:117
2026_20250724_lazarc,2026,Lazar,Maariv,2025-07-24,,bennett_2026,22,,True,2026_2025,Polls,2026_2025:0:118
2026_20250724_lazarc,2026,Lazar,Maariv,2025-07-24,,blue_white,5,,True,2026_2025,Polls,2026_2025:0:118
2026_20250724_lazarc,2026,Lazar,Maariv,2025-07-24,,democrats,10,,True,2026_2025,Polls,2026_2025:0:118
2026_20250724_lazarc,2026,Lazar,Maariv,2025-07-24,,hadash_taal,5,,True,2026_2025,Polls,2026_2025:0:118
2026_20250724_lazarc,2026,Lazar,Maariv,2025-07-24,,likud,24,,True,2026_2025,Polls,2026_2025:0:118
2026_20250724_lazarc,2026,Lazar,Maariv,2025-07-24,,otzma,7,,True,2026_2025,Polls,2026_2025:0:118
2026_20250724_lazarc,2026,Lazar,Maariv,2025-07-24,,raam,5,,True,2026_2025,Polls,2026_2025:0:118
2026_20250724_lazarc,2026,Lazar,Maariv,2025-07-24,,shas,10,,True,2026_2025,Polls,2026_2025:0:118
2026_20250724_lazarc,2026,Lazar,Maariv,2025-07-24,,utj,7,,True,2026_2025,Polls,2026_2025:0:118
2026_20250724_lazarc,2026,Lazar,Maariv,2025-07-24,,yesh_atid,8,,True,2026_2025,Polls,2026_2025:0:118
2026_20250724_lazarc,2026,Lazar,Maariv,2025-07-24,,yisrael_beytenu,10,,True,2026_2025,Polls,2026_2025:0:118
2026_20250724_lazarc,2026,Lazar,Maariv,2025-07-24,,zionist_home,7,,True,2026_2025,Polls,2026_2025:0:118
2026_20250730_tatika,2026,Tatika,Zman Israel,2025-07-30,,bennett_2026,24,,True,2026_2025,Polls,2026_2025:0:111
2026_20250730_tatika,2026,Tatika,Zman Israel,2025-07-30,,blue_white,6,,True,2026_2025,Polls,2026_2025:0:111
2026_20250730_tatika,2026,Tatika,Zman Israel,2025-07-30,,democrats,11,,True,2026_2025,Polls,2026_2025:0:111
2026_20250730_tatika,2026,Tatika,Zman Israel,2025-07-30,,hadash_taal,5,,True,2026_2025,Polls,2026_2025:0:111
2026_20250730_tatika,2026,Tatika,Zman Israel,2025-07-30,,likud,26,,True,2026_2025,Polls,2026_2025:0:111
2026_20250730_tatika,2026,Tatika,Zman Israel,2025-07-30,,otzma,7,,True,2026_2025,Polls,2026_2025:0:111
2026_20250730_tatika,2026,Tatika,Zman Israel,2025-07-30,,raam,6,,True,2026_2025,Polls,2026_2025:0:111
2026_20250730_tatika,2026,Tatika,Zman Israel,2025-07-30,,shas,9,,True,2026_2025,Polls,2026_2025:0:111
2026_20250730_tatika,2026,Tatika,Zman Israel,2025-07-30,,utj,7,,True,2026_2025,Polls,2026_2025:0:111
2026_20250730_tatika,2026,Tatika,Zman Israel,2025-07-30,,yesh_atid,8,,True,2026_2025,Polls,2026_2025:0:111
2026_20250730_tatika,2026,Tatika,Zman Israel,2025-07-30,,yisrael_beytenu,11,,True,2026_2025,Polls,2026_2025:0:111
2026_20250731_lazara,2026,Lazar,Maariv,2025-07-31,,balad,0,1.9,True,2026_2025,Polls,2026_2025:0:108
2026_20250731_lazara,2026,Lazar,Maariv,2025-07-31,,bennett_2026,25,,True,2026_2025,Polls,2026_2025:0:108
2026_20250731_lazara,2026,Lazar,Maariv,2025-07-31,,blue_white,4,,True,2026_2025,Polls,2026_2025:0:108
2026_20250731_lazara,2026,Lazar,Maariv,2025-07-31,,democrats,12,,True,2026_2025,Polls,2026_2025:0:108
2026_20250731_lazara,2026,Lazar,Maariv,2025-07-31,,hadash_taal,4,,True,2026_2025,Polls,2026_2025:0:108
2026_20250731_lazara,2026,Lazar,Maariv,2025-07-31,,likud,25,,True,2026_2025,Polls,2026_2025:0:108
2026_20250731_lazara,2026,Lazar,Maariv,2025-07-31,,otzma,7,,True,2026_2025,Polls,2026_2025:0:108
2026_20250731_lazara,2026,Lazar,Maariv,2025-07-31,,raam,6,,True,2026_2025,Polls,2026_2025:0:108
2026_20250731_lazara,2026,Lazar,Maariv,2025-07-31,,rzp,0,2.7,True,2026_2025,Polls,2026_2025:0:108
2026_20250731_lazara,2026,Lazar,Maariv,2025-07-31,,shas,9,,True,2026_2025,Polls,2026_2025:0:108
2026_20250731_lazara,2026,Lazar,Maariv,2025-07-31,,utj,8,,True,2026_2025,Polls,2026_2025:0:108
2026_20250731_lazara,2026,Lazar,Maariv,2025-07-31,,yesh_atid,8,,True,2026_2025,Polls,2026_2025:0:108
2026_20250731_lazara,2026,Lazar,Maariv,2025-07-31,,yisrael_beytenu,12,,True,2026_2025,Polls,2026_2025:0:108
2026_20250731_lazarb,2026,Lazar,Maariv,2025-07-31,,balad,0,1.5,True,2026_2025,Polls,2026_2025:0:109
2026_20250731_lazarb,2026,Lazar,Maariv,2025-07-31,,bennett_2026,23,,True,2026_2025,Polls,2026_2025:0:109
2026_20250731_lazarb,2026,Lazar,Maariv,2025-07-31,,blue_white,4,,True,2026_2025,Polls,2026_2025:0:109
2026_20250731_lazarb,2026,Lazar,Maariv,2025-07-31,,democrats,10,,True,2026_2025,Polls,2026_2025:0:109
2026_20250731_lazarb,2026,Lazar,Maariv,2025-07-31,,hadash_taal,4,,True,2026_2025,Polls,2026_2025:0:109
2026_20250731_lazarb,2026,Lazar,Maariv,2025-07-31,,likud,25,,True,2026_2025,Polls,2026_2025:0:109
2026_20250731_lazarb,2026,Lazar,Maariv,2025-07-31,,otzma,7,,True,2026_2025,Polls,2026_2025:0:109
2026_20250731_lazarb,2026,Lazar,Maariv,2025-07-31,,raam,6,,True,2026_2025,Polls,2026_2025:0:109
2026_20250731_lazarb,2026,Lazar,Maariv,2025-07-31,,rzp,0,2.9,True,2026_2025,Polls,2026_2025:0:109
2026_20250731_lazarb,2026,Lazar,Maariv,2025-07-31,,shas,9,,True,2026_2025,Polls,2026_2025:0:109
2026_20250731_lazarb,2026,Lazar,Maariv,2025-07-31,,utj,8,,True,2026_2025,Polls,2026_2025:0:109
2026_20250731_lazarb,2026,Lazar,Maariv,2025-07-31,,yashar,8,,True,2026_2025,Polls,2026_2025:0:109
2026_20250731_lazarb,2026,Lazar,Maariv,2025-07-31,,yesh_atid,7,,True,2026_2025,Polls,2026_2025:0:109
2026_20250731_lazarb,2026,Lazar,Maariv,2025-07-31,,yisrael_beytenu,9,,True,2026_2025,Polls,2026_2025:0:109
2026_20250731_lazarc,2026,Lazar,Maariv,2025-07-31,,balad,0,1.5,True,2026_2025,Polls,2026_2025:0:110
2026_20250731_lazarc,2026,Lazar,Maariv,2025-07-31,,bennett_2026,19,,True,2026_2025,Polls,2026_2025:0:110
2026_20250731_lazarc,2026,Lazar,Maariv,2025-07-31,,blue_white,4,,True,2026_2025,Polls,2026_2025:0:110
2026_20250731_lazarc,2026,Lazar,Maariv,2025-07-31,,democrats,10,,True,2026_2025,Polls,2026_2025:0:110
2026_20250731_lazarc,2026,Lazar,Maariv,2025-07-31,,hadash_taal,4,,True,2026_2025,Polls,2026_2025:0:110
2026_20250731_lazarc,2026,Lazar,Maariv,2025-07-31,,likud,21,,True,2026_2025,Polls,2026_2025:0:110
2026_20250731_lazarc,2026,Lazar,Maariv,2025-07-31,,otzma,6,,True,2026_2025,Polls,2026_2025:0:110
2026_20250731_lazarc,2026,Lazar,Maariv,2025-07-31,,raam,6,,True,2026_2025,Polls,2026_2025:0:110
2026_20250731_lazarc,2026,Lazar,Maariv,2025-07-31,,rzp,0,2.4,True,2026_2025,Polls,2026_2025:0:110
2026_20250731_lazarc,2026,Lazar,Maariv,2025-07-31,,shas,9,,True,2026_2025,Polls,2026_2025:0:110
2026_20250731_lazarc,2026,Lazar,Maariv,2025-07-31,,utj,8,,True,2026_2025,Polls,2026_2025:0:110
2026_20250731_lazarc,2026,Lazar,Maariv,2025-07-31,,yashar,4,,True,2026_2025,Polls,2026_2025:0:110
2026_20250731_lazarc,2026,Lazar,Maariv,2025-07-31,,yesh_atid,7,,True,2026_2025,Polls,2026_2025:0:110
2026_20250731_lazarc,2026,Lazar,Maariv,2025-07-31,,yisrael_beytenu,9,,True,2026_2025,Polls,2026_2025:0:110
2026_20250731_lazarc,2026,Lazar,Maariv,2025-07-31,,zionist_home,13,,True,2026_2025,Polls,2026_2025:0:110
2026_20250803_maagarmochot,2026,Maagar Mochot,Channel 13,2025-08-03,,balad,0,2.5,True,2026_2025,Polls,2026_2025:0:107
2026_20250803_maagarmochot,2026,Maagar Mochot,Channel 13,2025-08-03,,bennett_2026,23,,True,2026_2025,Polls,2026_2025:0:107
2026_20250803_maagarmochot,2026,Maagar Mochot,Channel 13,2025-08-03,,blue_white,4,,True,2026_2025,Polls,2026_2025:0:107
2026_20250803_maagarmochot,2026,Maagar Mochot,Channel 13,2025-08-03,,democrats,8,,True,2026_2025,Polls,2026_2025:0:107
2026_20250803_maagarmochot,2026,Maagar Mochot,Channel 13,2025-08-03,,hadash_taal,5,,True,2026_2025,Polls,2026_2025:0:107
2026_20250803_maagarmochot,2026,Maagar Mochot,Channel 13,2025-08-03,,likud,24,,True,2026_2025,Polls,2026_2025:0:107
2026_20250803_maagarmochot,2026,Maagar Mochot,Channel 13,2025-08-03,,otzma,9,,True,2026_2025,Polls,2026_2025:0:107
2026_20250803_maagarmochot,2026,Maagar Mochot,Channel 13,2025-08-03,,raam,6,,True,2026_2025,Polls,2026_2025:0:107
2026_20250803_maagarmochot,2026,Maagar Mochot,Channel 13,2025-08-03,,rzp,4,,True,2026_2025,Polls,2026_2025:0:107
2026_20250803_maagarmochot,2026,Maagar Mochot,Channel 13,2025-08-03,,shas,9,,True,2026_2025,Polls,2026_2025:0:107
2026_20250803_maagarmochot,2026,Maagar Mochot,Channel 13,2025-08-03,,utj,8,,True,2026_2025,Polls,2026_2025:0:107
2026_20250803_maagarmochot,2026,Maagar Mochot,Channel 13,2025-08-03,,yashar,5,,True,2026_2025,Polls,2026_2025:0:107
2026_20250803_maagarmochot,2026,Maagar Mochot,Channel 13,2025-08-03,,yesh_atid,7,,True,2026_2025,Polls,2026_2025:0:107
2026_20250803_maagarmochot,2026,Maagar Mochot,Channel 13,2025-08-03,,yisrael_beytenu,8,,True,2026_2025,Polls,2026_2025:0:107
2026_20250806_tatika,2026,Tatika,Zman Israel,2025-08-06,,bennett_2026,23,,True,2026_2025,Polls,2026_2025:0:106
2026_20250806_tatika,2026,Tatika,Zman Israel,2025-08-06,,blue_white,6,,True,2026_2025,Polls,2026_2025:0:106
2026_20250806_tatika,2026,Tatika,Zman Israel,2025-08-06,,democrats,10,,True,2026_2025,Polls,2026_2025:0:106
2026_20250806_tatika,2026,Tatika,Zman Israel,2025-08-06,,hadash_taal,5,,True,2026_2025,Polls,2026_2025:0:106
2026_20250806_tatika,2026,Tatika,Zman Israel,2025-08-06,,likud,26,,True,2026_2025,Polls,2026_2025:0:106
2026_20250806_tatika,2026,Tatika,Zman Israel,2025-08-06,,otzma,6,,True,2026_2025,Polls,2026_2025:0:106
2026_20250806_tatika,2026,Tatika,Zman Israel,2025-08-06,,raam,6,,True,2026_2025,Polls,2026_2025:0:106
2026_20250806_tatika,2026,Tatika,Zman Israel,2025-08-06,,shas,10,,True,2026_2025,Polls,2026_2025:0:106
2026_20250806_tatika,2026,Tatika,Zman Israel,2025-08-06,,utj,7,,True,2026_2025,Polls,2026_2025:0:106
2026_20250806_tatika,2026,Tatika,Zman Israel,2025-08-06,,yesh_atid,10,,True,2026_2025,Polls,2026_2025:0:106
2026_20250806_tatika,2026,Tatika,Zman Israel,2025-08-06,,yisrael_beytenu,11,,True,2026_2025,Polls,2026_2025:0:106
2026_20250807_filber,2026,Filber,Channel 14,2025-08-07,,balad,0,2.3,True,2026_2025,Polls,2026_2025:0:104
2026_20250807_filber,2026,Filber,Channel 14,2025-08-07,,bennett_2026,14,,True,2026_2025,Polls,2026_2025:0:104
2026_20250807_filber,2026,Filber,Channel 14,2025-08-07,,blue_white,5,,True,2026_2025,Polls,2026_2025:0:104
2026_20250807_filber,2026,Filber,Channel 14,2025-08-07,,democrats,11,,True,2026_2025,Polls,2026_2025:0:104
2026_20250807_filber,2026,Filber,Channel 14,2025-08-07,,hadash_taal,5,,True,2026_2025,Polls,2026_2025:0:104
2026_20250807_filber,2026,Filber,Channel 14,2025-08-07,,likud,34,,True,2026_2025,Polls,2026_2025:0:104
2026_20250807_filber,2026,Filber,Channel 14,2025-08-07,,otzma,6,,True,2026_2025,Polls,2026_2025:0:104
2026_20250807_filber,2026,Filber,Channel 14,2025-08-07,,raam,5,,True,2026_2025,Polls,2026_2025:0:104
2026_20250807_filber,2026,Filber,Channel 14,2025-08-07,,rzp,5,,True,2026_2025,Polls,2026_2025:0:104
2026_20250807_filber,2026,Filber,Channel 14,2025-08-07,,shas,11,,True,2026_2025,Polls,2026_2025:0:104
2026_20250807_filber,2026,Filber,Channel 14,2025-08-07,,utj,8,,True,2026_2025,Polls,2026_2025:0:104
2026_20250807_filber,2026,Filber,Channel 14,2025-08-07,,yesh_atid,8,,True,2026_2025,Polls,2026_2025:0:104
2026_20250807_filber,2026,Filber,Channel 14,2025-08-07,,yisrael_beytenu,8,,True,2026_2025,Polls,2026_2025:0:104
2026_20250807_lazar,2026,Lazar,Maariv,2025-08-07,,balad,0,1.4,True,2026_2025,Polls,2026_2025:0:105
2026_20250807_lazar,2026,Lazar,Maariv,2025-08-07,,bennett_2026,21,,True,2026_2025,Polls,2026_2025:0:105
2026_20250807_lazar,2026,Lazar,Maariv,2025-08-07,,blue_white,4,,True,2026_2025,Polls,2026_2025:0:105
2026_20250807_lazar,2026,Lazar,Maariv,2025-08-07,,democrats,10,,True,2026_2025,Polls,2026_2025:0:105
2026_20250807_lazar,2026,Lazar,Maariv,2025-08-07,,hadash_taal,5,,True,2026_2025,Polls,2026_2025:0:105
2026_20250807_lazar,2026,Lazar,Maariv,2025-08-07,,likud,23,,True,2026_2025,Polls,2026_2025:0:105
2026_20250807_lazar,2026,Lazar,Maariv,2025-08-07,,otzma,6,,True,2026_2025,Polls,2026_2025:0:105
2026_20250807_lazar,2026,Lazar,Maariv,2025-08-07,,raam,5,,True,2026_2025,Polls,2026_2025:0:105
2026_20250807_lazar,2026,Lazar,Maariv,2025-08-07,,rzp,4,,True,2026_2025,Polls,2026_2025:0:105
2026_20250807_lazar,2026,Lazar,Maariv,2025-08-07,,shas,9,,True,2026_2025,Polls,2026_2025:0:105
2026_20250807_lazar,2026,Lazar,Maariv,2025-08-07,,utj,7,,True,2026_2025,Polls,2026_2025:0:105
2026_20250807_lazar,2026,Lazar,Maariv,2025-08-07,,yashar,11,,True,2026_2025,Polls,2026_2025:0:105
2026_20250807_lazar,2026,Lazar,Maariv,2025-08-07,,yesh_atid,7,,True,2026_2025,Polls,2026_2025:0:105
2026_20250807_lazar,2026,Lazar,Maariv,2025-08-07,,yisrael_beytenu,8,,True,2026_2025,Polls,2026_2025:0:105
2026_20250810_kantar,2026,Kantar,Kan 11,2025-08-10,,balad,0,2.1,True,2026_2025,Polls,2026_2025:0:103
2026_20250810_kantar,2026,Kantar,Kan 11,2025-08-10,,bennett_2026,22,,True,2026_2025,Polls,2026_2025:0:103
2026_20250810_kantar,2026,Kantar,Kan 11,2025-08-10,,blue_white,4,,True,2026_2025,Polls,2026_2025:0:103
2026_20250810_kantar,2026,Kantar,Kan 11,2025-08-10,,democrats,8,,True,2026_2025,Polls,2026_2025:0:103
2026_20250810_kantar,2026,Kantar,Kan 11,2025-08-10,,hadash_taal,5,,True,2026_2025,Polls,2026_2025:0:103
2026_20250810_kantar,2026,Kantar,Kan 11,2025-08-10,,likud,26,,True,2026_2025,Polls,2026_2025:0:103
2026_20250810_kantar,2026,Kantar,Kan 11,2025-08-10,,otzma,6,,True,2026_2025,Polls,2026_2025:0:103
2026_20250810_kantar,2026,Kantar,Kan 11,2025-08-10,,raam,6,,True,2026_2025,Polls,2026_2025:0:103
2026_20250810_kantar,2026,Kantar,Kan 11,2025-08-10,,rzp,4,,True,2026_2025,Polls,2026_2025:0:103
2026_20250810_kantar,2026,Kantar,Kan 11,2025-08-10,,shas,9,,True,2026_2025,Polls,2026_2025:0:103
2026_20250810_kantar,2026,Kantar,Kan 11,2025-08-10,,utj,7,,True,2026_2025,Polls,2026_2025:0:103
2026_20250810_kantar,2026,Kantar,Kan 11,2025-08-10,,yashar,7,,True,2026_2025,Polls,2026_2025:0:103
2026_20250810_kantar,2026,Kantar,Kan 11,2025-08-10,,yesh_atid,6,,True,2026_2025,Polls,2026_2025:0:103
2026_20250810_kantar,2026,Kantar,Kan 11,2025-08-10,,yisrael_beytenu,10,,True,2026_2025,Polls,2026_2025:0:103
2026_20250813_tatika,2026,Tatika,Zman Israel,2025-08-13,,bennett_2026,25,,True,2026_2025,Polls,2026_2025:0:102
2026_20250813_tatika,2026,Tatika,Zman Israel,2025-08-13,,blue_white,4,,True,2026_2025,Polls,2026_2025:0:102
2026_20250813_tatika,2026,Tatika,Zman Israel,2025-08-13,,democrats,9,,True,2026_2025,Polls,2026_2025:0:102
2026_20250813_tatika,2026,Tatika,Zman Israel,2025-08-13,,hadash_taal,4,,True,2026_2025,Polls,2026_2025:0:102
2026_20250813_tatika,2026,Tatika,Zman Israel,2025-08-13,,likud,28,,True,2026_2025,Polls,2026_2025:0:102
2026_20250813_tatika,2026,Tatika,Zman Israel,2025-08-13,,otzma,5,,True,2026_2025,Polls,2026_2025:0:102
2026_20250813_tatika,2026,Tatika,Zman Israel,2025-08-13,,raam,5,,True,2026_2025,Polls,2026_2025:0:102
2026_20250813_tatika,2026,Tatika,Zman Israel,2025-08-13,,rzp,5,,True,2026_2025,Polls,2026_2025:0:102
2026_20250813_tatika,2026,Tatika,Zman Israel,2025-08-13,,shas,10,,True,2026_2025,Polls,2026_2025:0:102
2026_20250813_tatika,2026,Tatika,Zman Israel,2025-08-13,,utj,7,,True,2026_2025,Polls,2026_2025:0:102
2026_20250813_tatika,2026,Tatika,Zman Israel,2025-08-13,,yesh_atid,8,,True,2026_2025,Polls,2026_2025:0:102
2026_20250813_tatika,2026,Tatika,Zman Israel,2025-08-13,,yisrael_beytenu,10,,True,2026_2025,Polls,2026_2025:0:102
2026_20250814_filber,2026,Filber,Channel 14,2025-08-14,,balad,0,2.2,True,2026_2025,Polls,2026_2025:0:99
2026_20250814_filber,2026,Filber,Channel 14,2025-08-14,,bennett_2026,17,,True,2026_2025,Polls,2026_2025:0:99
2026_20250814_filber,2026,Filber,Channel 14,2025-08-14,,blue_white,4,,True,2026_2025,Polls,2026_2025:0:99
2026_20250814_filber,2026,Filber,Channel 14,2025-08-14,,democrats,10,,True,2026_2025,Polls,2026_2025:0:99
2026_20250814_filber,2026,Filber,Channel 14,2025-08-14,,hadash_taal,5,,True,2026_2025,Polls,2026_2025:0:99
2026_20250814_filber,2026,Filber,Channel 14,2025-08-14,,likud,33,,True,2026_2025,Polls,2026_2025:0:99
2026_20250814_filber,2026,Filber,Channel 14,2025-08-14,,otzma,6,,True,2026_2025,Polls,2026_2025:0:99
2026_20250814_filber,2026,Filber,Channel 14,2025-08-14,,raam,5,,True,2026_2025,Polls,2026_2025:0:99
2026_20250814_filber,2026,Filber,Channel 14,2025-08-14,,rzp,5,,True,2026_2025,Polls,2026_2025:0:99
2026_20250814_filber,2026,Filber,Channel 14,2025-08-14,,shas,11,,True,2026_2025,Polls,2026_2025:0:99
2026_20250814_filber,2026,Filber,Channel 14,2025-08-14,,utj,8,,True,2026_2025,Polls,2026_2025:0:99
2026_20250814_filber,2026,Filber,Channel 14,2025-08-14,,yesh_atid,8,,True,2026_2025,Polls,2026_2025:0:99
2026_20250814_filber,2026,Filber,Channel 14,2025-08-14,,yisrael_beytenu,8,,True,2026_2025,Polls,2026_2025:0:99
2026_20250814_lazara,2026,Lazar,Maariv,2025-08-14,,bennett_2026,24,,True,2026_2025,Polls,2026_2025:0:100
2026_20250814_lazara,2026,Lazar,Maariv,2025-08-14,,blue_white,5,,True,2026_2025,Polls,2026_2025:0:100
2026_20250814_lazara,2026,Lazar,Maariv,2025-08-14,,democrats,10,,True,2026_2025,Polls,2026_2025:0:100
2026_20250814_lazara,2026,Lazar,Maariv,2025-08-14,,hadash_taal,5,,True,2026_2025,Polls,2026_2025:0:100
2026_20250814_lazara,2026,Lazar,Maariv,2025-08-14,,likud,23,,True,2026_2025,Polls,2026_2025:0:100
2026_20250814_lazara,2026,Lazar,Maariv,2025-08-14,,otzma,7,,True,2026_2025,Polls,2026_2025:0:100
2026_20250814_lazara,2026,Lazar,Maariv,2025-08-14,,raam,5,,True,2026_2025,Polls,2026_2025:0:100
2026_20250814_lazara,2026,Lazar,Maariv,2025-08-14,,rzp,4,,True,2026_2025,Polls,2026_2025:0:100
2026_20250814_lazara,2026,Lazar,Maariv,2025-08-14,,shas,9,,True,2026_2025,Polls,2026_2025:0:100
2026_20250814_lazara,2026,Lazar,Maariv,2025-08-14,,utj,7,,True,2026_2025,Polls,2026_2025:0:100
2026_20250814_lazara,2026,Lazar,Maariv,2025-08-14,,yesh_atid,9,,True,2026_2025,Polls,2026_2025:0:100
2026_20250814_lazara,2026,Lazar,Maariv,2025-08-14,,yisrael_beytenu,12,,True,2026_2025,Polls,2026_2025:0:100
2026_20250814_lazarb,2026,Lazar,Maariv,2025-08-14,,balad,0,2.2,True,2026_2025,Polls,2026_2025:0:101
2026_20250814_lazarb,2026,Lazar,Maariv,2025-08-14,,bennett_2026,23,,True,2026_2025,Polls,2026_2025:0:101
2026_20250814_lazarb,2026,Lazar,Maariv,2025-08-14,,blue_white,5,,True,2026_2025,Polls,2026_2025:0:101
2026_20250814_lazarb,2026,Lazar,Maariv,2025-08-14,,democrats,10,,True,2026_2025,Polls,2026_2025:0:101
2026_20250814_lazarb,2026,Lazar,Maariv,2025-08-14,,hadash_taal,5,,True,2026_2025,Polls,2026_2025:0:101
2026_20250814_lazarb,2026,Lazar,Maariv,2025-08-14,,likud,21,,True,2026_2025,Polls,2026_2025:0:101
2026_20250814_lazarb,2026,Lazar,Maariv,2025-08-14,,otzma,7,,True,2026_2025,Polls,2026_2025:0:101
2026_20250814_lazarb,2026,Lazar,Maariv,2025-08-14,,raam,5,,True,2026_2025,Polls,2026_2025:0:101
2026_20250814_lazarb,2026,Lazar,Maariv,2025-08-14,,rzp,4,,True,2026_2025,Polls,2026_2025:0:101
2026_20250814_lazarb,2026,Lazar,Maariv,2025-08-14,,shas,9,,True,2026_2025,Polls,2026_2025:0:101
2026_20250814_lazarb,2026,Lazar,Maariv,2025-08-14,,utj,7,,True,2026_2025,Polls,2026_2025:0:101
2026_20250814_lazarb,2026,Lazar,Maariv,2025-08-14,,yashar,9,,True,2026_2025,Polls,2026_2025:0:101
2026_20250814_lazarb,2026,Lazar,Maariv,2025-08-14,,yesh_atid,6,,True,2026_2025,Polls,2026_2025:0:101
2026_20250814_lazarb,2026,Lazar,Maariv,2025-08-14,,yisrael_beytenu,9,,True,2026_2025,Polls,2026_2025:0:101
2026_20250817_midgama,2026,Midgam,HaHadashot 12,2025-08-17,,balad,0,1.9,True,2026_2025,Polls,2026_2025:0:97
2026_20250817_midgama,2026,Midgam,HaHadashot 12,2025-08-17,,bennett_2026,20,,True,2026_2025,Polls,2026_2025:0:97
2026_20250817_midgama,2026,Midgam,HaHadashot 12,2025-08-17,,blue_white,0,2.9,True,2026_2025,Polls,2026_2025:0:97
2026_20250817_midgama,2026,Midgam,HaHadashot 12,2025-08-17,,democrats,11,,True,2026_2025,Polls,2026_2025:0:97
2026_20250817_midgama,2026,Midgam,HaHadashot 12,2025-08-17,,hadash_taal,5,,True,2026_2025,Polls,2026_2025:0:97
2026_20250817_midgama,2026,Midgam,HaHadashot 12,2025-08-17,,likud,24,,True,2026_2025,Polls,2026_2025:0:97
2026_20250817_midgama,2026,Midgam,HaHadashot 12,2025-08-17,,otzma,6,,True,2026_2025,Polls,2026_2025:0:97
2026_20250817_midgama,2026,Midgam,HaHadashot 12,2025-08-17,,raam,5,,True,2026_2025,Polls,2026_2025:0:97
2026_20250817_midgama,2026,Midgam,HaHadashot 12,2025-08-17,,rzp,4,,True,2026_2025,Polls,2026_2025:0:97
2026_20250817_midgama,2026,Midgam,HaHadashot 12,2025-08-17,,shas,8,,True,2026_2025,Polls,2026_2025:0:97
2026_20250817_midgama,2026,Midgam,HaHadashot 12,2025-08-17,,utj,7,,True,2026_2025,Polls,2026_2025:0:97
2026_20250817_midgama,2026,Midgam,HaHadashot 12,2025-08-17,,yashar,12,,True,2026_2025,Polls,2026_2025:0:97
2026_20250817_midgama,2026,Midgam,HaHadashot 12,2025-08-17,,yesh_atid,7,,True,2026_2025,Polls,2026_2025:0:97
2026_20250817_midgama,2026,Midgam,HaHadashot 12,2025-08-17,,yisrael_beytenu,11,,True,2026_2025,Polls,2026_2025:0:97
2026_20250817_midgamb,2026,Midgam,HaHadashot 12,2025-08-17,,balad,0,1.9,True,2026_2025,Polls,2026_2025:0:98
2026_20250817_midgamb,2026,Midgam,HaHadashot 12,2025-08-17,,bennett_2026,19,,True,2026_2025,Polls,2026_2025:0:98
2026_20250817_midgamb,2026,Midgam,HaHadashot 12,2025-08-17,,blue_white,0,2.7,True,2026_2025,Polls,2026_2025:0:98
2026_20250817_midgamb,2026,Midgam,HaHadashot 12,2025-08-17,,democrats,11,,True,2026_2025,Polls,2026_2025:0:98
2026_20250817_midgamb,2026,Midgam,HaHadashot 12,2025-08-17,,hadash_taal,5,,True,2026_2025,Polls,2026_2025:0:98
2026_20250817_midgamb,2026,Midgam,HaHadashot 12,2025-08-17,,likud,23,,True,2026_2025,Polls,2026_2025:0:98
2026_20250817_midgamb,2026,Midgam,HaHadashot 12,2025-08-17,,otzma,6,,True,2026_2025,Polls,2026_2025:0:98
2026_20250817_midgamb,2026,Midgam,HaHadashot 12,2025-08-17,,raam,5,,True,2026_2025,Polls,2026_2025:0:98
2026_20250817_midgamb,2026,Midgam,HaHadashot 12,2025-08-17,,rzp,4,,True,2026_2025,Polls,2026_2025:0:98
2026_20250817_midgamb,2026,Midgam,HaHadashot 12,2025-08-17,,shas,8,,True,2026_2025,Polls,2026_2025:0:98
2026_20250817_midgamb,2026,Midgam,HaHadashot 12,2025-08-17,,utj,7,,True,2026_2025,Polls,2026_2025:0:98
2026_20250817_midgamb,2026,Midgam,HaHadashot 12,2025-08-17,,yashar,10,,True,2026_2025,Polls,2026_2025:0:98
2026_20250817_midgamb,2026,Midgam,HaHadashot 12,2025-08-17,,yesh_atid,7,,True,2026_2025,Polls,2026_2025:0:98
2026_20250817_midgamb,2026,Midgam,HaHadashot 12,2025-08-17,,yisrael_beytenu,10,,True,2026_2025,Polls,2026_2025:0:98
2026_20250817_midgamb,2026,Midgam,HaHadashot 12,2025-08-17,,zionist_home,5,,True,2026_2025,Polls,2026_2025:0:98
2026_20250820_directpolls,2026,Direct Polls,i24 News,2025-08-20,,balad,0,2.9,True,2026_2025,Polls,2026_2025:0:96
2026_20250820_directpolls,2026,Direct Polls,i24 News,2025-08-20,,bennett_2026,19,,True,2026_2025,Polls,2026_2025:0:96
2026_20250820_directpolls,2026,Direct Polls,i24 News,2025-08-20,,blue_white,0,2.4,True,2026_2025,Polls,2026_2025:0:96
2026_20250820_directpolls,2026,Direct Polls,i24 News,2025-08-20,,democrats,13,,True,2026_2025,Polls,2026_2025:0:96
2026_20250820_directpolls,2026,Direct Polls,i24 News,2025-08-20,,hadash_taal,4,,True,2026_2025,Polls,2026_2025:0:96
2026_20250820_directpolls,2026,Direct Polls,i24 News,2025-08-20,,likud,28,,True,2026_2025,Polls,2026_2025:0:96
2026_20250820_directpolls,2026,Direct Polls,i24 News,2025-08-20,,otzma,9,,True,2026_2025,Polls,2026_2025:0:96
2026_20250820_directpolls,2026,Direct Polls,i24 News,2025-08-20,,raam,5,,True,2026_2025,Polls,2026_2025:0:96
2026_20250820_directpolls,2026,Direct Polls,i24 News,2025-08-20,,rzp,6,,True,2026_2025,Polls,2026_2025:0:96
2026_20250820_directpolls,2026,Direct Polls,i24 News,2025-08-20,,shas,10,,True,2026_2025,Polls,2026_2025:0:96
2026_20250820_directpolls,2026,Direct Polls,i24 News,2025-08-20,,utj,8,,True,2026_2025,Polls,2026_2025:0:96
2026_20250820_directpolls,2026,Direct Polls,i24 News,2025-08-20,,yesh_atid,4,,True,2026_2025,Polls,2026_2025:0:96
2026_20250820_directpolls,2026,Direct Polls,i24 News,2025-08-20,,yisrael_beytenu,9,,True,2026_2025,Polls,2026_2025:0:96
2026_20250820_directpolls,2026,Direct Polls,i24 News,2025-08-20,,zionist_home,5,,True,2026_2025,Polls,2026_2025:0:96
2026_20250821_filber,2026,Filber,Channel 14,2025-08-21,,balad,0,2.4,True,2026_2025,Polls,2026_2025:0:91
2026_20250821_filber,2026,Filber,Channel 14,2025-08-21,,bennett_2026,16,,True,2026_2025,Polls,2026_2025:0:91
2026_20250821_filber,2026,Filber,Channel 14,2025-08-21,,blue_white,4,,True,2026_2025,Polls,2026_2025:0:91
2026_20250821_filber,2026,Filber,Channel 14,2025-08-21,,democrats,10,,True,2026_2025,Polls,2026_2025:0:91
2026_20250821_filber,2026,Filber,Channel 14,2025-08-21,,hadash_taal,5,,True,2026_2025,Polls,2026_2025:0:91
2026_20250821_filber,2026,Filber,Channel 14,2025-08-21,,likud,34,,True,2026_2025,Polls,2026_2025:0:91
2026_20250821_filber,2026,Filber,Channel 14,2025-08-21,,otzma,7,,True,2026_2025,Polls,2026_2025:0:91
2026_20250821_filber,2026,Filber,Channel 14,2025-08-21,,raam,5,,True,2026_2025,Polls,2026_2025:0:91
2026_20250821_filber,2026,Filber,Channel 14,2025-08-21,,rzp,4,,True,2026_2025,Polls,2026_2025:0:91
2026_20250821_filber,2026,Filber,Channel 14,2025-08-21,,shas,11,,True,2026_2025,Polls,2026_2025:0:91
2026_20250821_filber,2026,Filber,Channel 14,2025-08-21,,utj,8,,True,2026_2025,Polls,2026_2025:0:91
2026_20250821_filber,2026,Filber,Channel 14,2025-08-21,,yesh_atid,8,,True,2026_2025,Polls,2026_2025:0:91
2026_20250821_filber,2026,Filber,Channel 14,2025-08-21,,yisrael_beytenu,8,,True,2026_2025,Polls,2026_2025:0:91
2026_20250821_lazara,2026,Lazar,Maariv,2025-08-21,,balad,0,2.3,True,2026_2025,Polls,2026_2025:0:93
2026_20250821_lazara,2026,Lazar,Maariv,2025-08-21,,bennett_2026,26,,True,2026_2025,Polls,2026_2025:0:93
2026_20250821_lazara,2026,Lazar,Maariv,2025-08-21,,blue_white,4,,True,2026_2025,Polls,2026_2025:0:93
2026_20250821_lazara,2026,Lazar,Maariv,2025-08-21,,democrats,12,,True,2026_2025,Polls,2026_2025:0:93
2026_20250821_lazara,2026,Lazar,Maariv,2025-08-21,,hadash_taal,5,,True,2026_2025,Polls,2026_2025:0:93
2026_20250821_lazara,2026,Lazar,Maariv,2025-08-21,,likud,21,,True,2026_2025,Polls,2026_2025:0:93
2026_20250821_lazara,2026,Lazar,Maariv,2025-08-21,,otzma,7,,True,2026_2025,Polls,2026_2025:0:93
2026_20250821_lazara,2026,Lazar,Maariv,2025-08-21,,raam,5,,True,2026_2025,Polls,2026_2025:0:93
2026_20250821_lazara,2026,Lazar,Maariv,2025-08-21,,rzp,4,,True,2026_2025,Polls,2026_2025:0:93
2026_20250821_lazara,2026,Lazar,Maariv,2025-08-21,,shas,8,,True,2026_2025,Polls,2026_2025:0:93
2026_20250821_lazara,2026,Lazar,Maariv,2025-08-21,,utj,7,,True,2026_2025,Polls,2026_2025:0:93
2026_20250821_lazara,2026,Lazar,Maariv,2025-08-21,,yesh_atid,10,,True,2026_2025,Polls,2026_2025:0:93
2026_20250821_lazara,2026,Lazar,Maariv,2025-08-21,,yisrael_beytenu,11,,True,2026_2025,Polls,2026_2025:0:93
2026_20250821_lazarb,2026,Lazar,Maariv,2025-08-21,,balad,0,1.4,True,2026_2025,Polls,2026_2025:0:94
2026_20250821_lazarb,2026,Lazar,Maariv,2025-08-21,,bennett_2026,23,,True,2026_2025,Polls,2026_2025:0:94
2026_20250821_lazarb,2026,Lazar,Maariv,2025-08-21,,blue_white,0,1.9,True,2026_2025,Polls,2026_2025:0:94
2026_20250821_lazarb,2026,Lazar,Maariv,2025-08-21,,democrats,11,,True,2026_2025,Polls,2026_2025:0:94
2026_20250821_lazarb,2026,Lazar,Maariv,2025-08-21,,hadash_taal,5,,True,2026_2025,Polls,2026_2025:0:94
2026_20250821_lazarb,2026,Lazar,Maariv,2025-08-21,,likud,21,,True,2026_2025,Polls,2026_2025:0:94
2026_20250821_lazarb,2026,Lazar,Maariv,2025-08-21,,otzma,8,,True,2026_2025,Polls,2026_2025:0:94
2026_20250821_lazarb,2026,Lazar,Maariv,2025-08-21,,raam,6,,True,2026_2025,Polls,2026_2025:0:94
2026_20250821_lazarb,2026,Lazar,Maariv,2025-08-21,,rzp,4,,True,2026_2025,Polls,2026_2025:0:94
2026_20250821_lazarb,2026,Lazar,Maariv,2025-08-21,,shas,8,,True,2026_2025,Polls,2026_2025:0:94
2026_20250821_lazarb,2026,Lazar,Maariv,2025-08-21,,utj,7,,True,2026_2025,Polls,2026_2025:0:94
2026_20250821_lazarb,2026,Lazar,Maariv,2025-08-21,,yashar,10,,True,2026_2025,Polls,2026_2025:0:94
2026_20250821_lazarb,2026,Lazar,Maariv,2025-08-21,,yesh_atid,8,,True,2026_2025,Polls,2026_2025:0:94
2026_20250821_lazarb,2026,Lazar,Maariv,2025-08-21,,yisrael_beytenu,9,,True,2026_2025,Polls,2026_2025:0:94
2026_20250821_lazarc,2026,Lazar,Maariv,2025-08-21,,balad,0,1.4,True,2026_2025,Polls,2026_2025:0:95
2026_20250821_lazarc,2026,Lazar,Maariv,2025-08-21,,bennett_2026,21,,True,2026_2025,Polls,2026_2025:0:95
2026_20250821_lazarc,2026,Lazar,Maariv,2025-08-21,,blue_white,0,1.4,True,2026_2025,Polls,2026_2025:0:95
2026_20250821_lazarc,2026,Lazar,Maariv,2025-08-21,,democrats,10,,True,2026_2025,Polls,2026_2025:0:95
2026_20250821_lazarc,2026,Lazar,Maariv,2025-08-21,,hadash_taal,5,,True,2026_2025,Polls,2026_2025:0:95
2026_20250821_lazarc,2026,Lazar,Maariv,2025-08-21,,likud,20,,True,2026_2025,Polls,2026_2025:0:95
2026_20250821_lazarc,2026,Lazar,Maariv,2025-08-21,,otzma,8,,True,2026_2025,Polls,2026_2025:0:95
2026_20250821_lazarc,2026,Lazar,Maariv,2025-08-21,,raam,5,,True,2026_2025,Polls,2026_2025:0:95
2026_20250821_lazarc,2026,Lazar,Maariv,2025-08-21,,rzp,4,,True,2026_2025,Polls,2026_2025:0:95
2026_20250821_lazarc,2026,Lazar,Maariv,2025-08-21,,shas,8,,True,2026_2025,Polls,2026_2025:0:95
2026_20250821_lazarc,2026,Lazar,Maariv,2025-08-21,,utj,7,,True,2026_2025,Polls,2026_2025:0:95
2026_20250821_lazarc,2026,Lazar,Maariv,2025-08-21,,yashar,8,,True,2026_2025,Polls,2026_2025:0:95
2026_20250821_lazarc,2026,Lazar,Maariv,2025-08-21,,yesh_atid,9,,True,2026_2025,Polls,2026_2025:0:95
2026_20250821_lazarc,2026,Lazar,Maariv,2025-08-21,,yisrael_beytenu,10,,True,2026_2025,Polls,2026_2025:0:95
2026_20250821_lazarc,2026,Lazar,Maariv,2025-08-21,,zionist_home,5,,True,2026_2025,Polls,2026_2025:0:95
2026_20250821_tatika,2026,Tatika,Zman Israel,2025-08-21,,bennett_2026,26,,True,2026_2025,Polls,2026_2025:0:92
2026_20250821_tatika,2026,Tatika,Zman Israel,2025-08-21,,democrats,11,,True,2026_2025,Polls,2026_2025:0:92
2026_20250821_tatika,2026,Tatika,Zman Israel,2025-08-21,,hadash_taal,5,,True,2026_2025,Polls,2026_2025:0:92
2026_20250821_tatika,2026,Tatika,Zman Israel,2025-08-21,,likud,28,,True,2026_2025,Polls,2026_2025:0:92
2026_20250821_tatika,2026,Tatika,Zman Israel,2025-08-21,,otzma,6,,True,2026_2025,Polls,2026_2025:0:92
2026_20250821_tatika,2026,Tatika,Zman Israel,2025-08-21,,raam,6,,True,2026_2025,Polls,2026_2025:0:92
2026_20250821_tatika,2026,Tatika,Zman Israel,2025-08-21,,rzp,4,,True,2026_2025,Polls,2026_2025:0:92
2026_20250821_tatika,2026,Tatika,Zman Israel,2025-08-21,,shas,9,,True,2026_2025,Polls,2026_2025:0:92
2026_20250821_tatika,2026,Tatika,Zman Israel,2025-08-21,,utj,7,,True,2026_2025,Polls,2026_2025:0:92
2026_20250821_tatika,2026,Tatika,Zman Israel,2025-08-21,,yesh_atid,7,,True,2026_2025,Polls,2026_2025:0:92
2026_20250821_tatika,2026,Tatika,Zman Israel,2025-08-21,,yisrael_beytenu,11,,True,2026_2025,Polls,2026_2025:0:92
2026_20250826_tatika,2026,Tatika,Zman Israel,2025-08-26,,bennett_2026,26,,True,2026_2025,Polls,2026_2025:0:90
2026_20250826_tatika,2026,Tatika,Zman Israel,2025-08-26,,blue_white,4,,True,2026_2025,Polls,2026_2025:0:90
2026_20250826_tatika,2026,Tatika,Zman Israel,2025-08-26,,democrats,11,,True,2026_2025,Polls,2026_2025:0:90
2026_20250826_tatika,2026,Tatika,Zman Israel,2025-08-26,,hadash_taal,6,,True,2026_2025,Polls,2026_2025:0:90
2026_20250826_tatika,2026,Tatika,Zman Israel,2025-08-26,,likud,27,,True,2026_2025,Polls,2026_2025:0:90
2026_20250826_tatika,2026,Tatika,Zman Israel,2025-08-26,,otzma,7,,True,2026_2025,Polls,2026_2025:0:90
2026_20250826_tatika,2026,Tatika,Zman Israel,2025-08-26,,raam,4,,True,2026_2025,Polls,2026_2025:0:90
2026_20250826_tatika,2026,Tatika,Zman Israel,2025-08-26,,shas,9,,True,2026_2025,Polls,2026_2025:0:90
2026_20250826_tatika,2026,Tatika,Zman Israel,2025-08-26,,utj,7,,True,2026_2025,Polls,2026_2025:0:90
2026_20250826_tatika,2026,Tatika,Zman Israel,2025-08-26,,yesh_atid,8,,True,2026_2025,Polls,2026_2025:0:90
2026_20250826_tatika,2026,Tatika,Zman Israel,2025-08-26,,yisrael_beytenu,11,,True,2026_2025,Polls,2026_2025:0:90
2026_20250828_filber,2026,Filber,Channel 14,2025-08-28,,balad,0,2.1,True,2026_2025,Polls,2026_2025:0:85
2026_20250828_filber,2026,Filber,Channel 14,2025-08-28,,bennett_2026,15,,True,2026_2025,Polls,2026_2025:0:85
2026_20250828_filber,2026,Filber,Channel 14,2025-08-28,,blue_white,5,,True,2026_2025,Polls,2026_2025:0:85
2026_20250828_filber,2026,Filber,Channel 14,2025-08-28,,democrats,9,,True,2026_2025,Polls,2026_2025:0:85
2026_20250828_filber,2026,Filber,Channel 14,2025-08-28,,hadash_taal,5,,True,2026_2025,Polls,2026_2025:0:85
2026_20250828_filber,2026,Filber,Channel 14,2025-08-28,,likud,34,,True,2026_2025,Polls,2026_2025:0:85
2026_20250828_filber,2026,Filber,Channel 14,2025-08-28,,otzma,6,,True,2026_2025,Polls,2026_2025:0:85
2026_20250828_filber,2026,Filber,Channel 14,2025-08-28,,raam,5,,True,2026_2025,Polls,2026_2025:0:85
2026_20250828_filber,2026,Filber,Channel 14,2025-08-28,,rzp,5,,True,2026_2025,Polls,2026_2025:0:85
2026_20250828_filber,2026,Filber,Channel 14,2025-08-28,,shas,11,,True,2026_2025,Polls,2026_2025:0:85
2026_20250828_filber,2026,Filber,Channel 14,2025-08-28,,utj,8,,True,2026_2025,Polls,2026_2025:0:85
2026_20250828_filber,2026,Filber,Channel 14,2025-08-28,,yesh_atid,8,,True,2026_2025,Polls,2026_2025:0:85
2026_20250828_filber,2026,Filber,Channel 14,2025-08-28,,yisrael_beytenu,9,,True,2026_2025,Polls,2026_2025:0:85
2026_20250828_lazara,2026,Lazar,Maariv,2025-08-28,,balad,0,2.3,True,2026_2025,Polls,2026_2025:0:87
2026_20250828_lazara,2026,Lazar,Maariv,2025-08-28,,bennett_2026,25,,True,2026_2025,Polls,2026_2025:0:87
2026_20250828_lazara,2026,Lazar,Maariv,2025-08-28,,blue_white,4,,True,2026_2025,Polls,2026_2025:0:87
2026_20250828_lazara,2026,Lazar,Maariv,2025-08-28,,democrats,10,,True,2026_2025,Polls,2026_2025:0:87
2026_20250828_lazara,2026,Lazar,Maariv,2025-08-28,,hadash_taal,5,,True,2026_2025,Polls,2026_2025:0:87
2026_20250828_lazara,2026,Lazar,Maariv,2025-08-28,,likud,23,,True,2026_2025,Polls,2026_2025:0:87
2026_20250828_lazara,2026,Lazar,Maariv,2025-08-28,,otzma,7,,True,2026_2025,Polls,2026_2025:0:87
2026_20250828_lazara,2026,Lazar,Maariv,2025-08-28,,raam,6,,True,2026_2025,Polls,2026_2025:0:87
2026_20250828_lazara,2026,Lazar,Maariv,2025-08-28,,rzp,4,,True,2026_2025,Polls,2026_2025:0:87
2026_20250828_lazara,2026,Lazar,Maariv,2025-08-28,,shas,8,,True,2026_2025,Polls,2026_2025:0:87
2026_20250828_lazara,2026,Lazar,Maariv,2025-08-28,,utj,7,,True,2026_2025,Polls,2026_2025:0:87
2026_20250828_lazara,2026,Lazar,Maariv,2025-08-28,,yesh_atid,9,,True,2026_2025,Polls,2026_2025:0:87
2026_20250828_lazara,2026,Lazar,Maariv,2025-08-28,,yisrael_beytenu,12,,True,2026_2025,Polls,2026_2025:0:87
2026_20250828_lazarb,2026,Lazar,Maariv,2025-08-28,,balad,0,2.5,True,2026_2025,Polls,2026_2025:0:88
2026_20250828_lazarb,2026,Lazar,Maariv,2025-08-28,,bennett_2026,22,,True,2026_2025,Polls,2026_2025:0:88
2026_20250828_lazarb,2026,Lazar,Maariv,2025-08-28,,blue_white,0,1.8,True,2026_2025,Polls,2026_2025:0:88
2026_20250828_lazarb,2026,Lazar,Maariv,2025-08-28,,democrats,9,,True,2026_2025,Polls,2026_2025:0:88
2026_20250828_lazarb,2026,Lazar,Maariv,2025-08-28,,hadash_taal,5,,True,2026_2025,Polls,2026_2025:0:88
2026_20250828_lazarb,2026,Lazar,Maariv,2025-08-28,,likud,23,,True,2026_2025,Polls,2026_2025:0:88
2026_20250828_lazarb,2026,Lazar,Maariv,2025-08-28,,otzma,8,,True,2026_2025,Polls,2026_2025:0:88
2026_20250828_lazarb,2026,Lazar,Maariv,2025-08-28,,raam,6,,True,2026_2025,Polls,2026_2025:0:88
2026_20250828_lazarb,2026,Lazar,Maariv,2025-08-28,,rzp,4,,True,2026_2025,Polls,2026_2025:0:88
2026_20250828_lazarb,2026,Lazar,Maariv,2025-08-28,,shas,8,,True,2026_2025,Polls,2026_2025:0:88
2026_20250828_lazarb,2026,Lazar,Maariv,2025-08-28,,utj,7,,True,2026_2025,Polls,2026_2025:0:88
2026_20250828_lazarb,2026,Lazar,Maariv,2025-08-28,,yashar,9,,True,2026_2025,Polls,2026_2025:0:88
2026_20250828_lazarb,2026,Lazar,Maariv,2025-08-28,,yesh_atid,8,,True,2026_2025,Polls,2026_2025:0:88
2026_20250828_lazarb,2026,Lazar,Maariv,2025-08-28,,yisrael_beytenu,11,,True,2026_2025,Polls,2026_2025:0:88
2026_20250828_lazarc,2026,Lazar,Maariv,2025-08-28,,balad,0,2.54,True,2026_2025,Polls,2026_2025:0:89
2026_20250828_lazarc,2026,Lazar,Maariv,2025-08-28,,bennett_2026,21,,True,2026_2025,Polls,2026_2025:0:89
2026_20250828_lazarc,2026,Lazar,Maariv,2025-08-28,,blue_white,0,1.8,True,2026_2025,Polls,2026_2025:0:89
2026_20250828_lazarc,2026,Lazar,Maariv,2025-08-28,,democrats,9,,True,2026_2025,Polls,2026_2025:0:89
2026_20250828_lazarc,2026,Lazar,Maariv,2025-08-28,,hadash_taal,5,,True,2026_2025,Polls,2026_2025:0:89
2026_20250828_lazarc,2026,Lazar,Maariv,2025-08-28,,likud,24,,True,2026_2025,Polls,2026_2025:0:89
2026_20250828_lazarc,2026,Lazar,Maariv,2025-08-28,,otzma,8,,True,2026_2025,Polls,2026_2025:0:89
2026_20250828_lazarc,2026,Lazar,Maariv,2025-08-28,,raam,6,,True,2026_2025,Polls,2026_2025:0:89
2026_20250828_lazarc,2026,Lazar,Maariv,2025-08-28,,rzp,0,2.8,True,2026_2025,Polls,2026_2025:0:89
2026_20250828_lazarc,2026,Lazar,Maariv,2025-08-28,,shas,8,,True,2026_2025,Polls,2026_2025:0:89
2026_20250828_lazarc,2026,Lazar,Maariv,2025-08-28,,utj,7,,True,2026_2025,Polls,2026_2025:0:89
2026_20250828_lazarc,2026,Lazar,Maariv,2025-08-28,,yashar,7,,True,2026_2025,Polls,2026_2025:0:89
2026_20250828_lazarc,2026,Lazar,Maariv,2025-08-28,,yesh_atid,7,,True,2026_2025,Polls,2026_2025:0:89
2026_20250828_lazarc,2026,Lazar,Maariv,2025-08-28,,yisrael_beytenu,10,,True,2026_2025,Polls,2026_2025:0:89
2026_20250828_lazarc,2026,Lazar,Maariv,2025-08-28,,zionist_home,8,,True,2026_2025,Polls,2026_2025:0:89
2026_20250828_midgam,2026,Midgam,HaHadashot 12,2025-08-28,,balad,0,2.5,True,2026_2025,Polls,2026_2025:0:86
2026_20250828_midgam,2026,Midgam,HaHadashot 12,2025-08-28,,bennett_2026,20,,True,2026_2025,Polls,2026_2025:0:86
2026_20250828_midgam,2026,Midgam,HaHadashot 12,2025-08-28,,blue_white,0,2.8,True,2026_2025,Polls,2026_2025:0:86
2026_20250828_midgam,2026,Midgam,HaHadashot 12,2025-08-28,,democrats,11,,True,2026_2025,Polls,2026_2025:0:86
2026_20250828_midgam,2026,Midgam,HaHadashot 12,2025-08-28,,hadash_taal,5,,True,2026_2025,Polls,2026_2025:0:86
2026_20250828_midgam,2026,Midgam,HaHadashot 12,2025-08-28,,likud,24,,True,2026_2025,Polls,2026_2025:0:86
2026_20250828_midgam,2026,Midgam,HaHadashot 12,2025-08-28,,otzma,7,,True,2026_2025,Polls,2026_2025:0:86
2026_20250828_midgam,2026,Midgam,HaHadashot 12,2025-08-28,,raam,5,,True,2026_2025,Polls,2026_2025:0:86
2026_20250828_midgam,2026,Midgam,HaHadashot 12,2025-08-28,,rzp,4,,True,2026_2025,Polls,2026_2025:0:86
2026_20250828_midgam,2026,Midgam,HaHadashot 12,2025-08-28,,shas,8,,True,2026_2025,Polls,2026_2025:0:86
2026_20250828_midgam,2026,Midgam,HaHadashot 12,2025-08-28,,utj,7,,True,2026_2025,Polls,2026_2025:0:86
2026_20250828_midgam,2026,Midgam,HaHadashot 12,2025-08-28,,yashar,12,,True,2026_2025,Polls,2026_2025:0:86
2026_20250828_midgam,2026,Midgam,HaHadashot 12,2025-08-28,,yesh_atid,7,,True,2026_2025,Polls,2026_2025:0:86
2026_20250828_midgam,2026,Midgam,HaHadashot 12,2025-08-28,,yisrael_beytenu,10,,True,2026_2025,Polls,2026_2025:0:86
2026_20250828_trendzone,2026,TrendZone,–,2025-08-28,,bennett_2026,21,,True,2026_2025,Polls,2026_2025:0:84
2026_20250828_trendzone,2026,TrendZone,–,2025-08-28,,blue_white,4,,True,2026_2025,Polls,2026_2025:0:84
2026_20250828_trendzone,2026,TrendZone,–,2025-08-28,,democrats,12,,True,2026_2025,Polls,2026_2025:0:84
2026_20250828_trendzone,2026,TrendZone,–,2025-08-28,,hadash_taal,5,,True,2026_2025,Polls,2026_2025:0:84
2026_20250828_trendzone,2026,TrendZone,–,2025-08-28,,likud,32,,True,2026_2025,Polls,2026_2025:0:84
2026_20250828_trendzone,2026,TrendZone,–,2025-08-28,,otzma,6,,True,2026_2025,Polls,2026_2025:0:84
2026_20250828_trendzone,2026,TrendZone,–,2025-08-28,,raam,6,,True,2026_2025,Polls,2026_2025:0:84
2026_20250828_trendzone,2026,TrendZone,–,2025-08-28,,shas,9,,True,2026_2025,Polls,2026_2025:0:84
2026_20250828_trendzone,2026,TrendZone,–,2025-08-28,,utj,7,,True,2026_2025,Polls,2026_2025:0:84
2026_20250828_trendzone,2026,TrendZone,–,2025-08-28,,yashar,9,,True,2026_2025,Polls,2026_2025:0:84
2026_20250828_trendzone,2026,TrendZone,–,2025-08-28,,yisrael_beytenu,9,,True,2026_2025,Polls,2026_2025:0:84
2026_20250829_trendzone,2026,TrendZone,–,2025-08-29,,bennett_2026,21,,True,2026_2025,Polls,2026_2025:0:83
2026_20250829_trendzone,2026,TrendZone,–,2025-08-29,,democrats,12,,True,2026_2025,Polls,2026_2025:0:83
2026_20250829_trendzone,2026,TrendZone,–,2025-08-29,,hadash_taal,5,,True,2026_2025,Polls,2026_2025:0:83
2026_20250829_trendzone,2026,TrendZone,–,2025-08-29,,likud,32,,True,2026_2025,Polls,2026_2025:0:83
2026_20250829_trendzone,2026,TrendZone,–,2025-08-29,,otzma,6,,True,2026_2025,Polls,2026_2025:0:83
2026_20250829_trendzone,2026,TrendZone,–,2025-08-29,,raam,6,,True,2026_2025,Polls,2026_2025:0:83
2026_20250829_trendzone,2026,TrendZone,–,2025-08-29,,shas,9,,True,2026_2025,Polls,2026_2025:0:83
2026_20250829_trendzone,2026,TrendZone,–,2025-08-29,,utj,7,,True,2026_2025,Polls,2026_2025:0:83
2026_20250829_trendzone,2026,TrendZone,–,2025-08-29,,yashar,9,,True,2026_2025,Polls,2026_2025:0:83
2026_20250829_trendzone,2026,TrendZone,–,2025-08-29,,yesh_atid,4,,True,2026_2025,Polls,2026_2025:0:83
2026_20250829_trendzone,2026,TrendZone,–,2025-08-29,,yisrael_beytenu,9,,True,2026_2025,Polls,2026_2025:0:83
2026_20250902_maagarmochot,2026,Maagar Mochot,Channel 13,2025-09-02,,balad,0,3.0,True,2026_2025,Polls,2026_2025:0:82
2026_20250902_maagarmochot,2026,Maagar Mochot,Channel 13,2025-09-02,,bennett_2026,23,,True,2026_2025,Polls,2026_2025:0:82
2026_20250902_maagarmochot,2026,Maagar Mochot,Channel 13,2025-09-02,,blue_white,4,,True,2026_2025,Polls,2026_2025:0:82
2026_20250902_maagarmochot,2026,Maagar Mochot,Channel 13,2025-09-02,,democrats,9,,True,2026_2025,Polls,2026_2025:0:82
2026_20250902_maagarmochot,2026,Maagar Mochot,Channel 13,2025-09-02,,hadash_taal,5,,True,2026_2025,Polls,2026_2025:0:82
2026_20250902_maagarmochot,2026,Maagar Mochot,Channel 13,2025-09-02,,likud,22,,True,2026_2025,Polls,2026_2025:0:82
2026_20250902_maagarmochot,2026,Maagar Mochot,Channel 13,2025-09-02,,otzma,9,,True,2026_2025,Polls,2026_2025:0:82
2026_20250902_maagarmochot,2026,Maagar Mochot,Channel 13,2025-09-02,,raam,5,,True,2026_2025,Polls,2026_2025:0:82
2026_20250902_maagarmochot,2026,Maagar Mochot,Channel 13,2025-09-02,,rzp,4,,True,2026_2025,Polls,2026_2025:0:82
2026_20250902_maagarmochot,2026,Maagar Mochot,Channel 13,2025-09-02,,shas,10,,True,2026_2025,Polls,2026_2025:0:82
2026_20250902_maagarmochot,2026,Maagar Mochot,Channel 13,2025-09-02,,utj,7,,True,2026_2025,Polls,2026_2025:0:82
2026_20250902_maagarmochot,2026,Maagar Mochot,Channel 13,2025-09-02,,yashar,4,,True,2026_2025,Polls,2026_2025:0:82
2026_20250902_maagarmochot,2026,Maagar Mochot,Channel 13,2025-09-02,,yesh_atid,8,,True,2026_2025,Polls,2026_2025:0:82
2026_20250902_maagarmochot,2026,Maagar Mochot,Channel 13,2025-09-02,,yisrael_beytenu,10,,True,2026_2025,Polls,2026_2025:0:82
2026_20250903_directpolls,2026,Direct Polls,i24 News,2025-09-03,,balad,0,2.8,True,2026_2025,Polls,2026_2025:0:81
2026_20250903_directpolls,2026,Direct Polls,i24 News,2025-09-03,,bennett_2026,20,,True,2026_2025,Polls,2026_2025:0:81
2026_20250903_directpolls,2026,Direct Polls,i24 News,2025-09-03,,blue_white,0,2.4,True,2026_2025,Polls,2026_2025:0:81
2026_20250903_directpolls,2026,Direct Polls,i24 News,2025-09-03,,democrats,10,,True,2026_2025,Polls,2026_2025:0:81
2026_20250903_directpolls,2026,Direct Polls,i24 News,2025-09-03,,hadash_taal,5,,True,2026_2025,Polls,2026_2025:0:81
2026_20250903_directpolls,2026,Direct Polls,i24 News,2025-09-03,,likud,30,,True,2026_2025,Polls,2026_2025:0:81
2026_20250903_directpolls,2026,Direct Polls,i24 News,2025-09-03,,otzma,6,,True,2026_2025,Polls,2026_2025:0:81
2026_20250903_directpolls,2026,Direct Polls,i24 News,2025-09-03,,raam,5,,True,2026_2025,Polls,2026_2025:0:81
2026_20250903_directpolls,2026,Direct Polls,i24 News,2025-09-03,,rzp,5,,True,2026_2025,Polls,2026_2025:0:81
2026_20250903_directpolls,2026,Direct Polls,i24 News,2025-09-03,,shas,10,,True,2026_2025,Polls,2026_2025:0:81
2026_20250903_directpolls,2026,Direct Polls,i24 News,2025-09-03,,utj,8,,True,2026_2025,Polls,2026_2025:0:81
2026_20250903_directpolls,2026,Direct Polls,i24 News,2025-09-03,,yesh_atid,4,,True,2026_2025,Polls,2026_2025:0:81
2026_20250903_directpolls,2026,Direct Polls,i24 News,2025-09-03,,yisrael_beytenu,11,,True,2026_2025,Polls,2026_2025:0:81
2026_20250903_directpolls,2026,Direct Polls,i24 News,2025-09-03,,zionist_home,6,,True,2026_2025,Polls,2026_2025:0:81
2026_20250903_tatika,2026,Tatika,Zman Israel,2025-09-03,,bennett_2026,23,,True,2026_2025,Polls,2026_2025:0:80
2026_20250903_tatika,2026,Tatika,Zman Israel,2025-09-03,,blue_white,4,,True,2026_2025,Polls,2026_2025:0:80
2026_20250903_tatika,2026,Tatika,Zman Israel,2025-09-03,,democrats,11,,True,2026_2025,Polls,2026_2025:0:80
2026_20250903_tatika,2026,Tatika,Zman Israel,2025-09-03,,hadash_taal,4,,True,2026_2025,Polls,2026_2025:0:80
2026_20250903_tatika,2026,Tatika,Zman Israel,2025-09-03,,likud,26,,True,2026_2025,Polls,2026_2025:0:80
2026_20250903_tatika,2026,Tatika,Zman Israel,2025-09-03,,otzma,7,,True,2026_2025,Polls,2026_2025:0:80
2026_20250903_tatika,2026,Tatika,Zman Israel,2025-09-03,,raam,6,,True,2026_2025,Polls,2026_2025:0:80
2026_20250903_tatika,2026,Tatika,Zman Israel,2025-09-03,,shas,9,,True,2026_2025,Polls,2026_2025:0:80
2026_20250903_tatika,2026,Tatika,Zman Israel,2025-09-03,,utj,7,,True,2026_2025,Polls,2026_2025:0:80
2026_20250903_tatika,2026,Tatika,Zman Israel,2025-09-03,,yesh_atid,7,,True,2026_2025,Polls,2026_2025:0:80
2026_20250903_tatika,2026,Tatika,Zman Israel,2025-09-03,,yisrael_beytenu,10,,True,2026_2025,Polls,2026_2025:0:80
2026_20250903_tatika,2026,Tatika,Zman Israel,2025-09-03,,zionist_home,6,,True,2026_2025,Polls,2026_2025:0:80
2026_20250904_midgam,2026,Midgam,HaHadashot 12,2025-09-04,,balad,0,2.3,True,2026_2025,Polls,2026_2025:0:79
2026_20250904_midgam,2026,Midgam,HaHadashot 12,2025-09-04,,bennett_2026,19,,True,2026_2025,Polls,2026_2025:0:79
2026_20250904_midgam,2026,Midgam,HaHadashot 12,2025-09-04,,blue_white,0,2.1,True,2026_2025,Polls,2026_2025:0:79
2026_20250904_midgam,2026,Midgam,HaHadashot 12,2025-09-04,,democrats,11,,True,2026_2025,Polls,2026_2025:0:79
2026_20250904_midgam,2026,Midgam,HaHadashot 12,2025-09-04,,hadash_taal,5,,True,2026_2025,Polls,2026_2025:0:79
2026_20250904_midgam,2026,Midgam,HaHadashot 12,2025-09-04,,likud,24,,True,2026_2025,Polls,2026_2025:0:79
2026_20250904_midgam,2026,Midgam,HaHadashot 12,2025-09-04,,otzma,7,,True,2026_2025,Polls,2026_2025:0:79
2026_20250904_midgam,2026,Midgam,HaHadashot 12,2025-09-04,,raam,5,,True,2026_2025,Polls,2026_2025:0:79
2026_20250904_midgam,2026,Midgam,HaHadashot 12,2025-09-04,,rzp,4,,True,2026_2025,Polls,2026_2025:0:79
2026_20250904_midgam,2026,Midgam,HaHadashot 12,2025-09-04,,shas,8,,True,2026_2025,Polls,2026_2025:0:79
2026_20250904_midgam,2026,Midgam,HaHadashot 12,2025-09-04,,utj,7,,True,2026_2025,Polls,2026_2025:0:79
2026_20250904_midgam,2026,Midgam,HaHadashot 12,2025-09-04,,yashar,12,,True,2026_2025,Polls,2026_2025:0:79
2026_20250904_midgam,2026,Midgam,HaHadashot 12,2025-09-04,,yesh_atid,7,,True,2026_2025,Polls,2026_2025:0:79
2026_20250904_midgam,2026,Midgam,HaHadashot 12,2025-09-04,,yisrael_beytenu,11,,True,2026_2025,Polls,2026_2025:0:79
2026_20250905_lazar,2026,Lazar,Maariv,2025-09-05,,balad,0,1.9,True,2026_2025,Polls,2026_2025:0:78
2026_20250905_lazar,2026,Lazar,Maariv,2025-09-05,,bennett_2026,24,,True,2026_2025,Polls,2026_2025:0:78
2026_20250905_lazar,2026,Lazar,Maariv,2025-09-05,,blue_white,4,,True,2026_2025,Polls,2026_2025:0:78
2026_20250905_lazar,2026,Lazar,Maariv,2025-09-05,,democrats,10,,True,2026_2025,Polls,2026_2025:0:78
2026_20250905_lazar,2026,Lazar,Maariv,2025-09-05,,hadash_taal,5,,True,2026_2025,Polls,2026_2025:0:78
2026_20250905_lazar,2026,Lazar,Maariv,2025-09-05,,likud,25,,True,2026_2025,Polls,2026_2025:0:78
2026_20250905_lazar,2026,Lazar,Maariv,2025-09-05,,otzma,7,,True,2026_2025,Polls,2026_2025:0:78
2026_20250905_lazar,2026,Lazar,Maariv,2025-09-05,,raam,5,,True,2026_2025,Polls,2026_2025:0:78
2026_20250905_lazar,2026,Lazar,Maariv,2025-09-05,,rzp,0,1.9,True,2026_2025,Polls,2026_2025:0:78
2026_20250905_lazar,2026,Lazar,Maariv,2025-09-05,,shas,9,,True,2026_2025,Polls,2026_2025:0:78
2026_20250905_lazar,2026,Lazar,Maariv,2025-09-05,,utj,7,,True,2026_2025,Polls,2026_2025:0:78
2026_20250905_lazar,2026,Lazar,Maariv,2025-09-05,,yashar,6,,True,2026_2025,Polls,2026_2025:0:78
2026_20250905_lazar,2026,Lazar,Maariv,2025-09-05,,yesh_atid,8,,True,2026_2025,Polls,2026_2025:0:78
2026_20250905_lazar,2026,Lazar,Maariv,2025-09-05,,yisrael_beytenu,10,,True,2026_2025,Polls,2026_2025:0:78
2026_20250908_lazar,2026,Lazar,Walla,2025-09-08,,bennett_2026,23,,True,2026_2025,Polls,2026_2025:0:77
2026_20250908_lazar,2026,Lazar,Walla,2025-09-08,,democrats,10,,True,2026_2025,Polls,2026_2025:0:77
2026_20250908_lazar,2026,Lazar,Walla,2025-09-08,,hadash_taal,5,,True,2026_2025,Polls,2026_2025:0:77
2026_20250908_lazar,2026,Lazar,Walla,2025-09-08,,likud,26,,True,2026_2025,Polls,2026_2025:0:77
2026_20250908_lazar,2026,Lazar,Walla,2025-09-08,,otzma,7,,True,2026_2025,Polls,2026_2025:0:77
2026_20250908_lazar,2026,Lazar,Walla,2025-09-08,,raam,5,,True,2026_2025,Polls,2026_2025:0:77
2026_20250908_lazar,2026,Lazar,Walla,2025-09-08,,shas,10,,True,2026_2025,Polls,2026_2025:0:77
2026_20250908_lazar,2026,Lazar,Walla,2025-09-08,,utj,7,,True,2026_2025,Polls,2026_2025:0:77
2026_20250908_lazar,2026,Lazar,Walla,2025-09-08,,yashar,8,,True,2026_2025,Polls,2026_2025:0:77
2026_20250908_lazar,2026,Lazar,Walla,2025-09-08,,yesh_atid,8,,True,2026_2025,Polls,2026_2025:0:77
2026_20250908_lazar,2026,Lazar,Walla,2025-09-08,,yisrael_beytenu,11,,True,2026_2025,Polls,2026_2025:0:77
2026_20250910_tatika,2026,Tatika,Zman Israel,2025-09-10,,bennett_2026,20,,True,2026_2025,Polls,2026_2025:0:76
2026_20250910_tatika,2026,Tatika,Zman Israel,2025-09-10,,blue_white,4,,True,2026_2025,Polls,2026_2025:0:76
2026_20250910_tatika,2026,Tatika,Zman Israel,2025-09-10,,democrats,9,,True,2026_2025,Polls,2026_2025:0:76
2026_20250910_tatika,2026,Tatika,Zman Israel,2025-09-10,,hadash_taal,5,,True,2026_2025,Polls,2026_2025:0:76
2026_20250910_tatika,2026,Tatika,Zman Israel,2025-09-10,,likud,24,,True,2026_2025,Polls,2026_2025:0:76
2026_20250910_tatika,2026,Tatika,Zman Israel,2025-09-10,,otzma,7,,True,2026_2025,Polls,2026_2025:0:76
2026_20250910_tatika,2026,Tatika,Zman Israel,2025-09-10,,raam,6,,True,2026_2025,Polls,2026_2025:0:76
2026_20250910_tatika,2026,Tatika,Zman Israel,2025-09-10,,shas,9,,True,2026_2025,Polls,2026_2025:0:76
2026_20250910_tatika,2026,Tatika,Zman Israel,2025-09-10,,utj,7,,True,2026_2025,Polls,2026_2025:0:76
2026_20250910_tatika,2026,Tatika,Zman Israel,2025-09-10,,yashar,7,,True,2026_2025,Polls,2026_2025:0:76
2026_20250910_tatika,2026,Tatika,Zman Israel,2025-09-10,,yesh_atid,6,,True,2026_2025,Polls,2026_2025:0:76
2026_20250910_tatika,2026,Tatika,Zman Israel,2025-09-10,,yisrael_beytenu,11,,True,2026_2025,Polls,2026_2025:0:76
2026_20250910_tatika,2026,Tatika,Zman Israel,2025-09-10,,zionist_home,5,,True,2026_2025,Polls,2026_2025:0:76
2026_20250911_filber,2026,Filber,Channel 14,2025-09-11,,balad,0,2.3,True,2026_2025,Polls,2026_2025:0:74
2026_20250911_filber,2026,Filber,Channel 14,2025-09-11,,bennett_2026,14,,True,2026_2025,Polls,2026_2025:0:74
2026_20250911_filber,2026,Filber,Channel 14,2025-09-11,,blue_white,4,,True,2026_2025,Polls,2026_2025:0:74
2026_20250911_filber,2026,Filber,Channel 14,2025-09-11,,democrats,12,,True,2026_2025,Polls,2026_2025:0:74
2026_20250911_filber,2026,Filber,Channel 14,2025-09-11,,hadash_taal,5,,True,2026_2025,Polls,2026_2025:0:74
2026_20250911_filber,2026,Filber,Channel 14,2025-09-11,,likud,34,,True,2026_2025,Polls,2026_2025:0:74
2026_20250911_filber,2026,Filber,Channel 14,2025-09-11,,otzma,7,,True,2026_2025,Polls,2026_2025:0:74
2026_20250911_filber,2026,Filber,Channel 14,2025-09-11,,raam,5,,True,2026_2025,Polls,2026_2025:0:74
2026_20250911_filber,2026,Filber,Channel 14,2025-09-11,,rzp,5,,True,2026_2025,Polls,2026_2025:0:74
2026_20250911_filber,2026,Filber,Channel 14,2025-09-11,,shas,10,,True,2026_2025,Polls,2026_2025:0:74
2026_20250911_filber,2026,Filber,Channel 14,2025-09-11,,utj,8,,True,2026_2025,Polls,2026_2025:0:74
2026_20250911_filber,2026,Filber,Channel 14,2025-09-11,,yesh_atid,8,,True,2026_2025,Polls,2026_2025:0:74
2026_20250911_filber,2026,Filber,Channel 14,2025-09-11,,yisrael_beytenu,8,,True,2026_2025,Polls,2026_2025:0:74
2026_20250911_lazar,2026,Lazar,Maariv,2025-09-11,,balad,0,2.1,True,2026_2025,Polls,2026_2025:0:75
2026_20250911_lazar,2026,Lazar,Maariv,2025-09-11,,bennett_2026,23,,True,2026_2025,Polls,2026_2025:0:75
2026_20250911_lazar,2026,Lazar,Maariv,2025-09-11,,blue_white,0,2.4,True,2026_2025,Polls,2026_2025:0:75
2026_20250911_lazar,2026,Lazar,Maariv,2025-09-11,,democrats,11,,True,2026_2025,Polls,2026_2025:0:75
2026_20250911_lazar,2026,Lazar,Maariv,2025-09-11,,hadash_taal,5,,True,2026_2025,Polls,2026_2025:0:75
2026_20250911_lazar,2026,Lazar,Maariv,2025-09-11,,likud,24,,True,2026_2025,Polls,2026_2025:0:75
2026_20250911_lazar,2026,Lazar,Maariv,2025-09-11,,otzma,7,,True,2026_2025,Polls,2026_2025:0:75
2026_20250911_lazar,2026,Lazar,Maariv,2025-09-11,,raam,5,,True,2026_2025,Polls,2026_2025:0:75
2026_20250911_lazar,2026,Lazar,Maariv,2025-09-11,,rzp,4,,True,2026_2025,Polls,2026_2025:0:75
2026_20250911_lazar,2026,Lazar,Maariv,2025-09-11,,shas,8,,True,2026_2025,Polls,2026_2025:0:75
2026_20250911_lazar,2026,Lazar,Maariv,2025-09-11,,utj,7,,True,2026_2025,Polls,2026_2025:0:75
2026_20250911_lazar,2026,Lazar,Maariv,2025-09-11,,yashar,9,,True,2026_2025,Polls,2026_2025:0:75
2026_20250911_lazar,2026,Lazar,Maariv,2025-09-11,,yesh_atid,7,,True,2026_2025,Polls,2026_2025:0:75
2026_20250911_lazar,2026,Lazar,Maariv,2025-09-11,,yisrael_beytenu,10,,True,2026_2025,Polls,2026_2025:0:75
2026_20250911_midgama,2026,Midgam,HaHadashot 12,2025-09-11,,balad,0,2.2,False,2026_2025,Polls,2026_2025:0:72
2026_20250911_midgama,2026,Midgam,HaHadashot 12,2025-09-11,,bennett_2026,19,,False,2026_2025,Polls,2026_2025:0:72
2026_20250911_midgama,2026,Midgam,HaHadashot 12,2025-09-11,,blue_white,0,1.4,False,2026_2025,Polls,2026_2025:0:72
2026_20250911_midgama,2026,Midgam,HaHadashot 12,2025-09-11,,democrats,11,,False,2026_2025,Polls,2026_2025:0:72
2026_20250911_midgama,2026,Midgam,HaHadashot 12,2025-09-11,,hadash_taal,5,,False,2026_2025,Polls,2026_2025:0:72
2026_20250911_midgama,2026,Midgam,HaHadashot 12,2025-09-11,,likud,25,,False,2026_2025,Polls,2026_2025:0:72
2026_20250911_midgama,2026,Midgam,HaHadashot 12,2025-09-11,,otzma,7,,False,2026_2025,Polls,2026_2025:0:72
2026_20250911_midgama,2026,Midgam,HaHadashot 12,2025-09-11,,raam,5,,False,2026_2025,Polls,2026_2025:0:72
2026_20250911_midgama,2026,Midgam,HaHadashot 12,2025-09-11,,rzp,0,2.4,False,2026_2025,Polls,2026_2025:0:72
2026_20250911_midgama,2026,Midgam,HaHadashot 12,2025-09-11,,shas,9,,False,2026_2025,Polls,2026_2025:0:72
2026_20250911_midgama,2026,Midgam,HaHadashot 12,2025-09-11,,utj,7,,False,2026_2025,Polls,2026_2025:0:72
2026_20250911_midgama,2026,Midgam,HaHadashot 12,2025-09-11,,yashar,11,,False,2026_2025,Polls,2026_2025:0:72
2026_20250911_midgama,2026,Midgam,HaHadashot 12,2025-09-11,,yesh_atid,9,,False,2026_2025,Polls,2026_2025:0:72
2026_20250911_midgama,2026,Midgam,HaHadashot 12,2025-09-11,,yisrael_beytenu,11,,False,2026_2025,Polls,2026_2025:0:72
2026_20250911_midgamb,2026,Midgam,HaHadashot 12,2025-09-11,,balad,0,2.2,True,2026_2025,Polls,2026_2025:0:73
2026_20250911_midgamb,2026,Midgam,HaHadashot 12,2025-09-11,,bennett_2026,18,,True,2026_2025,Polls,2026_2025:0:73
2026_20250911_midgamb,2026,Midgam,HaHadashot 12,2025-09-11,,blue_white,0,1.3,True,2026_2025,Polls,2026_2025:0:73
2026_20250911_midgamb,2026,Midgam,HaHadashot 12,2025-09-11,,democrats,11,,True,2026_2025,Polls,2026_2025:0:73
2026_20250911_midgamb,2026,Midgam,HaHadashot 12,2025-09-11,,hadash_taal,5,,True,2026_2025,Polls,2026_2025:0:73
2026_20250911_midgamb,2026,Midgam,HaHadashot 12,2025-09-11,,likud,24,,True,2026_2025,Polls,2026_2025:0:73
2026_20250911_midgamb,2026,Midgam,HaHadashot 12,2025-09-11,,otzma,7,,True,2026_2025,Polls,2026_2025:0:73
2026_20250911_midgamb,2026,Midgam,HaHadashot 12,2025-09-11,,raam,5,,True,2026_2025,Polls,2026_2025:0:73
2026_20250911_midgamb,2026,Midgam,HaHadashot 12,2025-09-11,,rzp,0,2.1,True,2026_2025,Polls,2026_2025:0:73
2026_20250911_midgamb,2026,Midgam,HaHadashot 12,2025-09-11,,shas,9,,True,2026_2025,Polls,2026_2025:0:73
2026_20250911_midgamb,2026,Midgam,HaHadashot 12,2025-09-11,,utj,8,,True,2026_2025,Polls,2026_2025:0:73
2026_20250911_midgamb,2026,Midgam,HaHadashot 12,2025-09-11,,yashar,9,,True,2026_2025,Polls,2026_2025:0:73
2026_20250911_midgamb,2026,Midgam,HaHadashot 12,2025-09-11,,yesh_atid,8,,True,2026_2025,Polls,2026_2025:0:73
2026_20250911_midgamb,2026,Midgam,HaHadashot 12,2025-09-11,,yisrael_beytenu,10,,True,2026_2025,Polls,2026_2025:0:73
2026_20250911_midgamb,2026,Midgam,HaHadashot 12,2025-09-11,,zionist_home,6,,True,2026_2025,Polls,2026_2025:0:73
2026_20250917_directpolls,2026,Direct Polls,i24 News,2025-09-17,,balad,0,2.7,True,2026_2025,Polls,2026_2025:0:67
2026_20250917_directpolls,2026,Direct Polls,i24 News,2025-09-17,,bennett_2026,13,,True,2026_2025,Polls,2026_2025:0:67
2026_20250917_directpolls,2026,Direct Polls,i24 News,2025-09-17,,blue_white,0,1.9,True,2026_2025,Polls,2026_2025:0:67
2026_20250917_directpolls,2026,Direct Polls,i24 News,2025-09-17,,democrats,11,,True,2026_2025,Polls,2026_2025:0:67
2026_20250917_directpolls,2026,Direct Polls,i24 News,2025-09-17,,hadash_taal,5,,True,2026_2025,Polls,2026_2025:0:67
2026_20250917_directpolls,2026,Direct Polls,i24 News,2025-09-17,,likud,32,,True,2026_2025,Polls,2026_2025:0:67
2026_20250917_directpolls,2026,Direct Polls,i24 News,2025-09-17,,otzma,6,,True,2026_2025,Polls,2026_2025:0:67
2026_20250917_directpolls,2026,Direct Polls,i24 News,2025-09-17,,raam,5,,True,2026_2025,Polls,2026_2025:0:67
2026_20250917_directpolls,2026,Direct Polls,i24 News,2025-09-17,,rzp,5,,True,2026_2025,Polls,2026_2025:0:67
2026_20250917_directpolls,2026,Direct Polls,i24 News,2025-09-17,,shas,10,,True,2026_2025,Polls,2026_2025:0:67
2026_20250917_directpolls,2026,Direct Polls,i24 News,2025-09-17,,utj,8,,True,2026_2025,Polls,2026_2025:0:67
2026_20250917_directpolls,2026,Direct Polls,i24 News,2025-09-17,,yashar,10,,True,2026_2025,Polls,2026_2025:0:67
2026_20250917_directpolls,2026,Direct Polls,i24 News,2025-09-17,,yesh_atid,5,,True,2026_2025,Polls,2026_2025:0:67
2026_20250917_directpolls,2026,Direct Polls,i24 News,2025-09-17,,yisrael_beytenu,10,,True,2026_2025,Polls,2026_2025:0:67
2026_20250917_filber,2026,Filber,Channel 14,2025-09-17,,balad,0,2.6,True,2026_2025,Polls,2026_2025:0:69
2026_20250917_filber,2026,Filber,Channel 14,2025-09-17,,bennett_2026,15,,True,2026_2025,Polls,2026_2025:0:69
2026_20250917_filber,2026,Filber,Channel 14,2025-09-17,,blue_white,4,,True,2026_2025,Polls,2026_2025:0:69
2026_20250917_filber,2026,Filber,Channel 14,2025-09-17,,democrats,11,,True,2026_2025,Polls,2026_2025:0:69
2026_20250917_filber,2026,Filber,Channel 14,2025-09-17,,hadash_taal,5,,True,2026_2025,Polls,2026_2025:0:69
2026_20250917_filber,2026,Filber,Channel 14,2025-09-17,,likud,33,,True,2026_2025,Polls,2026_2025:0:69
2026_20250917_filber,2026,Filber,Channel 14,2025-09-17,,otzma,7,,True,2026_2025,Polls,2026_2025:0:69
2026_20250917_filber,2026,Filber,Channel 14,2025-09-17,,raam,5,,True,2026_2025,Polls,2026_2025:0:69
2026_20250917_filber,2026,Filber,Channel 14,2025-09-17,,rzp,4,,True,2026_2025,Polls,2026_2025:0:69
2026_20250917_filber,2026,Filber,Channel 14,2025-09-17,,shas,11,,True,2026_2025,Polls,2026_2025:0:69
2026_20250917_filber,2026,Filber,Channel 14,2025-09-17,,utj,8,,True,2026_2025,Polls,2026_2025:0:69
2026_20250917_filber,2026,Filber,Channel 14,2025-09-17,,yashar,5,,True,2026_2025,Polls,2026_2025:0:69
2026_20250917_filber,2026,Filber,Channel 14,2025-09-17,,yesh_atid,4,,True,2026_2025,Polls,2026_2025:0:69
2026_20250917_filber,2026,Filber,Channel 14,2025-09-17,,yisrael_beytenu,8,,True,2026_2025,Polls,2026_2025:0:69
2026_20250917_kantar,2026,Kantar,Kan 11,2025-09-17,,balad,0,2.3,True,2026_2025,Polls,2026_2025:0:68
2026_20250917_kantar,2026,Kantar,Kan 11,2025-09-17,,bennett_2026,21,,True,2026_2025,Polls,2026_2025:0:68
2026_20250917_kantar,2026,Kantar,Kan 11,2025-09-17,,blue_white,4,,True,2026_2025,Polls,2026_2025:0:68
2026_20250917_kantar,2026,Kantar,Kan 11,2025-09-17,,democrats,10,,True,2026_2025,Polls,2026_2025:0:68
2026_20250917_kantar,2026,Kantar,Kan 11,2025-09-17,,hadash_taal,5,,True,2026_2025,Polls,2026_2025:0:68
2026_20250917_kantar,2026,Kantar,Kan 11,2025-09-17,,likud,25,,True,2026_2025,Polls,2026_2025:0:68
2026_20250917_kantar,2026,Kantar,Kan 11,2025-09-17,,otzma,8,,True,2026_2025,Polls,2026_2025:0:68
2026_20250917_kantar,2026,Kantar,Kan 11,2025-09-17,,raam,5,,True,2026_2025,Polls,2026_2025:0:68
2026_20250917_kantar,2026,Kantar,Kan 11,2025-09-17,,rzp,0,2.7,True,2026_2025,Polls,2026_2025:0:68
2026_20250917_kantar,2026,Kantar,Kan 11,2025-09-17,,shas,9,,True,2026_2025,Polls,2026_2025:0:68
2026_20250917_kantar,2026,Kantar,Kan 11,2025-09-17,,utj,8,,True,2026_2025,Polls,2026_2025:0:68
2026_20250917_kantar,2026,Kantar,Kan 11,2025-09-17,,yashar,8,,True,2026_2025,Polls,2026_2025:0:68
2026_20250917_kantar,2026,Kantar,Kan 11,2025-09-17,,yesh_atid,8,,True,2026_2025,Polls,2026_2025:0:68
2026_20250917_kantar,2026,Kantar,Kan 11,2025-09-17,,yisrael_beytenu,9,,True,2026_2025,Polls,2026_2025:0:68
2026_20250917_maagarmochot,2026,Maagar Mochot,Channel 13,2025-09-17,,balad,0,1.9,True,2026_2025,Polls,2026_2025:0:70
2026_20250917_maagarmochot,2026,Maagar Mochot,Channel 13,2025-09-17,,bennett_2026,23,,True,2026_2025,Polls,2026_2025:0:70
2026_20250917_maagarmochot,2026,Maagar Mochot,Channel 13,2025-09-17,,blue_white,4,,True,2026_2025,Polls,2026_2025:0:70
2026_20250917_maagarmochot,2026,Maagar Mochot,Channel 13,2025-09-17,,democrats,9,,True,2026_2025,Polls,2026_2025:0:70
2026_20250917_maagarmochot,2026,Maagar Mochot,Channel 13,2025-09-17,,hadash_taal,6,,True,2026_2025,Polls,2026_2025:0:70
2026_20250917_maagarmochot,2026,Maagar Mochot,Channel 13,2025-09-17,,likud,23,,True,2026_2025,Polls,2026_2025:0:70
2026_20250917_maagarmochot,2026,Maagar Mochot,Channel 13,2025-09-17,,otzma,9,,True,2026_2025,Polls,2026_2025:0:70
2026_20250917_maagarmochot,2026,Maagar Mochot,Channel 13,2025-09-17,,raam,4,,True,2026_2025,Polls,2026_2025:0:70
2026_20250917_maagarmochot,2026,Maagar Mochot,Channel 13,2025-09-17,,rzp,4,,True,2026_2025,Polls,2026_2025:0:70
2026_20250917_maagarmochot,2026,Maagar Mochot,Channel 13,2025-09-17,,shas,9,,True,2026_2025,Polls,2026_2025:0:70
2026_20250917_maagarmochot,2026,Maagar Mochot,Channel 13,2025-09-17,,utj,7,,True,2026_2025,Polls,2026_2025:0:70
2026_20250917_maagarmochot,2026,Maagar Mochot,Channel 13,2025-09-17,,yashar,5,,True,2026_2025,Polls,2026_2025:0:70
2026_20250917_maagarmochot,2026,Maagar Mochot,Channel 13,2025-09-17,,yesh_atid,8,,True,2026_2025,Polls,2026_2025:0:70
2026_20250917_maagarmochot,2026,Maagar Mochot,Channel 13,2025-09-17,,yisrael_beytenu,9,,True,2026_2025,Polls,2026_2025:0:70
2026_20250917_tatika,2026,Tatika,Zman Israel,2025-09-17,,bennett_2026,18,,True,2026_2025,Polls,2026_2025:0:71
2026_20250917_tatika,2026,Tatika,Zman Israel,2025-09-17,,blue_white,4,,True,2026_2025,Polls,2026_2025:0:71
2026_20250917_tatika,2026,Tatika,Zman Israel,2025-09-17,,democrats,8,,True,2026_2025,Polls,2026_2025:0:71
2026_20250917_tatika,2026,Tatika,Zman Israel,2025-09-17,,hadash_taal,5,,True,2026_2025,Polls,2026_2025:0:71
2026_20250917_tatika,2026,Tatika,Zman Israel,2025-09-17,,likud,24,,True,2026_2025,Polls,2026_2025:0:71
2026_20250917_tatika,2026,Tatika,Zman Israel,2025-09-17,,otzma,7,,True,2026_2025,Polls,2026_2025:0:71
2026_20250917_tatika,2026,Tatika,Zman Israel,2025-09-17,,raam,5,,True,2026_2025,Polls,2026_2025:0:71
2026_20250917_tatika,2026,Tatika,Zman Israel,2025-09-17,,shas,9,,True,2026_2025,Polls,2026_2025:0:71
2026_20250917_tatika,2026,Tatika,Zman Israel,2025-09-17,,utj,7,,True,2026_2025,Polls,2026_2025:0:71
2026_20250917_tatika,2026,Tatika,Zman Israel,2025-09-17,,yashar,12,,True,2026_2025,Polls,2026_2025:0:71
2026_20250917_tatika,2026,Tatika,Zman Israel,2025-09-17,,yesh_atid,7,,True,2026_2025,Polls,2026_2025:0:71
2026_20250917_tatika,2026,Tatika,Zman Israel,2025-09-17,,yisrael_beytenu,9,,True,2026_2025,Polls,2026_2025:0:71
2026_20250917_tatika,2026,Tatika,Zman Israel,2025-09-17,,zionist_home,5,,True,2026_2025,Polls,2026_2025:0:71
2026_20250918_lazar,2026,Lazar,Maariv,2025-09-18,,balad,0,1.9,True,2026_2025,Polls,2026_2025:0:66
2026_20250918_lazar,2026,Lazar,Maariv,2025-09-18,,bennett_2026,20,,True,2026_2025,Polls,2026_2025:0:66
2026_20250918_lazar,2026,Lazar,Maariv,2025-09-18,,blue_white,4,,True,2026_2025,Polls,2026_2025:0:66
2026_20250918_lazar,2026,Lazar,Maariv,2025-09-18,,democrats,11,,True,2026_2025,Polls,2026_2025:0:66
2026_20250918_lazar,2026,Lazar,Maariv,2025-09-18,,hadash_taal,5,,True,2026_2025,Polls,2026_2025:0:66
2026_20250918_lazar,2026,Lazar,Maariv,2025-09-18,,likud,25,,True,2026_2025,Polls,2026_2025:0:66
2026_20250918_lazar,2026,Lazar,Maariv,2025-09-18,,otzma,8,,True,2026_2025,Polls,2026_2025:0:66
2026_20250918_lazar,2026,Lazar,Maariv,2025-09-18,,raam,5,,True,2026_2025,Polls,2026_2025:0:66
2026_20250918_lazar,2026,Lazar,Maariv,2025-09-18,,rzp,0,2.4,True,2026_2025,Polls,2026_2025:0:66
2026_20250918_lazar,2026,Lazar,Maariv,2025-09-18,,shas,8,,True,2026_2025,Polls,2026_2025:0:66
2026_20250918_lazar,2026,Lazar,Maariv,2025-09-18,,utj,8,,True,2026_2025,Polls,2026_2025:0:66
2026_20250918_lazar,2026,Lazar,Maariv,2025-09-18,,yashar,9,,True,2026_2025,Polls,2026_2025:0:66
2026_20250918_lazar,2026,Lazar,Maariv,2025-09-18,,yesh_atid,7,,True,2026_2025,Polls,2026_2025:0:66
2026_20250918_lazar,2026,Lazar,Maariv,2025-09-18,,yisrael_beytenu,10,,True,2026_2025,Polls,2026_2025:0:66
2026_20250918_midgam,2026,Midgam,HaHadashot 12,2025-09-18,,balad,0,2.7,True,2026_2025,Polls,2026_2025:0:65
2026_20250918_midgam,2026,Midgam,HaHadashot 12,2025-09-18,,bennett_2026,21,,True,2026_2025,Polls,2026_2025:0:65
2026_20250918_midgam,2026,Midgam,HaHadashot 12,2025-09-18,,blue_white,0,2.6,True,2026_2025,Polls,2026_2025:0:65
2026_20250918_midgam,2026,Midgam,HaHadashot 12,2025-09-18,,democrats,10,,True,2026_2025,Polls,2026_2025:0:65
2026_20250918_midgam,2026,Midgam,HaHadashot 12,2025-09-18,,hadash_taal,5,,True,2026_2025,Polls,2026_2025:0:65
2026_20250918_midgam,2026,Midgam,HaHadashot 12,2025-09-18,,likud,24,,True,2026_2025,Polls,2026_2025:0:65
2026_20250918_midgam,2026,Midgam,HaHadashot 12,2025-09-18,,otzma,5,,True,2026_2025,Polls,2026_2025:0:65
2026_20250918_midgam,2026,Midgam,HaHadashot 12,2025-09-18,,raam,5,,True,2026_2025,Polls,2026_2025:0:65
2026_20250918_midgam,2026,Midgam,HaHadashot 12,2025-09-18,,rzp,4,,True,2026_2025,Polls,2026_2025:0:65
2026_20250918_midgam,2026,Midgam,HaHadashot 12,2025-09-18,,shas,9,,True,2026_2025,Polls,2026_2025:0:65
2026_20250918_midgam,2026,Midgam,HaHadashot 12,2025-09-18,,utj,7,,True,2026_2025,Polls,2026_2025:0:65
2026_20250918_midgam,2026,Midgam,HaHadashot 12,2025-09-18,,yashar,10,,True,2026_2025,Polls,2026_2025:0:65
2026_20250918_midgam,2026,Midgam,HaHadashot 12,2025-09-18,,yesh_atid,9,,True,2026_2025,Polls,2026_2025:0:65
2026_20250918_midgam,2026,Midgam,HaHadashot 12,2025-09-18,,yisrael_beytenu,11,,True,2026_2025,Polls,2026_2025:0:65
2026_20250925_lazar,2026,Lazar,Maariv,2025-09-25,,balad,0,2.4,True,2026_2025,Polls,2026_2025:0:64
2026_20250925_lazar,2026,Lazar,Maariv,2025-09-25,,bennett_2026,20,,True,2026_2025,Polls,2026_2025:0:64
2026_20250925_lazar,2026,Lazar,Maariv,2025-09-25,,blue_white,0,2.9,True,2026_2025,Polls,2026_2025:0:64
2026_20250925_lazar,2026,Lazar,Maariv,2025-09-25,,democrats,12,,True,2026_2025,Polls,2026_2025:0:64
2026_20250925_lazar,2026,Lazar,Maariv,2025-09-25,,hadash_taal,5,,True,2026_2025,Polls,2026_2025:0:64
2026_20250925_lazar,2026,Lazar,Maariv,2025-09-25,,likud,26,,True,2026_2025,Polls,2026_2025:0:64
2026_20250925_lazar,2026,Lazar,Maariv,2025-09-25,,otzma,7,,True,2026_2025,Polls,2026_2025:0:64
2026_20250925_lazar,2026,Lazar,Maariv,2025-09-25,,raam,5,,True,2026_2025,Polls,2026_2025:0:64
2026_20250925_lazar,2026,Lazar,Maariv,2025-09-25,,rzp,0,2.5,True,2026_2025,Polls,2026_2025:0:64
2026_20250925_lazar,2026,Lazar,Maariv,2025-09-25,,shas,8,,True,2026_2025,Polls,2026_2025:0:64
2026_20250925_lazar,2026,Lazar,Maariv,2025-09-25,,utj,7,,True,2026_2025,Polls,2026_2025:0:64
2026_20250925_lazar,2026,Lazar,Maariv,2025-09-25,,yashar,9,,True,2026_2025,Polls,2026_2025:0:64
2026_20250925_lazar,2026,Lazar,Maariv,2025-09-25,,yesh_atid,8,,True,2026_2025,Polls,2026_2025:0:64
2026_20250925_lazar,2026,Lazar,Maariv,2025-09-25,,yisrael_beytenu,9,,True,2026_2025,Polls,2026_2025:0:64
2026_20250925_lazar,2026,Lazar,Maariv,2025-09-25,,zionist_home,4,,True,2026_2025,Polls,2026_2025:0:64
2026_20250925_midgam,2026,Midgam,HaHadashot 12,2025-09-25,,balad,0,1.9,True,2026_2025,Polls,2026_2025:0:63
2026_20250925_midgam,2026,Midgam,HaHadashot 12,2025-09-25,,bennett_2026,19,,True,2026_2025,Polls,2026_2025:0:63
2026_20250925_midgam,2026,Midgam,HaHadashot 12,2025-09-25,,blue_white,0,2.5,True,2026_2025,Polls,2026_2025:0:63
2026_20250925_midgam,2026,Midgam,HaHadashot 12,2025-09-25,,democrats,11,,True,2026_2025,Polls,2026_2025:0:63
2026_20250925_midgam,2026,Midgam,HaHadashot 12,2025-09-25,,hadash_taal,5,,True,2026_2025,Polls,2026_2025:0:63
2026_20250925_midgam,2026,Midgam,HaHadashot 12,2025-09-25,,likud,24,,True,2026_2025,Polls,2026_2025:0:63
2026_20250925_midgam,2026,Midgam,HaHadashot 12,2025-09-25,,otzma,5,,True,2026_2025,Polls,2026_2025:0:63
2026_20250925_midgam,2026,Midgam,HaHadashot 12,2025-09-25,,raam,5,,True,2026_2025,Polls,2026_2025:0:63
2026_20250925_midgam,2026,Midgam,HaHadashot 12,2025-09-25,,rzp,4,,True,2026_2025,Polls,2026_2025:0:63
2026_20250925_midgam,2026,Midgam,HaHadashot 12,2025-09-25,,shas,9,,True,2026_2025,Polls,2026_2025:0:63
2026_20250925_midgam,2026,Midgam,HaHadashot 12,2025-09-25,,utj,7,,True,2026_2025,Polls,2026_2025:0:63
2026_20250925_midgam,2026,Midgam,HaHadashot 12,2025-09-25,,yashar,8,,True,2026_2025,Polls,2026_2025:0:63
2026_20250925_midgam,2026,Midgam,HaHadashot 12,2025-09-25,,yesh_atid,8,,True,2026_2025,Polls,2026_2025:0:63
2026_20250925_midgam,2026,Midgam,HaHadashot 12,2025-09-25,,yisrael_beytenu,11,,True,2026_2025,Polls,2026_2025:0:63
2026_20250925_midgam,2026,Midgam,HaHadashot 12,2025-09-25,,zionist_home,4,,True,2026_2025,Polls,2026_2025:0:63
2026_20250928_filber,2026,Filber,Channel 14,2025-09-28,,balad,0,2.6,True,2026_2025,Polls,2026_2025:0:62
2026_20250928_filber,2026,Filber,Channel 14,2025-09-28,,bennett_2026,16,,True,2026_2025,Polls,2026_2025:0:62
2026_20250928_filber,2026,Filber,Channel 14,2025-09-28,,blue_white,0,2.7,True,2026_2025,Polls,2026_2025:0:62
2026_20250928_filber,2026,Filber,Channel 14,2025-09-28,,democrats,13,,True,2026_2025,Polls,2026_2025:0:62
2026_20250928_filber,2026,Filber,Channel 14,2025-09-28,,hadash_taal,5,,True,2026_2025,Polls,2026_2025:0:62
2026_20250928_filber,2026,Filber,Channel 14,2025-09-28,,likud,34,,True,2026_2025,Polls,2026_2025:0:62
2026_20250928_filber,2026,Filber,Channel 14,2025-09-28,,otzma,6,,True,2026_2025,Polls,2026_2025:0:62
2026_20250928_filber,2026,Filber,Channel 14,2025-09-28,,raam,5,,True,2026_2025,Polls,2026_2025:0:62
2026_20250928_filber,2026,Filber,Channel 14,2025-09-28,,rzp,4,,True,2026_2025,Polls,2026_2025:0:62
2026_20250928_filber,2026,Filber,Channel 14,2025-09-28,,shas,11,,True,2026_2025,Polls,2026_2025:0:62
2026_20250928_filber,2026,Filber,Channel 14,2025-09-28,,utj,8,,True,2026_2025,Polls,2026_2025:0:62
2026_20250928_filber,2026,Filber,Channel 14,2025-09-28,,yashar,6,,True,2026_2025,Polls,2026_2025:0:62
2026_20250928_filber,2026,Filber,Channel 14,2025-09-28,,yesh_atid,4,,True,2026_2025,Polls,2026_2025:0:62
2026_20250928_filber,2026,Filber,Channel 14,2025-09-28,,yisrael_beytenu,8,,True,2026_2025,Polls,2026_2025:0:62
2026_20250930_directpolls,2026,Direct Polls,i24 News,2025-09-30,,balad,0,2.7,True,2026_2025,Polls,2026_2025:0:61
2026_20250930_directpolls,2026,Direct Polls,i24 News,2025-09-30,,bennett_2026,15,,True,2026_2025,Polls,2026_2025:0:61
2026_20250930_directpolls,2026,Direct Polls,i24 News,2025-09-30,,blue_white,0,2.7,True,2026_2025,Polls,2026_2025:0:61
2026_20250930_directpolls,2026,Direct Polls,i24 News,2025-09-30,,democrats,10,,True,2026_2025,Polls,2026_2025:0:61
2026_20250930_directpolls,2026,Direct Polls,i24 News,2025-09-30,,hadash_taal,5,,True,2026_2025,Polls,2026_2025:0:61
2026_20250930_directpolls,2026,Direct Polls,i24 News,2025-09-30,,likud,33,,True,2026_2025,Polls,2026_2025:0:61
2026_20250930_directpolls,2026,Direct Polls,i24 News,2025-09-30,,otzma,7,,True,2026_2025,Polls,2026_2025:0:61
2026_20250930_directpolls,2026,Direct Polls,i24 News,2025-09-30,,raam,5,,True,2026_2025,Polls,2026_2025:0:61
2026_20250930_directpolls,2026,Direct Polls,i24 News,2025-09-30,,rzp,5,,True,2026_2025,Polls,2026_2025:0:61
2026_20250930_directpolls,2026,Direct Polls,i24 News,2025-09-30,,shas,10,,True,2026_2025,Polls,2026_2025:0:61
2026_20250930_directpolls,2026,Direct Polls,i24 News,2025-09-30,,utj,8,,True,2026_2025,Polls,2026_2025:0:61
2026_20250930_directpolls,2026,Direct Polls,i24 News,2025-09-30,,yashar,8,,True,2026_2025,Polls,2026_2025:0:61
2026_20250930_directpolls,2026,Direct Polls,i24 News,2025-09-30,,yesh_atid,4,,True,2026_2025,Polls,2026_2025:0:61
2026_20250930_directpolls,2026,Direct Polls,i24 News,2025-09-30,,yisrael_beytenu,10,,True,2026_2025,Polls,2026_2025:0:61
2026_20250930_directpolls,2026,Direct Polls,i24 News,2025-09-30,,zionist_home,0,3.0,True,2026_2025,Polls,2026_2025:0:61
2026_20250930_lazara,2026,Lazar,Maariv,2025-09-30,,balad,0,2.0,True,2026_2025,Polls,2026_2025:0:58
2026_20250930_lazara,2026,Lazar,Maariv,2025-09-30,,bennett_2026,22,,True,2026_2025,Polls,2026_2025:0:58
2026_20250930_lazara,2026,Lazar,Maariv,2025-09-30,,blue_white,0,3.0,True,2026_2025,Polls,2026_2025:0:58
2026_20250930_lazara,2026,Lazar,Maariv,2025-09-30,,democrats,10,,True,2026_2025,Polls,2026_2025:0:58
2026_20250930_lazara,2026,Lazar,Maariv,2025-09-30,,hadash_taal,5,,True,2026_2025,Polls,2026_2025:0:58
2026_20250930_lazara,2026,Lazar,Maariv,2025-09-30,,likud,25,,True,2026_2025,Polls,2026_2025:0:58
2026_20250930_lazara,2026,Lazar,Maariv,2025-09-30,,otzma,9,,True,2026_2025,Polls,2026_2025:0:58
2026_20250930_lazara,2026,Lazar,Maariv,2025-09-30,,raam,5,,True,2026_2025,Polls,2026_2025:0:58
2026_20250930_lazara,2026,Lazar,Maariv,2025-09-30,,rzp,0,2.3,True,2026_2025,Polls,2026_2025:0:58
2026_20250930_lazara,2026,Lazar,Maariv,2025-09-30,,shas,8,,True,2026_2025,Polls,2026_2025:0:58
2026_20250930_lazara,2026,Lazar,Maariv,2025-09-30,,utj,7,,True,2026_2025,Polls,2026_2025:0:58
2026_20250930_lazara,2026,Lazar,Maariv,2025-09-30,,yashar,7,,True,2026_2025,Polls,2026_2025:0:58
2026_20250930_lazara,2026,Lazar,Maariv,2025-09-30,,yesh_atid,7,,True,2026_2025,Polls,2026_2025:0:58
2026_20250930_lazara,2026,Lazar,Maariv,2025-09-30,,yisrael_beytenu,10,,True,2026_2025,Polls,2026_2025:0:58
2026_20250930_lazara,2026,Lazar,Maariv,2025-09-30,,zionist_home,5,,True,2026_2025,Polls,2026_2025:0:58
2026_20250930_lazarb,2026,Lazar,Walla,2025-09-30,,bennett_2026,23,,True,2026_2025,Polls,2026_2025:0:60
2026_20250930_lazarb,2026,Lazar,Walla,2025-09-30,,democrats,9,,True,2026_2025,Polls,2026_2025:0:60
2026_20250930_lazarb,2026,Lazar,Walla,2025-09-30,,hadash_taal,5,,True,2026_2025,Polls,2026_2025:0:60
2026_20250930_lazarb,2026,Lazar,Walla,2025-09-30,,likud,24,,True,2026_2025,Polls,2026_2025:0:60
2026_20250930_lazarb,2026,Lazar,Walla,2025-09-30,,otzma,9,,True,2026_2025,Polls,2026_2025:0:60
2026_20250930_lazarb,2026,Lazar,Walla,2025-09-30,,raam,5,,True,2026_2025,Polls,2026_2025:0:60
2026_20250930_lazarb,2026,Lazar,Walla,2025-09-30,,shas,8,,True,2026_2025,Polls,2026_2025:0:60
2026_20250930_lazarb,2026,Lazar,Walla,2025-09-30,,utj,7,,True,2026_2025,Polls,2026_2025:0:60
2026_20250930_lazarb,2026,Lazar,Walla,2025-09-30,,yashar,7,,True,2026_2025,Polls,2026_2025:0:60
2026_20250930_lazarb,2026,Lazar,Walla,2025-09-30,,yesh_atid,7,,True,2026_2025,Polls,2026_2025:0:60
2026_20250930_lazarb,2026,Lazar,Walla,2025-09-30,,yisrael_beytenu,11,,True,2026_2025,Polls,2026_2025:0:60
2026_20250930_lazarb,2026,Lazar,Walla,2025-09-30,,zionist_home,5,,True,2026_2025,Polls,2026_2025:0:60
2026_20250930_maagarmochot,2026,Maagar Mochot,Channel 13,2025-09-30,,balad,0,2.6,True,2026_2025,Polls,2026_2025:0:59
2026_20250930_maagarmochot,2026,Maagar Mochot,Channel 13,2025-09-30,,bennett_2026,25,,True,2026_2025,Polls,2026_2025:0:59
2026_20250930_maagarmochot,2026,Maagar Mochot,Channel 13,2025-09-30,,blue_white,4,,True,2026_2025,Polls,2026_2025:0:59
2026_20250930_maagarmochot,2026,Maagar Mochot,Channel 13,2025-09-30,,democrats,10,,True,2026_2025,Polls,2026_2025:0:59
2026_20250930_maagarmochot,2026,Maagar Mochot,Channel 13,2025-09-30,,hadash_taal,6,,True,2026_2025,Polls,2026_2025:0:59
2026_20250930_maagarmochot,2026,Maagar Mochot,Channel 13,2025-09-30,,likud,23,,True,2026_2025,Polls,2026_2025:0:59
2026_20250930_maagarmochot,2026,Maagar Mochot,Channel 13,2025-09-30,,otzma,9,,True,2026_2025,Polls,2026_2025:0:59
2026_20250930_maagarmochot,2026,Maagar Mochot,Channel 13,2025-09-30,,raam,5,,True,2026_2025,Polls,2026_2025:0:59
2026_20250930_maagarmochot,2026,Maagar Mochot,Channel 13,2025-09-30,,rzp,4,,True,2026_2025,Polls,2026_2025:0:59
2026_20250930_maagarmochot,2026,Maagar Mochot,Channel 13,2025-09-30,,shas,9,,True,2026_2025,Polls,2026_2025:0:59
2026_20250930_maagarmochot,2026,Maagar Mochot,Channel 13,2025-09-30,,utj,7,,True,2026_2025,Polls,2026_2025:0:59
2026_20250930_maagarmochot,2026,Maagar Mochot,Channel 13,2025-09-30,,yashar,5,,True,2026_2025,Polls,2026_2025:0:59
2026_20250930_maagarmochot,2026,Maagar Mochot,Channel 13,2025-09-30,,yesh_atid,6,,True,2026_2025,Polls,2026_2025:0:59
2026_20250930_maagarmochot,2026,Maagar Mochot,Channel 13,2025-09-30,,yisrael_beytenu,7,,True,2026_2025,Polls,2026_2025:0:59
2026_20250930_maagarmochot,2026,Maagar Mochot,Channel 13,2025-09-30,,zionist_home,0,2.0,True,2026_2025,Polls,2026_2025:0:59
2026_20251009_filber,2026,Filber,Channel 14,2025-10-09,,balad,0,2.4,True,2026_2025,Polls,2026_2025:0:56
2026_20251009_filber,2026,Filber,Channel 14,2025-10-09,,bennett_2026,16,,True,2026_2025,Polls,2026_2025:0:56
2026_20251009_filber,2026,Filber,Channel 14,2025-10-09,,blue_white,0,2.7,True,2026_2025,Polls,2026_2025:0:56
2026_20251009_filber,2026,Filber,Channel 14,2025-10-09,,democrats,11,,True,2026_2025,Polls,2026_2025:0:56
2026_20251009_filber,2026,Filber,Channel 14,2025-10-09,,hadash_taal,5,,True,2026_2025,Polls,2026_2025:0:56
2026_20251009_filber,2026,Filber,Channel 14,2025-10-09,,likud,34,,True,2026_2025,Polls,2026_2025:0:56
2026_20251009_filber,2026,Filber,Channel 14,2025-10-09,,otzma,6,,True,2026_2025,Polls,2026_2025:0:56
2026_20251009_filber,2026,Filber,Channel 14,2025-10-09,,raam,5,,True,2026_2025,Polls,2026_2025:0:56
2026_20251009_filber,2026,Filber,Channel 14,2025-10-09,,rzp,5,,True,2026_2025,Polls,2026_2025:0:56
2026_20251009_filber,2026,Filber,Channel 14,2025-10-09,,shas,11,,True,2026_2025,Polls,2026_2025:0:56
2026_20251009_filber,2026,Filber,Channel 14,2025-10-09,,utj,8,,True,2026_2025,Polls,2026_2025:0:56
2026_20251009_filber,2026,Filber,Channel 14,2025-10-09,,yashar,6,,True,2026_2025,Polls,2026_2025:0:56
2026_20251009_filber,2026,Filber,Channel 14,2025-10-09,,yesh_atid,0,2.6,True,2026_2025,Polls,2026_2025:0:56
2026_20251009_filber,2026,Filber,Channel 14,2025-10-09,,yisrael_beytenu,13,,True,2026_2025,Polls,2026_2025:0:56
2026_20251009_maagarmochot,2026,Maagar Mochot,Channel 13,2025-10-09,,balad,0,2.6,True,2026_2025,Polls,2026_2025:0:55
2026_20251009_maagarmochot,2026,Maagar Mochot,Channel 13,2025-10-09,,bennett_2026,23,,True,2026_2025,Polls,2026_2025:0:55
2026_20251009_maagarmochot,2026,Maagar Mochot,Channel 13,2025-10-09,,blue_white,4,,True,2026_2025,Polls,2026_2025:0:55
2026_20251009_maagarmochot,2026,Maagar Mochot,Channel 13,2025-10-09,,democrats,10,,True,2026_2025,Polls,2026_2025:0:55
2026_20251009_maagarmochot,2026,Maagar Mochot,Channel 13,2025-10-09,,hadash_taal,6,,True,2026_2025,Polls,2026_2025:0:55
2026_20251009_maagarmochot,2026,Maagar Mochot,Channel 13,2025-10-09,,likud,27,,True,2026_2025,Polls,2026_2025:0:55
2026_20251009_maagarmochot,2026,Maagar Mochot,Channel 13,2025-10-09,,otzma,9,,True,2026_2025,Polls,2026_2025:0:55
2026_20251009_maagarmochot,2026,Maagar Mochot,Channel 13,2025-10-09,,raam,5,,True,2026_2025,Polls,2026_2025:0:55
2026_20251009_maagarmochot,2026,Maagar Mochot,Channel 13,2025-10-09,,rzp,4,,True,2026_2025,Polls,2026_2025:0:55
2026_20251009_maagarmochot,2026,Maagar Mochot,Channel 13,2025-10-09,,shas,9,,True,2026_2025,Polls,2026_2025:0:55
2026_20251009_maagarmochot,2026,Maagar Mochot,Channel 13,2025-10-09,,utj,7,,True,2026_2025,Polls,2026_2025:0:55
2026_20251009_maagarmochot,2026,Maagar Mochot,Channel 13,2025-10-09,,yashar,4,,True,2026_2025,Polls,2026_2025:0:55
2026_20251009_maagarmochot,2026,Maagar Mochot,Channel 13,2025-10-09,,yesh_atid,6,,True,2026_2025,Polls,2026_2025:0:55
2026_20251009_maagarmochot,2026,Maagar Mochot,Channel 13,2025-10-09,,yisrael_beytenu,6,,True,2026_2025,Polls,2026_2025:0:55
2026_20251009_maagarmochot,2026,Maagar Mochot,Channel 13,2025-10-09,,zionist_home,0,2.7,True,2026_2025,Polls,2026_2025:0:55
2026_20251010_lazar,2026,Lazar,Maariv,2025-10-10,,balad,0,1.6,True,2026_2025,Polls,2026_2025:0:54
2026_20251010_lazar,2026,Lazar,Maariv,2025-10-10,,bennett_2026,19,,True,2026_2025,Polls,2026_2025:0:54
2026_20251010_lazar,2026,Lazar,Maariv,2025-10-10,,blue_white,0,2.3,True,2026_2025,Polls,2026_2025:0:54
2026_20251010_lazar,2026,Lazar,Maariv,2025-10-10,,democrats,10,,True,2026_2025,Polls,2026_2025:0:54
2026_20251010_lazar,2026,Lazar,Maariv,2025-10-10,,hadash_taal,5,,True,2026_2025,Polls,2026_2025:0:54
2026_20251010_lazar,2026,Lazar,Maariv,2025-10-10,,likud,27,,True,2026_2025,Polls,2026_2025:0:54
2026_20251010_lazar,2026,Lazar,Maariv,2025-10-10,,otzma,6,,True,2026_2025,Polls,2026_2025:0:54
2026_20251010_lazar,2026,Lazar,Maariv,2025-10-10,,raam,5,,True,2026_2025,Polls,2026_2025:0:54
2026_20251010_lazar,2026,Lazar,Maariv,2025-10-10,,rzp,0,2.3,True,2026_2025,Polls,2026_2025:0:54
2026_20251010_lazar,2026,Lazar,Maariv,2025-10-10,,shas,8,,True,2026_2025,Polls,2026_2025:0:54
2026_20251010_lazar,2026,Lazar,Maariv,2025-10-10,,utj,7,,True,2026_2025,Polls,2026_2025:0:54
2026_20251010_lazar,2026,Lazar,Maariv,2025-10-10,,yashar,8,,True,2026_2025,Polls,2026_2025:0:54
2026_20251010_lazar,2026,Lazar,Maariv,2025-10-10,,yesh_atid,10,,True,2026_2025,Polls,2026_2025:0:54
2026_20251010_lazar,2026,Lazar,Maariv,2025-10-10,,yisrael_beytenu,10,,True,2026_2025,Polls,2026_2025:0:54
2026_20251010_lazar,2026,Lazar,Maariv,2025-10-10,,zionist_home,5,,True,2026_2025,Polls,2026_2025:0:54
2026_20251015_filber,2026,Filber,Channel 14,2025-10-15,,balad,0,2.4,True,2026_2025,Polls,2026_2025:0:52
2026_20251015_filber,2026,Filber,Channel 14,2025-10-15,,bennett_2026,13,,True,2026_2025,Polls,2026_2025:0:52
2026_20251015_filber,2026,Filber,Channel 14,2025-10-15,,blue_white,0,1.7,True,2026_2025,Polls,2026_2025:0:52
2026_20251015_filber,2026,Filber,Channel 14,2025-10-15,,democrats,10,,True,2026_2025,Polls,2026_2025:0:52
2026_20251015_filber,2026,Filber,Channel 14,2025-10-15,,hadash_taal,5,,True,2026_2025,Polls,2026_2025:0:52
2026_20251015_filber,2026,Filber,Channel 14,2025-10-15,,likud,35,,True,2026_2025,Polls,2026_2025:0:52
2026_20251015_filber,2026,Filber,Channel 14,2025-10-15,,otzma,7,,True,2026_2025,Polls,2026_2025:0:52
2026_20251015_filber,2026,Filber,Channel 14,2025-10-15,,raam,6,,True,2026_2025,Polls,2026_2025:0:52
2026_20251015_filber,2026,Filber,Channel 14,2025-10-15,,rzp,5,,True,2026_2025,Polls,2026_2025:0:52
2026_20251015_filber,2026,Filber,Channel 14,2025-10-15,,shas,11,,True,2026_2025,Polls,2026_2025:0:52
2026_20251015_filber,2026,Filber,Channel 14,2025-10-15,,utj,8,,True,2026_2025,Polls,2026_2025:0:52
2026_20251015_filber,2026,Filber,Channel 14,2025-10-15,,yashar,5,,True,2026_2025,Polls,2026_2025:0:52
2026_20251015_filber,2026,Filber,Channel 14,2025-10-15,,yesh_atid,4,,True,2026_2025,Polls,2026_2025:0:52
2026_20251015_filber,2026,Filber,Channel 14,2025-10-15,,yisrael_beytenu,11,,True,2026_2025,Polls,2026_2025:0:52
2026_20251015_trendzone,2026,TrendZone,–,2025-10-15,,bennett_2026,22,,True,2026_2025,Polls,2026_2025:0:53
2026_20251015_trendzone,2026,TrendZone,–,2025-10-15,,democrats,12,,True,2026_2025,Polls,2026_2025:0:53
2026_20251015_trendzone,2026,TrendZone,–,2025-10-15,,hadash_taal,6,,True,2026_2025,Polls,2026_2025:0:53
2026_20251015_trendzone,2026,TrendZone,–,2025-10-15,,likud,40,,True,2026_2025,Polls,2026_2025:0:53
2026_20251015_trendzone,2026,TrendZone,–,2025-10-15,,otzma,5,,True,2026_2025,Polls,2026_2025:0:53
2026_20251015_trendzone,2026,TrendZone,–,2025-10-15,,raam,5,,True,2026_2025,Polls,2026_2025:0:53
2026_20251015_trendzone,2026,TrendZone,–,2025-10-15,,shas,8,,True,2026_2025,Polls,2026_2025:0:53
2026_20251015_trendzone,2026,TrendZone,–,2025-10-15,,utj,7,,True,2026_2025,Polls,2026_2025:0:53
2026_20251015_trendzone,2026,TrendZone,–,2025-10-15,,yashar,6,,True,2026_2025,Polls,2026_2025:0:53
2026_20251015_trendzone,2026,TrendZone,–,2025-10-15,,yesh_atid,4,,True,2026_2025,Polls,2026_2025:0:53
2026_20251015_trendzone,2026,TrendZone,–,2025-10-15,,yisrael_beytenu,5,,True,2026_2025,Polls,2026_2025:0:53
2026_20251016_midgam,2026,Midgam,HaHadashot 12,2025-10-16,,balad,0,1.4,True,2026_2025,Polls,2026_2025:0:50
2026_20251016_midgam,2026,Midgam,HaHadashot 12,2025-10-16,,bennett_2026,22,,True,2026_2025,Polls,2026_2025:0:50
2026_20251016_midgam,2026,Midgam,HaHadashot 12,2025-10-16,,blue_white,0,2.6,True,2026_2025,Polls,2026_2025:0:50
2026_20251016_midgam,2026,Midgam,HaHadashot 12,2025-10-16,,democrats,11,,True,2026_2025,Polls,2026_2025:0:50
2026_20251016_midgam,2026,Midgam,HaHadashot 12,2025-10-16,,hadash_taal,5,,True,2026_2025,Polls,2026_2025:0:50
2026_20251016_midgam,2026,Midgam,HaHadashot 12,2025-10-16,,likud,27,,True,2026_2025,Polls,2026_2025:0:50
2026_20251016_midgam,2026,Midgam,HaHadashot 12,2025-10-16,,otzma,8,,True,2026_2025,Polls,2026_2025:0:50
2026_20251016_midgam,2026,Midgam,HaHadashot 12,2025-10-16,,raam,5,,True,2026_2025,Polls,2026_2025:0:50
2026_20251016_midgam,2026,Midgam,HaHadashot 12,2025-10-16,,rzp,0,2.5,True,2026_2025,Polls,2026_2025:0:50
2026_20251016_midgam,2026,Midgam,HaHadashot 12,2025-10-16,,shas,9,,True,2026_2025,Polls,2026_2025:0:50
2026_20251016_midgam,2026,Midgam,HaHadashot 12,2025-10-16,,utj,7,,True,2026_2025,Polls,2026_2025:0:50
2026_20251016_midgam,2026,Midgam,HaHadashot 12,2025-10-16,,yashar,8,,True,2026_2025,Polls,2026_2025:0:50
2026_20251016_midgam,2026,Midgam,HaHadashot 12,2025-10-16,,yesh_atid,9,,True,2026_2025,Polls,2026_2025:0:50
2026_20251016_midgam,2026,Midgam,HaHadashot 12,2025-10-16,,yisrael_beytenu,9,,True,2026_2025,Polls,2026_2025:0:50
2026_20251016_midgam,2026,Midgam,HaHadashot 12,2025-10-16,,zionist_home,0,1.4,True,2026_2025,Polls,2026_2025:0:50
2026_20251016_tatika,2026,Tatika,Zman Israel,2025-10-16,,bennett_2026,20,,True,2026_2025,Polls,2026_2025:0:51
2026_20251016_tatika,2026,Tatika,Zman Israel,2025-10-16,,blue_white,4,,True,2026_2025,Polls,2026_2025:0:51
2026_20251016_tatika,2026,Tatika,Zman Israel,2025-10-16,,democrats,7,,True,2026_2025,Polls,2026_2025:0:51
2026_20251016_tatika,2026,Tatika,Zman Israel,2025-10-16,,hadash_taal,4,,True,2026_2025,Polls,2026_2025:0:51
2026_20251016_tatika,2026,Tatika,Zman Israel,2025-10-16,,likud,34,,True,2026_2025,Polls,2026_2025:0:51
2026_20251016_tatika,2026,Tatika,Zman Israel,2025-10-16,,otzma,5,,True,2026_2025,Polls,2026_2025:0:51
2026_20251016_tatika,2026,Tatika,Zman Israel,2025-10-16,,raam,4,,True,2026_2025,Polls,2026_2025:0:51
2026_20251016_tatika,2026,Tatika,Zman Israel,2025-10-16,,rzp,4,,True,2026_2025,Polls,2026_2025:0:51
2026_20251016_tatika,2026,Tatika,Zman Israel,2025-10-16,,shas,9,,True,2026_2025,Polls,2026_2025:0:51
2026_20251016_tatika,2026,Tatika,Zman Israel,2025-10-16,,utj,7,,True,2026_2025,Polls,2026_2025:0:51
2026_20251016_tatika,2026,Tatika,Zman Israel,2025-10-16,,yashar,5,,True,2026_2025,Polls,2026_2025:0:51
2026_20251016_tatika,2026,Tatika,Zman Israel,2025-10-16,,yesh_atid,7,,True,2026_2025,Polls,2026_2025:0:51
2026_20251016_tatika,2026,Tatika,Zman Israel,2025-10-16,,yisrael_beytenu,10,,True,2026_2025,Polls,2026_2025:0:51
2026_20251017_lazar,2026,Lazar,Maariv,2025-10-17,,balad,0,1.9,False,2026_2025,Polls,2026_2025:0:49
2026_20251017_lazar,2026,Lazar,Maariv,2025-10-17,,bennett_2026,20,,False,2026_2025,Polls,2026_2025:0:49
2026_20251017_lazar,2026,Lazar,Maariv,2025-10-17,,blue_white,0,2.6,False,2026_2025,Polls,2026_2025:0:49
2026_20251017_lazar,2026,Lazar,Maariv,2025-10-17,,democrats,11,,False,2026_2025,Polls,2026_2025:0:49
2026_20251017_lazar,2026,Lazar,Maariv,2025-10-17,,hadash_taal,5,,False,2026_2025,Polls,2026_2025:0:49
2026_20251017_lazar,2026,Lazar,Maariv,2025-10-17,,likud,26,,False,2026_2025,Polls,2026_2025:0:49
2026_20251017_lazar,2026,Lazar,Maariv,2025-10-17,,otzma,7,,False,2026_2025,Polls,2026_2025:0:49
2026_20251017_lazar,2026,Lazar,Maariv,2025-10-17,,raam,5,,False,2026_2025,Polls,2026_2025:0:49
2026_20251017_lazar,2026,Lazar,Maariv,2025-10-17,,rzp,4,,False,2026_2025,Polls,2026_2025:0:49
2026_20251017_lazar,2026,Lazar,Maariv,2025-10-17,,shas,8,,False,2026_2025,Polls,2026_2025:0:49
2026_20251017_lazar,2026,Lazar,Maariv,2025-10-17,,utj,7,,False,2026_2025,Polls,2026_2025:0:49
2026_20251017_lazar,2026,Lazar,Maariv,2025-10-17,,yashar,6,,False,2026_2025,Polls,2026_2025:0:49
2026_20251017_lazar,2026,Lazar,Maariv,2025-10-17,,yesh_atid,7,,False,2026_2025,Polls,2026_2025:0:49
2026_20251017_lazar,2026,Lazar,Maariv,2025-10-17,,yisrael_beytenu,9,,False,2026_2025,Polls,2026_2025:0:49
2026_20251017_lazar,2026,Lazar,Maariv,2025-10-17,,zionist_home,4,,False,2026_2025,Polls,2026_2025:0:49
2026_20251019_directpolls,2026,Direct Polls,i24 News,2025-10-19,,balad,0,2.6,True,2026_2025,Polls,2026_2025:0:48
2026_20251019_directpolls,2026,Direct Polls,i24 News,2025-10-19,,bennett_2026,17,,True,2026_2025,Polls,2026_2025:0:48
2026_20251019_directpolls,2026,Direct Polls,i24 News,2025-10-19,,blue_white,0,1.2,True,2026_2025,Polls,2026_2025:0:48
2026_20251019_directpolls,2026,Direct Polls,i24 News,2025-10-19,,democrats,10,,True,2026_2025,Polls,2026_2025:0:48
2026_20251019_directpolls,2026,Direct Polls,i24 News,2025-10-19,,hadash_taal,5,,True,2026_2025,Polls,2026_2025:0:48
2026_20251019_directpolls,2026,Direct Polls,i24 News,2025-10-19,,likud,34,,True,2026_2025,Polls,2026_2025:0:48
2026_20251019_directpolls,2026,Direct Polls,i24 News,2025-10-19,,otzma,6,,True,2026_2025,Polls,2026_2025:0:48
2026_20251019_directpolls,2026,Direct Polls,i24 News,2025-10-19,,raam,6,,True,2026_2025,Polls,2026_2025:0:48
2026_20251019_directpolls,2026,Direct Polls,i24 News,2025-10-19,,rzp,5,,True,2026_2025,Polls,2026_2025:0:48
2026_20251019_directpolls,2026,Direct Polls,i24 News,2025-10-19,,shas,10,,True,2026_2025,Polls,2026_2025:0:48
2026_20251019_directpolls,2026,Direct Polls,i24 News,2025-10-19,,utj,8,,True,2026_2025,Polls,2026_2025:0:48
2026_20251019_directpolls,2026,Direct Polls,i24 News,2025-10-19,,yashar,6,,True,2026_2025,Polls,2026_2025:0:48
2026_20251019_directpolls,2026,Direct Polls,i24 News,2025-10-19,,yesh_atid,4,,True,2026_2025,Polls,2026_2025:0:48
2026_20251019_directpolls,2026,Direct Polls,i24 News,2025-10-19,,yisrael_beytenu,9,,True,2026_2025,Polls,2026_2025:0:48
2026_20251019_directpolls,2026,Direct Polls,i24 News,2025-10-19,,zionist_home,0,2.5,True,2026_2025,Polls,2026_2025:0:48
2026_20251023_filber,2026,Filber,Channel 14,2025-10-23,,balad,0,2.4,True,2026_2025,Polls,2026_2025:0:45
2026_20251023_filber,2026,Filber,Channel 14,2025-10-23,,bennett_2026,11,,True,2026_2025,Polls,2026_2025:0:45
2026_20251023_filber,2026,Filber,Channel 14,2025-10-23,,blue_white,0,2.3,True,2026_2025,Polls,2026_2025:0:45
2026_20251023_filber,2026,Filber,Channel 14,2025-10-23,,democrats,12,,True,2026_2025,Polls,2026_2025:0:45
2026_20251023_filber,2026,Filber,Channel 14,2025-10-23,,hadash_taal,5,,True,2026_2025,Polls,2026_2025:0:45
2026_20251023_filber,2026,Filber,Channel 14,2025-10-23,,likud,36,,True,2026_2025,Polls,2026_2025:0:45
2026_20251023_filber,2026,Filber,Channel 14,2025-10-23,,otzma,7,,True,2026_2025,Polls,2026_2025:0:45
2026_20251023_filber,2026,Filber,Channel 14,2025-10-23,,raam,5,,True,2026_2025,Polls,2026_2025:0:45
2026_20251023_filber,2026,Filber,Channel 14,2025-10-23,,rzp,4,,True,2026_2025,Polls,2026_2025:0:45
2026_20251023_filber,2026,Filber,Channel 14,2025-10-23,,shas,11,,True,2026_2025,Polls,2026_2025:0:45
2026_20251023_filber,2026,Filber,Channel 14,2025-10-23,,utj,8,,True,2026_2025,Polls,2026_2025:0:45
2026_20251023_filber,2026,Filber,Channel 14,2025-10-23,,yashar,7,,True,2026_2025,Polls,2026_2025:0:45
2026_20251023_filber,2026,Filber,Channel 14,2025-10-23,,yesh_atid,5,,True,2026_2025,Polls,2026_2025:0:45
2026_20251023_filber,2026,Filber,Channel 14,2025-10-23,,yisrael_beytenu,9,,True,2026_2025,Polls,2026_2025:0:45
2026_20251023_lazar,2026,Lazar,Maariv,2025-10-23,,balad,0,2.2,True,2026_2025,Polls,2026_2025:0:47
2026_20251023_lazar,2026,Lazar,Maariv,2025-10-23,,bennett_2026,19,,True,2026_2025,Polls,2026_2025:0:47
2026_20251023_lazar,2026,Lazar,Maariv,2025-10-23,,blue_white,0,2.9,True,2026_2025,Polls,2026_2025:0:47
2026_20251023_lazar,2026,Lazar,Maariv,2025-10-23,,democrats,12,,True,2026_2025,Polls,2026_2025:0:47
2026_20251023_lazar,2026,Lazar,Maariv,2025-10-23,,hadash_taal,6,,True,2026_2025,Polls,2026_2025:0:47
2026_20251023_lazar,2026,Lazar,Maariv,2025-10-23,,likud,26,,True,2026_2025,Polls,2026_2025:0:47
2026_20251023_lazar,2026,Lazar,Maariv,2025-10-23,,otzma,8,,True,2026_2025,Polls,2026_2025:0:47
2026_20251023_lazar,2026,Lazar,Maariv,2025-10-23,,raam,5,,True,2026_2025,Polls,2026_2025:0:47
2026_20251023_lazar,2026,Lazar,Maariv,2025-10-23,,rzp,0,2.6,True,2026_2025,Polls,2026_2025:0:47
2026_20251023_lazar,2026,Lazar,Maariv,2025-10-23,,shas,9,,True,2026_2025,Polls,2026_2025:0:47
2026_20251023_lazar,2026,Lazar,Maariv,2025-10-23,,utj,7,,True,2026_2025,Polls,2026_2025:0:47
2026_20251023_lazar,2026,Lazar,Maariv,2025-10-23,,yashar,9,,True,2026_2025,Polls,2026_2025:0:47
2026_20251023_lazar,2026,Lazar,Maariv,2025-10-23,,yesh_atid,9,,True,2026_2025,Polls,2026_2025:0:47
2026_20251023_lazar,2026,Lazar,Maariv,2025-10-23,,yisrael_beytenu,10,,True,2026_2025,Polls,2026_2025:0:47
2026_20251023_lazar,2026,Lazar,Maariv,2025-10-23,,zionist_home,0,2.1,True,2026_2025,Polls,2026_2025:0:47
2026_20251023_midgam,2026,Midgam,HaHadashot 12,2025-10-23,,balad,0,1.4,True,2026_2025,Polls,2026_2025:0:44
2026_20251023_midgam,2026,Midgam,HaHadashot 12,2025-10-23,,bennett_2026,21,,True,2026_2025,Polls,2026_2025:0:44
2026_20251023_midgam,2026,Midgam,HaHadashot 12,2025-10-23,,blue_white,0,2.2,True,2026_2025,Polls,2026_2025:0:44
2026_20251023_midgam,2026,Midgam,HaHadashot 12,2025-10-23,,democrats,13,,True,2026_2025,Polls,2026_2025:0:44
2026_20251023_midgam,2026,Midgam,HaHadashot 12,2025-10-23,,hadash_taal,5,,True,2026_2025,Polls,2026_2025:0:44
2026_20251023_midgam,2026,Midgam,HaHadashot 12,2025-10-23,,likud,27,,True,2026_2025,Polls,2026_2025:0:44
2026_20251023_midgam,2026,Midgam,HaHadashot 12,2025-10-23,,otzma,8,,True,2026_2025,Polls,2026_2025:0:44
2026_20251023_midgam,2026,Midgam,HaHadashot 12,2025-10-23,,raam,5,,True,2026_2025,Polls,2026_2025:0:44
2026_20251023_midgam,2026,Midgam,HaHadashot 12,2025-10-23,,rzp,0,2.1,True,2026_2025,Polls,2026_2025:0:44
2026_20251023_midgam,2026,Midgam,HaHadashot 12,2025-10-23,,shas,9,,True,2026_2025,Polls,2026_2025:0:44
2026_20251023_midgam,2026,Midgam,HaHadashot 12,2025-10-23,,utj,7,,True,2026_2025,Polls,2026_2025:0:44
2026_20251023_midgam,2026,Midgam,HaHadashot 12,2025-10-23,,yashar,7,,True,2026_2025,Polls,2026_2025:0:44
2026_20251023_midgam,2026,Midgam,HaHadashot 12,2025-10-23,,yesh_atid,9,,True,2026_2025,Polls,2026_2025:0:44
2026_20251023_midgam,2026,Midgam,HaHadashot 12,2025-10-23,,yisrael_beytenu,9,,True,2026_2025,Polls,2026_2025:0:44
2026_20251023_midgam,2026,Midgam,HaHadashot 12,2025-10-23,,zionist_home,0,1.6,True,2026_2025,Polls,2026_2025:0:44
2026_20251023_tatika,2026,Tatika,Zman Israel,2025-10-23,,bennett_2026,18,,True,2026_2025,Polls,2026_2025:0:46
2026_20251023_tatika,2026,Tatika,Zman Israel,2025-10-23,,blue_white,4,,True,2026_2025,Polls,2026_2025:0:46
2026_20251023_tatika,2026,Tatika,Zman Israel,2025-10-23,,democrats,9,,True,2026_2025,Polls,2026_2025:0:46
2026_20251023_tatika,2026,Tatika,Zman Israel,2025-10-23,,hadash_taal,5,,True,2026_2025,Polls,2026_2025:0:46
2026_20251023_tatika,2026,Tatika,Zman Israel,2025-10-23,,likud,31,,True,2026_2025,Polls,2026_2025:0:46
2026_20251023_tatika,2026,Tatika,Zman Israel,2025-10-23,,otzma,5,,True,2026_2025,Polls,2026_2025:0:46
2026_20251023_tatika,2026,Tatika,Zman Israel,2025-10-23,,raam,5,,True,2026_2025,Polls,2026_2025:0:46
2026_20251023_tatika,2026,Tatika,Zman Israel,2025-10-23,,rzp,4,,True,2026_2025,Polls,2026_2025:0:46
2026_20251023_tatika,2026,Tatika,Zman Israel,2025-10-23,,shas,10,,True,2026_2025,Polls,2026_2025:0:46
2026_20251023_tatika,2026,Tatika,Zman Israel,2025-10-23,,utj,7,,True,2026_2025,Polls,2026_2025:0:46
2026_20251023_tatika,2026,Tatika,Zman Israel,2025-10-23,,yashar,5,,True,2026_2025,Polls,2026_2025:0:46
2026_20251023_tatika,2026,Tatika,Zman Israel,2025-10-23,,yesh_atid,7,,True,2026_2025,Polls,2026_2025:0:46
2026_20251023_tatika,2026,Tatika,Zman Israel,2025-10-23,,yisrael_beytenu,10,,True,2026_2025,Polls,2026_2025:0:46
2026_20251029_maagarmochot,2026,Maagar Mochot,Channel 13,2025-10-29,,balad,0,2.8,True,2026_2025,Polls,2026_2025:0:43
2026_20251029_maagarmochot,2026,Maagar Mochot,Channel 13,2025-10-29,,bennett_2026,23,,True,2026_2025,Polls,2026_2025:0:43
2026_20251029_maagarmochot,2026,Maagar Mochot,Channel 13,2025-10-29,,blue_white,0,1.8,True,2026_2025,Polls,2026_2025:0:43
2026_20251029_maagarmochot,2026,Maagar Mochot,Channel 13,2025-10-29,,democrats,8,,True,2026_2025,Polls,2026_2025:0:43
2026_20251029_maagarmochot,2026,Maagar Mochot,Channel 13,2025-10-29,,hadash_taal,4,,True,2026_2025,Polls,2026_2025:0:43
2026_20251029_maagarmochot,2026,Maagar Mochot,Channel 13,2025-10-29,,likud,27,,True,2026_2025,Polls,2026_2025:0:43
2026_20251029_maagarmochot,2026,Maagar Mochot,Channel 13,2025-10-29,,otzma,9,,True,2026_2025,Polls,2026_2025:0:43
2026_20251029_maagarmochot,2026,Maagar Mochot,Channel 13,2025-10-29,,raam,5,,True,2026_2025,Polls,2026_2025:0:43
2026_20251029_maagarmochot,2026,Maagar Mochot,Channel 13,2025-10-29,,rzp,4,,True,2026_2025,Polls,2026_2025:0:43
2026_20251029_maagarmochot,2026,Maagar Mochot,Channel 13,2025-10-29,,shas,10,,True,2026_2025,Polls,2026_2025:0:43
2026_20251029_maagarmochot,2026,Maagar Mochot,Channel 13,2025-10-29,,utj,7,,True,2026_2025,Polls,2026_2025:0:43
2026_20251029_maagarmochot,2026,Maagar Mochot,Channel 13,2025-10-29,,yashar,4,,True,2026_2025,Polls,2026_2025:0:43
2026_20251029_maagarmochot,2026,Maagar Mochot,Channel 13,2025-10-29,,yesh_atid,10,,True,2026_2025,Polls,2026_2025:0:43
2026_20251029_maagarmochot,2026,Maagar Mochot,Channel 13,2025-10-29,,yisrael_beytenu,9,,True,2026_2025,Polls,2026_2025:0:43
2026_20251029_maagarmochot,2026,Maagar Mochot,Channel 13,2025-10-29,,zionist_home,0,1.3,True,2026_2025,Polls,2026_2025:0:43
2026_20251030_filber,2026,Filber,Channel 14,2025-10-30,,balad,0,2.4,True,2026_2025,Polls,2026_2025:0:40
2026_20251030_filber,2026,Filber,Channel 14,2025-10-30,,bennett_2026,12,,True,2026_2025,Polls,2026_2025:0:40
2026_20251030_filber,2026,Filber,Channel 14,2025-10-30,,blue_white,0,1.7,True,2026_2025,Polls,2026_2025:0:40
2026_20251030_filber,2026,Filber,Channel 14,2025-10-30,,democrats,10,,True,2026_2025,Polls,2026_2025:0:40
2026_20251030_filber,2026,Filber,Channel 14,2025-10-30,,hadash_taal,5,,True,2026_2025,Polls,2026_2025:0:40
2026_20251030_filber,2026,Filber,Channel 14,2025-10-30,,likud,35,,True,2026_2025,Polls,2026_2025:0:40
2026_20251030_filber,2026,Filber,Channel 14,2025-10-30,,otzma,7,,True,2026_2025,Polls,2026_2025:0:40
2026_20251030_filber,2026,Filber,Channel 14,2025-10-30,,raam,5,,True,2026_2025,Polls,2026_2025:0:40
2026_20251030_filber,2026,Filber,Channel 14,2025-10-30,,rzp,5,,True,2026_2025,Polls,2026_2025:0:40
2026_20251030_filber,2026,Filber,Channel 14,2025-10-30,,shas,11,,True,2026_2025,Polls,2026_2025:0:40
2026_20251030_filber,2026,Filber,Channel 14,2025-10-30,,utj,8,,True,2026_2025,Polls,2026_2025:0:40
2026_20251030_filber,2026,Filber,Channel 14,2025-10-30,,yashar,7,,True,2026_2025,Polls,2026_2025:0:40
2026_20251030_filber,2026,Filber,Channel 14,2025-10-30,,yesh_atid,6,,True,2026_2025,Polls,2026_2025:0:40
2026_20251030_filber,2026,Filber,Channel 14,2025-10-30,,yisrael_beytenu,9,,True,2026_2025,Polls,2026_2025:0:40
2026_20251030_lazar,2026,Lazar,Maariv,2025-10-30,,balad,0,2.0,True,2026_2025,Polls,2026_2025:0:41
2026_20251030_lazar,2026,Lazar,Maariv,2025-10-30,,bennett_2026,21,,True,2026_2025,Polls,2026_2025:0:41
2026_20251030_lazar,2026,Lazar,Maariv,2025-10-30,,blue_white,0,1.9,True,2026_2025,Polls,2026_2025:0:41
2026_20251030_lazar,2026,Lazar,Maariv,2025-10-30,,democrats,12,,True,2026_2025,Polls,2026_2025:0:41
2026_20251030_lazar,2026,Lazar,Maariv,2025-10-30,,hadash_taal,6,,True,2026_2025,Polls,2026_2025:0:41
2026_20251030_lazar,2026,Lazar,Maariv,2025-10-30,,likud,25,,True,2026_2025,Polls,2026_2025:0:41
2026_20251030_lazar,2026,Lazar,Maariv,2025-10-30,,otzma,7,,True,2026_2025,Polls,2026_2025:0:41
2026_20251030_lazar,2026,Lazar,Maariv,2025-10-30,,raam,5,,True,2026_2025,Polls,2026_2025:0:41
2026_20251030_lazar,2026,Lazar,Maariv,2025-10-30,,rzp,0,2.2,True,2026_2025,Polls,2026_2025:0:41
2026_20251030_lazar,2026,Lazar,Maariv,2025-10-30,,shas,9,,True,2026_2025,Polls,2026_2025:0:41
2026_20251030_lazar,2026,Lazar,Maariv,2025-10-30,,utj,7,,True,2026_2025,Polls,2026_2025:0:41
2026_20251030_lazar,2026,Lazar,Maariv,2025-10-30,,yashar,9,,True,2026_2025,Polls,2026_2025:0:41
2026_20251030_lazar,2026,Lazar,Maariv,2025-10-30,,yesh_atid,9,,True,2026_2025,Polls,2026_2025:0:41
2026_20251030_lazar,2026,Lazar,Maariv,2025-10-30,,yisrael_beytenu,10,,True,2026_2025,Polls,2026_2025:0:41
2026_20251030_lazar,2026,Lazar,Maariv,2025-10-30,,zionist_home,0,1.9,True,2026_2025,Polls,2026_2025:0:41
2026_20251030_midgam,2026,Midgam,HaHadashot 12,2025-10-30,,balad,0,1.8,True,2026_2025,Polls,2026_2025:0:39
2026_20251030_midgam,2026,Midgam,HaHadashot 12,2025-10-30,,bennett_2026,21,,True,2026_2025,Polls,2026_2025:0:39
2026_20251030_midgam,2026,Midgam,HaHadashot 12,2025-10-30,,blue_white,0,1.6,True,2026_2025,Polls,2026_2025:0:39
2026_20251030_midgam,2026,Midgam,HaHadashot 12,2025-10-30,,democrats,11,,True,2026_2025,Polls,2026_2025:0:39
2026_20251030_midgam,2026,Midgam,HaHadashot 12,2025-10-30,,hadash_taal,5,,True,2026_2025,Polls,2026_2025:0:39
2026_20251030_midgam,2026,Midgam,HaHadashot 12,2025-10-30,,likud,26,,True,2026_2025,Polls,2026_2025:0:39
2026_20251030_midgam,2026,Midgam,HaHadashot 12,2025-10-30,,otzma,9,,True,2026_2025,Polls,2026_2025:0:39
2026_20251030_midgam,2026,Midgam,HaHadashot 12,2025-10-30,,raam,5,,True,2026_2025,Polls,2026_2025:0:39
2026_20251030_midgam,2026,Midgam,HaHadashot 12,2025-10-30,,rzp,0,2.7,True,2026_2025,Polls,2026_2025:0:39
2026_20251030_midgam,2026,Midgam,HaHadashot 12,2025-10-30,,shas,9,,True,2026_2025,Polls,2026_2025:0:39
2026_20251030_midgam,2026,Midgam,HaHadashot 12,2025-10-30,,utj,7,,True,2026_2025,Polls,2026_2025:0:39
2026_20251030_midgam,2026,Midgam,HaHadashot 12,2025-10-30,,yashar,8,,True,2026_2025,Polls,2026_2025:0:39
2026_20251030_midgam,2026,Midgam,HaHadashot 12,2025-10-30,,yesh_atid,10,,True,2026_2025,Polls,2026_2025:0:39
2026_20251030_midgam,2026,Midgam,HaHadashot 12,2025-10-30,,yisrael_beytenu,9,,True,2026_2025,Polls,2026_2025:0:39
2026_20251030_midgam,2026,Midgam,HaHadashot 12,2025-10-30,,zionist_home,0,1.9,True,2026_2025,Polls,2026_2025:0:39
2026_20251030_tatika,2026,Tatika,Zman Israel,2025-10-30,,bennett_2026,20,,True,2026_2025,Polls,2026_2025:0:42
2026_20251030_tatika,2026,Tatika,Zman Israel,2025-10-30,,blue_white,4,,True,2026_2025,Polls,2026_2025:0:42
2026_20251030_tatika,2026,Tatika,Zman Israel,2025-10-30,,democrats,9,,True,2026_2025,Polls,2026_2025:0:42
2026_20251030_tatika,2026,Tatika,Zman Israel,2025-10-30,,hadash_taal,4,,True,2026_2025,Polls,2026_2025:0:42
2026_20251030_tatika,2026,Tatika,Zman Israel,2025-10-30,,likud,30,,True,2026_2025,Polls,2026_2025:0:42
2026_20251030_tatika,2026,Tatika,Zman Israel,2025-10-30,,otzma,6,,True,2026_2025,Polls,2026_2025:0:42
2026_20251030_tatika,2026,Tatika,Zman Israel,2025-10-30,,raam,5,,True,2026_2025,Polls,2026_2025:0:42
2026_20251030_tatika,2026,Tatika,Zman Israel,2025-10-30,,shas,10,,True,2026_2025,Polls,2026_2025:0:42
2026_20251030_tatika,2026,Tatika,Zman Israel,2025-10-30,,utj,8,,True,2026_2025,Polls,2026_2025:0:42
2026_20251030_tatika,2026,Tatika,Zman Israel,2025-10-30,,yashar,4,,True,2026_2025,Polls,2026_2025:0:42
2026_20251030_tatika,2026,Tatika,Zman Israel,2025-10-30,,yesh_atid,10,,True,2026_2025,Polls,2026_2025:0:42
2026_20251030_tatika,2026,Tatika,Zman Israel,2025-10-30,,yisrael_beytenu,10,,True,2026_2025,Polls,2026_2025:0:42
2026_20251105_lazar,2026,Lazar,Maariv,2025-11-05,,balad,0,2.0,True,2026_2025,Polls,2026_2025:0:38
2026_20251105_lazar,2026,Lazar,Maariv,2025-11-05,,bennett_2026,22,,True,2026_2025,Polls,2026_2025:0:38
2026_20251105_lazar,2026,Lazar,Maariv,2025-11-05,,blue_white,0,2.3,True,2026_2025,Polls,2026_2025:0:38
2026_20251105_lazar,2026,Lazar,Maariv,2025-11-05,,democrats,11,,True,2026_2025,Polls,2026_2025:0:38
2026_20251105_lazar,2026,Lazar,Maariv,2025-11-05,,hadash_taal,5,,True,2026_2025,Polls,2026_2025:0:38
2026_20251105_lazar,2026,Lazar,Maariv,2025-11-05,,likud,26,,True,2026_2025,Polls,2026_2025:0:38
2026_20251105_lazar,2026,Lazar,Maariv,2025-11-05,,otzma,7,,True,2026_2025,Polls,2026_2025:0:38
2026_20251105_lazar,2026,Lazar,Maariv,2025-11-05,,raam,5,,True,2026_2025,Polls,2026_2025:0:38
2026_20251105_lazar,2026,Lazar,Maariv,2025-11-05,,rzp,0,2.8,True,2026_2025,Polls,2026_2025:0:38
2026_20251105_lazar,2026,Lazar,Maariv,2025-11-05,,shas,9,,True,2026_2025,Polls,2026_2025:0:38
2026_20251105_lazar,2026,Lazar,Maariv,2025-11-05,,utj,7,,True,2026_2025,Polls,2026_2025:0:38
2026_20251105_lazar,2026,Lazar,Maariv,2025-11-05,,yashar,9,,True,2026_2025,Polls,2026_2025:0:38
2026_20251105_lazar,2026,Lazar,Maariv,2025-11-05,,yesh_atid,10,,True,2026_2025,Polls,2026_2025:0:38
2026_20251105_lazar,2026,Lazar,Maariv,2025-11-05,,yisrael_beytenu,9,,True,2026_2025,Polls,2026_2025:0:38
2026_20251105_lazar,2026,Lazar,Maariv,2025-11-05,,zionist_home,0,2.9,True,2026_2025,Polls,2026_2025:0:38
2026_20251106_filber,2026,Filber,Channel 14,2025-11-06,,balad,0,2.2,True,2026_2025,Polls,2026_2025:0:36
2026_20251106_filber,2026,Filber,Channel 14,2025-11-06,,bennett_2026,12,,True,2026_2025,Polls,2026_2025:0:36
2026_20251106_filber,2026,Filber,Channel 14,2025-11-06,,blue_white,0,2.7,True,2026_2025,Polls,2026_2025:0:36
2026_20251106_filber,2026,Filber,Channel 14,2025-11-06,,democrats,10,,True,2026_2025,Polls,2026_2025:0:36
2026_20251106_filber,2026,Filber,Channel 14,2025-11-06,,hadash_taal,5,,True,2026_2025,Polls,2026_2025:0:36
2026_20251106_filber,2026,Filber,Channel 14,2025-11-06,,likud,35,,True,2026_2025,Polls,2026_2025:0:36
2026_20251106_filber,2026,Filber,Channel 14,2025-11-06,,otzma,6,,True,2026_2025,Polls,2026_2025:0:36
2026_20251106_filber,2026,Filber,Channel 14,2025-11-06,,raam,6,,True,2026_2025,Polls,2026_2025:0:36
2026_20251106_filber,2026,Filber,Channel 14,2025-11-06,,rzp,5,,True,2026_2025,Polls,2026_2025:0:36
2026_20251106_filber,2026,Filber,Channel 14,2025-11-06,,shas,11,,True,2026_2025,Polls,2026_2025:0:36
2026_20251106_filber,2026,Filber,Channel 14,2025-11-06,,utj,8,,True,2026_2025,Polls,2026_2025:0:36
2026_20251106_filber,2026,Filber,Channel 14,2025-11-06,,yashar,7,,True,2026_2025,Polls,2026_2025:0:36
2026_20251106_filber,2026,Filber,Channel 14,2025-11-06,,yesh_atid,5,,True,2026_2025,Polls,2026_2025:0:36
2026_20251106_filber,2026,Filber,Channel 14,2025-11-06,,yisrael_beytenu,10,,True,2026_2025,Polls,2026_2025:0:36
2026_20251106_midgam,2026,Midgam,HaHadashot 12,2025-11-06,,balad,0,1.8,True,2026_2025,Polls,2026_2025:0:35
2026_20251106_midgam,2026,Midgam,HaHadashot 12,2025-11-06,,bennett_2026,22,,True,2026_2025,Polls,2026_2025:0:35
2026_20251106_midgam,2026,Midgam,HaHadashot 12,2025-11-06,,blue_white,0,2.2,True,2026_2025,Polls,2026_2025:0:35
2026_20251106_midgam,2026,Midgam,HaHadashot 12,2025-11-06,,democrats,11,,True,2026_2025,Polls,2026_2025:0:35
2026_20251106_midgam,2026,Midgam,HaHadashot 12,2025-11-06,,hadash_taal,5,,True,2026_2025,Polls,2026_2025:0:35
2026_20251106_midgam,2026,Midgam,HaHadashot 12,2025-11-06,,likud,27,,True,2026_2025,Polls,2026_2025:0:35
2026_20251106_midgam,2026,Midgam,HaHadashot 12,2025-11-06,,otzma,9,,True,2026_2025,Polls,2026_2025:0:35
2026_20251106_midgam,2026,Midgam,HaHadashot 12,2025-11-06,,raam,5,,True,2026_2025,Polls,2026_2025:0:35
2026_20251106_midgam,2026,Midgam,HaHadashot 12,2025-11-06,,rzp,0,2.5,True,2026_2025,Polls,2026_2025:0:35
2026_20251106_midgam,2026,Midgam,HaHadashot 12,2025-11-06,,shas,8,,True,2026_2025,Polls,2026_2025:0:35
2026_20251106_midgam,2026,Midgam,HaHadashot 12,2025-11-06,,utj,8,,True,2026_2025,Polls,2026_2025:0:35
2026_20251106_midgam,2026,Midgam,HaHadashot 12,2025-11-06,,yashar,7,,True,2026_2025,Polls,2026_2025:0:35
2026_20251106_midgam,2026,Midgam,HaHadashot 12,2025-11-06,,yesh_atid,9,,True,2026_2025,Polls,2026_2025:0:35
2026_20251106_midgam,2026,Midgam,HaHadashot 12,2025-11-06,,yisrael_beytenu,9,,True,2026_2025,Polls,2026_2025:0:35
2026_20251106_midgam,2026,Midgam,HaHadashot 12,2025-11-06,,zionist_home,0,1.4,True,2026_2025,Polls,2026_2025:0:35
2026_20251106_tatika,2026,Tatika,Zman Israel,2025-11-06,,bennett_2026,21,,True,2026_2025,Polls,2026_2025:0:37
2026_20251106_tatika,2026,Tatika,Zman Israel,2025-11-06,,blue_white,4,,True,2026_2025,Polls,2026_2025:0:37
2026_20251106_tatika,2026,Tatika,Zman Israel,2025-11-06,,democrats,9,,True,2026_2025,Polls,2026_2025:0:37
2026_20251106_tatika,2026,Tatika,Zman Israel,2025-11-06,,hadash_taal,4,,True,2026_2025,Polls,2026_2025:0:37
2026_20251106_tatika,2026,Tatika,Zman Israel,2025-11-06,,likud,29,,True,2026_2025,Polls,2026_2025:0:37
2026_20251106_tatika,2026,Tatika,Zman Israel,2025-11-06,,otzma,6,,True,2026_2025,Polls,2026_2025:0:37
2026_20251106_tatika,2026,Tatika,Zman Israel,2025-11-06,,raam,5,,True,2026_2025,Polls,2026_2025:0:37
2026_20251106_tatika,2026,Tatika,Zman Israel,2025-11-06,,shas,10,,True,2026_2025,Polls,2026_2025:0:37
2026_20251106_tatika,2026,Tatika,Zman Israel,2025-11-06,,utj,8,,True,2026_2025,Polls,2026_2025:0:37
2026_20251106_tatika,2026,Tatika,Zman Israel,2025-11-06,,yashar,5,,True,2026_2025,Polls,2026_2025:0:37
2026_20251106_tatika,2026,Tatika,Zman Israel,2025-11-06,,yesh_atid,9,,True,2026_2025,Polls,2026_2025:0:37
2026_20251106_tatika,2026,Tatika,Zman Israel,2025-11-06,,yisrael_beytenu,10,,True,2026_2025,Polls,2026_2025:0:37
2026_20251111_trendzone,2026,TrendZone,–,2025-11-11,,balad,0,2.64,True,2026_2025,Polls,2026_2025:0:34
2026_20251111_trendzone,2026,TrendZone,–,2025-11-11,,bennett_2026,22,,True,2026_2025,Polls,2026_2025:0:34
2026_20251111_trendzone,2026,TrendZone,–,2025-11-11,,blue_white,0,2.04,True,2026_2025,Polls,2026_2025:0:34
2026_20251111_trendzone,2026,TrendZone,–,2025-11-11,,democrats,11,,True,2026_2025,Polls,2026_2025:0:34
2026_20251111_trendzone,2026,TrendZone,–,2025-11-11,,hadash_taal,5,,True,2026_2025,Polls,2026_2025:0:34
2026_20251111_trendzone,2026,TrendZone,–,2025-11-11,,likud,35,,True,2026_2025,Polls,2026_2025:0:34
2026_20251111_trendzone,2026,TrendZone,–,2025-11-11,,otzma,8,,True,2026_2025,Polls,2026_2025:0:34
2026_20251111_trendzone,2026,TrendZone,–,2025-11-11,,raam,5,,True,2026_2025,Polls,2026_2025:0:34
2026_20251111_trendzone,2026,TrendZone,–,2025-11-11,,rzp,0,2.4,True,2026_2025,Polls,2026_2025:0:34
2026_20251111_trendzone,2026,TrendZone,–,2025-11-11,,shas,7,,True,2026_2025,Polls,2026_2025:0:34
2026_20251111_trendzone,2026,TrendZone,–,2025-11-11,,utj,8,,True,2026_2025,Polls,2026_2025:0:34
2026_20251111_trendzone,2026,TrendZone,–,2025-11-11,,yashar,8,,True,2026_2025,Polls,2026_2025:0:34
2026_20251111_trendzone,2026,TrendZone,–,2025-11-11,,yesh_atid,5,,True,2026_2025,Polls,2026_2025:0:34
2026_20251111_trendzone,2026,TrendZone,–,2025-11-11,,yisrael_beytenu,6,,True,2026_2025,Polls,2026_2025:0:34
2026_20251111_trendzone,2026,TrendZone,–,2025-11-11,,zionist_home,0,3.12,True,2026_2025,Polls,2026_2025:0:34
2026_20251113_filber,2026,Filber,Channel 14,2025-11-13,,balad,0,2.1,True,2026_2025,Polls,2026_2025:0:31
2026_20251113_filber,2026,Filber,Channel 14,2025-11-13,,bennett_2026,12,,True,2026_2025,Polls,2026_2025:0:31
2026_20251113_filber,2026,Filber,Channel 14,2025-11-13,,blue_white,0,2.2,True,2026_2025,Polls,2026_2025:0:31
2026_20251113_filber,2026,Filber,Channel 14,2025-11-13,,democrats,11,,True,2026_2025,Polls,2026_2025:0:31
2026_20251113_filber,2026,Filber,Channel 14,2025-11-13,,hadash_taal,5,,True,2026_2025,Polls,2026_2025:0:31
2026_20251113_filber,2026,Filber,Channel 14,2025-11-13,,likud,35,,True,2026_2025,Polls,2026_2025:0:31
2026_20251113_filber,2026,Filber,Channel 14,2025-11-13,,otzma,7,,True,2026_2025,Polls,2026_2025:0:31
2026_20251113_filber,2026,Filber,Channel 14,2025-11-13,,raam,6,,True,2026_2025,Polls,2026_2025:0:31
2026_20251113_filber,2026,Filber,Channel 14,2025-11-13,,rzp,4,,True,2026_2025,Polls,2026_2025:0:31
2026_20251113_filber,2026,Filber,Channel 14,2025-11-13,,shas,11,,True,2026_2025,Polls,2026_2025:0:31
2026_20251113_filber,2026,Filber,Channel 14,2025-11-13,,utj,9,,True,2026_2025,Polls,2026_2025:0:31
2026_20251113_filber,2026,Filber,Channel 14,2025-11-13,,yashar,7,,True,2026_2025,Polls,2026_2025:0:31
2026_20251113_filber,2026,Filber,Channel 14,2025-11-13,,yesh_atid,4,,True,2026_2025,Polls,2026_2025:0:31
2026_20251113_filber,2026,Filber,Channel 14,2025-11-13,,yisrael_beytenu,9,,True,2026_2025,Polls,2026_2025:0:31
2026_20251113_lazar,2026,Lazar,Maariv,2025-11-13,,balad,0,2.4,True,2026_2025,Polls,2026_2025:0:32
2026_20251113_lazar,2026,Lazar,Maariv,2025-11-13,,bennett_2026,24,,True,2026_2025,Polls,2026_2025:0:32
2026_20251113_lazar,2026,Lazar,Maariv,2025-11-13,,blue_white,0,2.9,True,2026_2025,Polls,2026_2025:0:32
2026_20251113_lazar,2026,Lazar,Maariv,2025-11-13,,democrats,11,,True,2026_2025,Polls,2026_2025:0:32
2026_20251113_lazar,2026,Lazar,Maariv,2025-11-13,,hadash_taal,5,,True,2026_2025,Polls,2026_2025:0:32
2026_20251113_lazar,2026,Lazar,Maariv,2025-11-13,,likud,24,,True,2026_2025,Polls,2026_2025:0:32
2026_20251113_lazar,2026,Lazar,Maariv,2025-11-13,,otzma,8,,True,2026_2025,Polls,2026_2025:0:32
2026_20251113_lazar,2026,Lazar,Maariv,2025-11-13,,raam,5,,True,2026_2025,Polls,2026_2025:0:32
2026_20251113_lazar,2026,Lazar,Maariv,2025-11-13,,rzp,0,1.3,True,2026_2025,Polls,2026_2025:0:32
2026_20251113_lazar,2026,Lazar,Maariv,2025-11-13,,shas,8,,True,2026_2025,Polls,2026_2025:0:32
2026_20251113_lazar,2026,Lazar,Maariv,2025-11-13,,utj,8,,True,2026_2025,Polls,2026_2025:0:32
2026_20251113_lazar,2026,Lazar,Maariv,2025-11-13,,yashar,9,,True,2026_2025,Polls,2026_2025:0:32
2026_20251113_lazar,2026,Lazar,Maariv,2025-11-13,,yesh_atid,9,,True,2026_2025,Polls,2026_2025:0:32
2026_20251113_lazar,2026,Lazar,Maariv,2025-11-13,,yisrael_beytenu,9,,True,2026_2025,Polls,2026_2025:0:32
2026_20251113_lazar,2026,Lazar,Maariv,2025-11-13,,zionist_home,0,2.3,True,2026_2025,Polls,2026_2025:0:32
2026_20251113_midgam,2026,Midgam,HaHadashot 12,2025-11-13,,balad,0,1.6,True,2026_2025,Polls,2026_2025:0:30
2026_20251113_midgam,2026,Midgam,HaHadashot 12,2025-11-13,,bennett_2026,22,,True,2026_2025,Polls,2026_2025:0:30
2026_20251113_midgam,2026,Midgam,HaHadashot 12,2025-11-13,,blue_white,0,2.9,True,2026_2025,Polls,2026_2025:0:30
2026_20251113_midgam,2026,Midgam,HaHadashot 12,2025-11-13,,democrats,10,,True,2026_2025,Polls,2026_2025:0:30
2026_20251113_midgam,2026,Midgam,HaHadashot 12,2025-11-13,,hadash_taal,5,,True,2026_2025,Polls,2026_2025:0:30
2026_20251113_midgam,2026,Midgam,HaHadashot 12,2025-11-13,,likud,27,,True,2026_2025,Polls,2026_2025:0:30
2026_20251113_midgam,2026,Midgam,HaHadashot 12,2025-11-13,,otzma,9,,True,2026_2025,Polls,2026_2025:0:30
2026_20251113_midgam,2026,Midgam,HaHadashot 12,2025-11-13,,raam,5,,True,2026_2025,Polls,2026_2025:0:30
2026_20251113_midgam,2026,Midgam,HaHadashot 12,2025-11-13,,rzp,0,2.5,True,2026_2025,Polls,2026_2025:0:30
2026_20251113_midgam,2026,Midgam,HaHadashot 12,2025-11-13,,shas,9,,True,2026_2025,Polls,2026_2025:0:30
2026_20251113_midgam,2026,Midgam,HaHadashot 12,2025-11-13,,utj,7,,True,2026_2025,Polls,2026_2025:0:30
2026_20251113_midgam,2026,Midgam,HaHadashot 12,2025-11-13,,yashar,8,,True,2026_2025,Polls,2026_2025:0:30
2026_20251113_midgam,2026,Midgam,HaHadashot 12,2025-11-13,,yesh_atid,9,,True,2026_2025,Polls,2026_2025:0:30
2026_20251113_midgam,2026,Midgam,HaHadashot 12,2025-11-13,,yisrael_beytenu,9,,True,2026_2025,Polls,2026_2025:0:30
2026_20251113_midgam,2026,Midgam,HaHadashot 12,2025-11-13,,zionist_home,0,1.2,True,2026_2025,Polls,2026_2025:0:30
2026_20251113_tatika,2026,Tatika,Zman Israel,2025-11-13,,bennett_2026,19,,True,2026_2025,Polls,2026_2025:0:33
2026_20251113_tatika,2026,Tatika,Zman Israel,2025-11-13,,blue_white,4,,True,2026_2025,Polls,2026_2025:0:33
2026_20251113_tatika,2026,Tatika,Zman Israel,2025-11-13,,democrats,10,,True,2026_2025,Polls,2026_2025:0:33
2026_20251113_tatika,2026,Tatika,Zman Israel,2025-11-13,,hadash_taal,5,,True,2026_2025,Polls,2026_2025:0:33
2026_20251113_tatika,2026,Tatika,Zman Israel,2025-11-13,,likud,29,,True,2026_2025,Polls,2026_2025:0:33
2026_20251113_tatika,2026,Tatika,Zman Israel,2025-11-13,,otzma,6,,True,2026_2025,Polls,2026_2025:0:33
2026_20251113_tatika,2026,Tatika,Zman Israel,2025-11-13,,raam,5,,True,2026_2025,Polls,2026_2025:0:33
2026_20251113_tatika,2026,Tatika,Zman Israel,2025-11-13,,shas,9,,True,2026_2025,Polls,2026_2025:0:33
2026_20251113_tatika,2026,Tatika,Zman Israel,2025-11-13,,utj,8,,True,2026_2025,Polls,2026_2025:0:33
2026_20251113_tatika,2026,Tatika,Zman Israel,2025-11-13,,yashar,5,,True,2026_2025,Polls,2026_2025:0:33
2026_20251113_tatika,2026,Tatika,Zman Israel,2025-11-13,,yesh_atid,10,,True,2026_2025,Polls,2026_2025:0:33
2026_20251113_tatika,2026,Tatika,Zman Israel,2025-11-13,,yisrael_beytenu,10,,True,2026_2025,Polls,2026_2025:0:33
2026_20251120_filber,2026,Filber,Channel 14,2025-11-20,,balad,0,2.3,True,2026_2025,Polls,2026_2025:0:27
2026_20251120_filber,2026,Filber,Channel 14,2025-11-20,,bennett_2026,12,,True,2026_2025,Polls,2026_2025:0:27
2026_20251120_filber,2026,Filber,Channel 14,2025-11-20,,blue_white,0,2.4,True,2026_2025,Polls,2026_2025:0:27
2026_20251120_filber,2026,Filber,Channel 14,2025-11-20,,democrats,11,,True,2026_2025,Polls,2026_2025:0:27
2026_20251120_filber,2026,Filber,Channel 14,2025-11-20,,hadash_taal,5,,True,2026_2025,Polls,2026_2025:0:27
2026_20251120_filber,2026,Filber,Channel 14,2025-11-20,,likud,34,,True,2026_2025,Polls,2026_2025:0:27
2026_20251120_filber,2026,Filber,Channel 14,2025-11-20,,otzma,6,,True,2026_2025,Polls,2026_2025:0:27
2026_20251120_filber,2026,Filber,Channel 14,2025-11-20,,raam,6,,True,2026_2025,Polls,2026_2025:0:27
2026_20251120_filber,2026,Filber,Channel 14,2025-11-20,,rzp,4,,True,2026_2025,Polls,2026_2025:0:27
2026_20251120_filber,2026,Filber,Channel 14,2025-11-20,,shas,11,,True,2026_2025,Polls,2026_2025:0:27
2026_20251120_filber,2026,Filber,Channel 14,2025-11-20,,utj,9,,True,2026_2025,Polls,2026_2025:0:27
2026_20251120_filber,2026,Filber,Channel 14,2025-11-20,,yashar,7,,True,2026_2025,Polls,2026_2025:0:27
2026_20251120_filber,2026,Filber,Channel 14,2025-11-20,,yesh_atid,5,,True,2026_2025,Polls,2026_2025:0:27
2026_20251120_filber,2026,Filber,Channel 14,2025-11-20,,yisrael_beytenu,10,,True,2026_2025,Polls,2026_2025:0:27
2026_20251120_lazar,2026,Lazar,Maariv,2025-11-20,,balad,0,1.9,True,2026_2025,Polls,2026_2025:0:28
2026_20251120_lazar,2026,Lazar,Maariv,2025-11-20,,bennett_2026,23,,True,2026_2025,Polls,2026_2025:0:28
2026_20251120_lazar,2026,Lazar,Maariv,2025-11-20,,blue_white,0,2.9,True,2026_2025,Polls,2026_2025:0:28
2026_20251120_lazar,2026,Lazar,Maariv,2025-11-20,,democrats,11,,True,2026_2025,Polls,2026_2025:0:28
2026_20251120_lazar,2026,Lazar,Maariv,2025-11-20,,hadash_taal,5,,True,2026_2025,Polls,2026_2025:0:28
2026_20251120_lazar,2026,Lazar,Maariv,2025-11-20,,likud,25,,True,2026_2025,Polls,2026_2025:0:28
2026_20251120_lazar,2026,Lazar,Maariv,2025-11-20,,otzma,9,,True,2026_2025,Polls,2026_2025:0:28
2026_20251120_lazar,2026,Lazar,Maariv,2025-11-20,,raam,5,,True,2026_2025,Polls,2026_2025:0:28
2026_20251120_lazar,2026,Lazar,Maariv,2025-11-20,,rzp,0,2.2,True,2026_2025,Polls,2026_2025:0:28
2026_20251120_lazar,2026,Lazar,Maariv,2025-11-20,,shas,8,,True,2026_2025,Polls,2026_2025:0:28
2026_20251120_lazar,2026,Lazar,Maariv,2025-11-20,,utj,7,,True,2026_2025,Polls,2026_2025:0:28
2026_20251120_lazar,2026,Lazar,Maariv,2025-11-20,,yashar,9,,True,2026_2025,Polls,2026_2025:0:28
2026_20251120_lazar,2026,Lazar,Maariv,2025-11-20,,yesh_atid,9,,True,2026_2025,Polls,2026_2025:0:28
2026_20251120_lazar,2026,Lazar,Maariv,2025-11-20,,yisrael_beytenu,9,,True,2026_2025,Polls,2026_2025:0:28
2026_20251120_lazar,2026,Lazar,Maariv,2025-11-20,,zionist_home,0,2.0,True,2026_2025,Polls,2026_2025:0:28
2026_20251120_midgam,2026,Midgam,HaHadashot 12,2025-11-20,,balad,0,2.7,True,2026_2025,Polls,2026_2025:0:26
2026_20251120_midgam,2026,Midgam,HaHadashot 12,2025-11-20,,bennett_2026,22,,True,2026_2025,Polls,2026_2025:0:26
2026_20251120_midgam,2026,Midgam,HaHadashot 12,2025-11-20,,blue_white,0,2.2,True,2026_2025,Polls,2026_2025:0:26
2026_20251120_midgam,2026,Midgam,HaHadashot 12,2025-11-20,,democrats,11,,True,2026_2025,Polls,2026_2025:0:26
2026_20251120_midgam,2026,Midgam,HaHadashot 12,2025-11-20,,hadash_taal,5,,True,2026_2025,Polls,2026_2025:0:26
2026_20251120_midgam,2026,Midgam,HaHadashot 12,2025-11-20,,likud,27,,True,2026_2025,Polls,2026_2025:0:26
2026_20251120_midgam,2026,Midgam,HaHadashot 12,2025-11-20,,otzma,8,,True,2026_2025,Polls,2026_2025:0:26
2026_20251120_midgam,2026,Midgam,HaHadashot 12,2025-11-20,,raam,5,,True,2026_2025,Polls,2026_2025:0:26
2026_20251120_midgam,2026,Midgam,HaHadashot 12,2025-11-20,,rzp,0,2.9,True,2026_2025,Polls,2026_2025:0:26
2026_20251120_midgam,2026,Midgam,HaHadashot 12,2025-11-20,,shas,9,,True,2026_2025,Polls,2026_2025:0:26
2026_20251120_midgam,2026,Midgam,HaHadashot 12,2025-11-20,,utj,7,,True,2026_2025,Polls,2026_2025:0:26
2026_20251120_midgam,2026,Midgam,HaHadashot 12,2025-11-20,,yashar,8,,True,2026_2025,Polls,2026_2025:0:26
2026_20251120_midgam,2026,Midgam,HaHadashot 12,2025-11-20,,yesh_atid,9,,True,2026_2025,Polls,2026_2025:0:26
2026_20251120_midgam,2026,Midgam,HaHadashot 12,2025-11-20,,yisrael_beytenu,9,,True,2026_2025,Polls,2026_2025:0:26
2026_20251120_midgam,2026,Midgam,HaHadashot 12,2025-11-20,,zionist_home,0,1.7,True,2026_2025,Polls,2026_2025:0:26
2026_20251120_tatika,2026,Tatika,Zman Israel,2025-11-20,,bennett_2026,19,,True,2026_2025,Polls,2026_2025:0:29
2026_20251120_tatika,2026,Tatika,Zman Israel,2025-11-20,,blue_white,4,,True,2026_2025,Polls,2026_2025:0:29
2026_20251120_tatika,2026,Tatika,Zman Israel,2025-11-20,,democrats,9,,True,2026_2025,Polls,2026_2025:0:29
2026_20251120_tatika,2026,Tatika,Zman Israel,2025-11-20,,hadash_taal,5,,True,2026_2025,Polls,2026_2025:0:29
2026_20251120_tatika,2026,Tatika,Zman Israel,2025-11-20,,likud,28,,True,2026_2025,Polls,2026_2025:0:29
2026_20251120_tatika,2026,Tatika,Zman Israel,2025-11-20,,otzma,6,,True,2026_2025,Polls,2026_2025:0:29
2026_20251120_tatika,2026,Tatika,Zman Israel,2025-11-20,,raam,5,,True,2026_2025,Polls,2026_2025:0:29
2026_20251120_tatika,2026,Tatika,Zman Israel,2025-11-20,,shas,10,,True,2026_2025,Polls,2026_2025:0:29
2026_20251120_tatika,2026,Tatika,Zman Israel,2025-11-20,,utj,8,,True,2026_2025,Polls,2026_2025:0:29
2026_20251120_tatika,2026,Tatika,Zman Israel,2025-11-20,,yashar,5,,True,2026_2025,Polls,2026_2025:0:29
2026_20251120_tatika,2026,Tatika,Zman Israel,2025-11-20,,yesh_atid,11,,True,2026_2025,Polls,2026_2025:0:29
2026_20251120_tatika,2026,Tatika,Zman Israel,2025-11-20,,yisrael_beytenu,10,,True,2026_2025,Polls,2026_2025:0:29
2026_20251127_filber,2026,Filber,Channel 14,2025-11-27,,balad,0,2.3,True,2026_2025,Polls,2026_2025:0:23
2026_20251127_filber,2026,Filber,Channel 14,2025-11-27,,bennett_2026,10,,True,2026_2025,Polls,2026_2025:0:23
2026_20251127_filber,2026,Filber,Channel 14,2025-11-27,,blue_white,0,1.9,True,2026_2025,Polls,2026_2025:0:23
2026_20251127_filber,2026,Filber,Channel 14,2025-11-27,,democrats,12,,True,2026_2025,Polls,2026_2025:0:23
2026_20251127_filber,2026,Filber,Channel 14,2025-11-27,,hadash_taal,5,,True,2026_2025,Polls,2026_2025:0:23
2026_20251127_filber,2026,Filber,Channel 14,2025-11-27,,likud,35,,True,2026_2025,Polls,2026_2025:0:23
2026_20251127_filber,2026,Filber,Channel 14,2025-11-27,,otzma,6,,True,2026_2025,Polls,2026_2025:0:23
2026_20251127_filber,2026,Filber,Channel 14,2025-11-27,,raam,5,,True,2026_2025,Polls,2026_2025:0:23
2026_20251127_filber,2026,Filber,Channel 14,2025-11-27,,rzp,5,,True,2026_2025,Polls,2026_2025:0:23
2026_20251127_filber,2026,Filber,Channel 14,2025-11-27,,shas,11,,True,2026_2025,Polls,2026_2025:0:23
2026_20251127_filber,2026,Filber,Channel 14,2025-11-27,,utj,9,,True,2026_2025,Polls,2026_2025:0:23
2026_20251127_filber,2026,Filber,Channel 14,2025-11-27,,yashar,7,,True,2026_2025,Polls,2026_2025:0:23
2026_20251127_filber,2026,Filber,Channel 14,2025-11-27,,yesh_atid,4,,True,2026_2025,Polls,2026_2025:0:23
2026_20251127_filber,2026,Filber,Channel 14,2025-11-27,,yisrael_beytenu,11,,True,2026_2025,Polls,2026_2025:0:23
2026_20251127_lazar,2026,Lazar,Maariv,2025-11-27,,balad,0,2.0,True,2026_2025,Polls,2026_2025:0:24
2026_20251127_lazar,2026,Lazar,Maariv,2025-11-27,,bennett_2026,22,,True,2026_2025,Polls,2026_2025:0:24
2026_20251127_lazar,2026,Lazar,Maariv,2025-11-27,,blue_white,0,2.8,True,2026_2025,Polls,2026_2025:0:24
2026_20251127_lazar,2026,Lazar,Maariv,2025-11-27,,democrats,10,,True,2026_2025,Polls,2026_2025:0:24
2026_20251127_lazar,2026,Lazar,Maariv,2025-11-27,,hadash_taal,5,,True,2026_2025,Polls,2026_2025:0:24
2026_20251127_lazar,2026,Lazar,Maariv,2025-11-27,,likud,25,,True,2026_2025,Polls,2026_2025:0:24
2026_20251127_lazar,2026,Lazar,Maariv,2025-11-27,,otzma,8,,True,2026_2025,Polls,2026_2025:0:24
2026_20251127_lazar,2026,Lazar,Maariv,2025-11-27,,raam,5,,True,2026_2025,Polls,2026_2025:0:24
2026_20251127_lazar,2026,Lazar,Maariv,2025-11-27,,rzp,0,2.2,True,2026_2025,Polls,2026_2025:0:24
2026_20251127_lazar,2026,Lazar,Maariv,2025-11-27,,shas,8,,True,2026_2025,Polls,2026_2025:0:24
2026_20251127_lazar,2026,Lazar,Maariv,2025-11-27,,utj,7,,True,2026_2025,Polls,2026_2025:0:24
2026_20251127_lazar,2026,Lazar,Maariv,2025-11-27,,yashar,8,,True,2026_2025,Polls,2026_2025:0:24
2026_20251127_lazar,2026,Lazar,Maariv,2025-11-27,,yesh_atid,9,,True,2026_2025,Polls,2026_2025:0:24
2026_20251127_lazar,2026,Lazar,Maariv,2025-11-27,,yisrael_beytenu,9,,True,2026_2025,Polls,2026_2025:0:24
2026_20251127_lazar,2026,Lazar,Maariv,2025-11-27,,zionist_home,4,,True,2026_2025,Polls,2026_2025:0:24
2026_20251127_midgam,2026,Midgam,HaHadashot 12,2025-11-27,,balad,0,1.4,True,2026_2025,Polls,2026_2025:0:22
2026_20251127_midgam,2026,Midgam,HaHadashot 12,2025-11-27,,bennett_2026,22,,True,2026_2025,Polls,2026_2025:0:22
2026_20251127_midgam,2026,Midgam,HaHadashot 12,2025-11-27,,blue_white,0,2.0,True,2026_2025,Polls,2026_2025:0:22
2026_20251127_midgam,2026,Midgam,HaHadashot 12,2025-11-27,,democrats,11,,True,2026_2025,Polls,2026_2025:0:22
2026_20251127_midgam,2026,Midgam,HaHadashot 12,2025-11-27,,hadash_taal,5,,True,2026_2025,Polls,2026_2025:0:22
2026_20251127_midgam,2026,Midgam,HaHadashot 12,2025-11-27,,likud,27,,True,2026_2025,Polls,2026_2025:0:22
2026_20251127_midgam,2026,Midgam,HaHadashot 12,2025-11-27,,otzma,9,,True,2026_2025,Polls,2026_2025:0:22
2026_20251127_midgam,2026,Midgam,HaHadashot 12,2025-11-27,,raam,5,,True,2026_2025,Polls,2026_2025:0:22
2026_20251127_midgam,2026,Midgam,HaHadashot 12,2025-11-27,,rzp,0,2.1,True,2026_2025,Polls,2026_2025:0:22
2026_20251127_midgam,2026,Midgam,HaHadashot 12,2025-11-27,,shas,9,,True,2026_2025,Polls,2026_2025:0:22
2026_20251127_midgam,2026,Midgam,HaHadashot 12,2025-11-27,,utj,7,,True,2026_2025,Polls,2026_2025:0:22
2026_20251127_midgam,2026,Midgam,HaHadashot 12,2025-11-27,,yashar,7,,True,2026_2025,Polls,2026_2025:0:22
2026_20251127_midgam,2026,Midgam,HaHadashot 12,2025-11-27,,yesh_atid,8,,True,2026_2025,Polls,2026_2025:0:22
2026_20251127_midgam,2026,Midgam,HaHadashot 12,2025-11-27,,yisrael_beytenu,10,,True,2026_2025,Polls,2026_2025:0:22
2026_20251127_midgam,2026,Midgam,HaHadashot 12,2025-11-27,,zionist_home,0,2.9,True,2026_2025,Polls,2026_2025:0:22
2026_20251127_tatika,2026,Tatika,Zman Israel,2025-11-27,,bennett_2026,20,,True,2026_2025,Polls,2026_2025:0:25
2026_20251127_tatika,2026,Tatika,Zman Israel,2025-11-27,,democrats,10,,True,2026_2025,Polls,2026_2025:0:25
2026_20251127_tatika,2026,Tatika,Zman Israel,2025-11-27,,hadash_taal,5,,True,2026_2025,Polls,2026_2025:0:25
2026_20251127_tatika,2026,Tatika,Zman Israel,2025-11-27,,likud,28,,True,2026_2025,Polls,2026_2025:0:25
2026_20251127_tatika,2026,Tatika,Zman Israel,2025-11-27,,otzma,6,,True,2026_2025,Polls,2026_2025:0:25
2026_20251127_tatika,2026,Tatika,Zman Israel,2025-11-27,,raam,6,,True,2026_2025,Polls,2026_2025:0:25
2026_20251127_tatika,2026,Tatika,Zman Israel,2025-11-27,,shas,10,,True,2026_2025,Polls,2026_2025:0:25
2026_20251127_tatika,2026,Tatika,Zman Israel,2025-11-27,,utj,8,,True,2026_2025,Polls,2026_2025:0:25
2026_20251127_tatika,2026,Tatika,Zman Israel,2025-11-27,,yashar,6,,True,2026_2025,Polls,2026_2025:0:25
2026_20251127_tatika,2026,Tatika,Zman Israel,2025-11-27,,yesh_atid,11,,True,2026_2025,Polls,2026_2025:0:25
2026_20251127_tatika,2026,Tatika,Zman Israel,2025-11-27,,yisrael_beytenu,10,,True,2026_2025,Polls,2026_2025:0:25
2026_20251130_directpolls,2026,Direct Polls,i24 News,2025-11-30,,balad,0,2.6,True,2026_2025,Polls,2026_2025:0:21
2026_20251130_directpolls,2026,Direct Polls,i24 News,2025-11-30,,bennett_2026,19,,True,2026_2025,Polls,2026_2025:0:21
2026_20251130_directpolls,2026,Direct Polls,i24 News,2025-11-30,,blue_white,0,1.5,True,2026_2025,Polls,2026_2025:0:21
2026_20251130_directpolls,2026,Direct Polls,i24 News,2025-11-30,,democrats,10,,True,2026_2025,Polls,2026_2025:0:21
2026_20251130_directpolls,2026,Direct Polls,i24 News,2025-11-30,,hadash_taal,5,,True,2026_2025,Polls,2026_2025:0:21
2026_20251130_directpolls,2026,Direct Polls,i24 News,2025-11-30,,likud,35,,True,2026_2025,Polls,2026_2025:0:21
2026_20251130_directpolls,2026,Direct Polls,i24 News,2025-11-30,,otzma,7,,True,2026_2025,Polls,2026_2025:0:21
2026_20251130_directpolls,2026,Direct Polls,i24 News,2025-11-30,,raam,5,,True,2026_2025,Polls,2026_2025:0:21
2026_20251130_directpolls,2026,Direct Polls,i24 News,2025-11-30,,rzp,5,,True,2026_2025,Polls,2026_2025:0:21
2026_20251130_directpolls,2026,Direct Polls,i24 News,2025-11-30,,shas,11,,True,2026_2025,Polls,2026_2025:0:21
2026_20251130_directpolls,2026,Direct Polls,i24 News,2025-11-30,,utj,9,,True,2026_2025,Polls,2026_2025:0:21
2026_20251130_directpolls,2026,Direct Polls,i24 News,2025-11-30,,yashar,4,,True,2026_2025,Polls,2026_2025:0:21
2026_20251130_directpolls,2026,Direct Polls,i24 News,2025-11-30,,yesh_atid,0,2.9,True,2026_2025,Polls,2026_2025:0:21
2026_20251130_directpolls,2026,Direct Polls,i24 News,2025-11-30,,yisrael_beytenu,10,,True,2026_2025,Polls,2026_2025:0:21
2026_20251130_directpolls,2026,Direct Polls,i24 News,2025-11-30,,zionist_home,0,2.6,True,2026_2025,Polls,2026_2025:0:21
2026_20251204_filber,2026,Filber,Channel 14,2025-12-04,,balad,0,2.3,True,2026_2025,Polls,2026_2025:0:18
2026_20251204_filber,2026,Filber,Channel 14,2025-12-04,,bennett_2026,12,,True,2026_2025,Polls,2026_2025:0:18
2026_20251204_filber,2026,Filber,Channel 14,2025-12-04,,blue_white,0,1.9,True,2026_2025,Polls,2026_2025:0:18
2026_20251204_filber,2026,Filber,Channel 14,2025-12-04,,democrats,10,,True,2026_2025,Polls,2026_2025:0:18
2026_20251204_filber,2026,Filber,Channel 14,2025-12-04,,hadash_taal,5,,True,2026_2025,Polls,2026_2025:0:18
2026_20251204_filber,2026,Filber,Channel 14,2025-12-04,,likud,35,,True,2026_2025,Polls,2026_2025:0:18
2026_20251204_filber,2026,Filber,Channel 14,2025-12-04,,otzma,7,,True,2026_2025,Polls,2026_2025:0:18
2026_20251204_filber,2026,Filber,Channel 14,2025-12-04,,raam,5,,True,2026_2025,Polls,2026_2025:0:18
2026_20251204_filber,2026,Filber,Channel 14,2025-12-04,,rzp,5,,True,2026_2025,Polls,2026_2025:0:18
2026_20251204_filber,2026,Filber,Channel 14,2025-12-04,,shas,11,,True,2026_2025,Polls,2026_2025:0:18
2026_20251204_filber,2026,Filber,Channel 14,2025-12-04,,utj,8,,True,2026_2025,Polls,2026_2025:0:18
2026_20251204_filber,2026,Filber,Channel 14,2025-12-04,,yashar,7,,True,2026_2025,Polls,2026_2025:0:18
2026_20251204_filber,2026,Filber,Channel 14,2025-12-04,,yesh_atid,4,,True,2026_2025,Polls,2026_2025:0:18
2026_20251204_filber,2026,Filber,Channel 14,2025-12-04,,yisrael_beytenu,11,,True,2026_2025,Polls,2026_2025:0:18
2026_20251204_kantar,2026,Kantar,Israel Hayom,2025-12-04,,balad,0,2.2,True,2026_2025,Polls,2026_2025:0:16
2026_20251204_kantar,2026,Kantar,Israel Hayom,2025-12-04,,bennett_2026,23,,True,2026_2025,Polls,2026_2025:0:16
2026_20251204_kantar,2026,Kantar,Israel Hayom,2025-12-04,,blue_white,0,1.5,True,2026_2025,Polls,2026_2025:0:16
2026_20251204_kantar,2026,Kantar,Israel Hayom,2025-12-04,,democrats,9,,True,2026_2025,Polls,2026_2025:0:16
2026_20251204_kantar,2026,Kantar,Israel Hayom,2025-12-04,,hadash_taal,5,,True,2026_2025,Polls,2026_2025:0:16
2026_20251204_kantar,2026,Kantar,Israel Hayom,2025-12-04,,likud,25,,True,2026_2025,Polls,2026_2025:0:16
2026_20251204_kantar,2026,Kantar,Israel Hayom,2025-12-04,,otzma,8,,True,2026_2025,Polls,2026_2025:0:16
2026_20251204_kantar,2026,Kantar,Israel Hayom,2025-12-04,,raam,5,,True,2026_2025,Polls,2026_2025:0:16
2026_20251204_kantar,2026,Kantar,Israel Hayom,2025-12-04,,rzp,0,3.0,True,2026_2025,Polls,2026_2025:0:16
2026_20251204_kantar,2026,Kantar,Israel Hayom,2025-12-04,,shas,9,,True,2026_2025,Polls,2026_2025:0:16
2026_20251204_kantar,2026,Kantar,Israel Hayom,2025-12-04,,utj,7,,True,2026_2025,Polls,2026_2025:0:16
2026_20251204_kantar,2026,Kantar,Israel Hayom,2025-12-04,,yashar,7,,True,2026_2025,Polls,2026_2025:0:16
2026_20251204_kantar,2026,Kantar,Israel Hayom,2025-12-04,,yesh_atid,9,,True,2026_2025,Polls,2026_2025:0:16
2026_20251204_kantar,2026,Kantar,Israel Hayom,2025-12-04,,yisrael_beytenu,9,,True,2026_2025,Polls,2026_2025:0:16
2026_20251204_kantar,2026,Kantar,Israel Hayom,2025-12-04,,zionist_home,4,,True,2026_2025,Polls,2026_2025:0:16
2026_20251204_lazar,2026,Lazar,Maariv,2025-12-04,,balad,0,2.2,True,2026_2025,Polls,2026_2025:0:19
2026_20251204_lazar,2026,Lazar,Maariv,2025-12-04,,bennett_2026,22,,True,2026_2025,Polls,2026_2025:0:19
2026_20251204_lazar,2026,Lazar,Maariv,2025-12-04,,blue_white,0,2.9,True,2026_2025,Polls,2026_2025:0:19
2026_20251204_lazar,2026,Lazar,Maariv,2025-12-04,,democrats,9,,True,2026_2025,Polls,2026_2025:0:19
2026_20251204_lazar,2026,Lazar,Maariv,2025-12-04,,hadash_taal,5,,True,2026_2025,Polls,2026_2025:0:19
2026_20251204_lazar,2026,Lazar,Maariv,2025-12-04,,likud,26,,True,2026_2025,Polls,2026_2025:0:19
2026_20251204_lazar,2026,Lazar,Maariv,2025-12-04,,otzma,8,,True,2026_2025,Polls,2026_2025:0:19
2026_20251204_lazar,2026,Lazar,Maariv,2025-12-04,,raam,5,,True,2026_2025,Polls,2026_2025:0:19
2026_20251204_lazar,2026,Lazar,Maariv,2025-12-04,,rzp,4,,True,2026_2025,Polls,2026_2025:0:19
2026_20251204_lazar,2026,Lazar,Maariv,2025-12-04,,shas,8,,True,2026_2025,Polls,2026_2025:0:19
2026_20251204_lazar,2026,Lazar,Maariv,2025-12-04,,utj,7,,True,2026_2025,Polls,2026_2025:0:19
2026_20251204_lazar,2026,Lazar,Maariv,2025-12-04,,yashar,8,,True,2026_2025,Polls,2026_2025:0:19
2026_20251204_lazar,2026,Lazar,Maariv,2025-12-04,,yesh_atid,9,,True,2026_2025,Polls,2026_2025:0:19
2026_20251204_lazar,2026,Lazar,Maariv,2025-12-04,,yisrael_beytenu,9,,True,2026_2025,Polls,2026_2025:0:19
2026_20251204_lazar,2026,Lazar,Maariv,2025-12-04,,zionist_home,0,2.2,True,2026_2025,Polls,2026_2025:0:19
2026_20251204_maagarmochot,2026,Maagar Mochot,Channel 13,2025-12-04,,balad,0,2.1,True,2026_2025,Polls,2026_2025:0:15
2026_20251204_maagarmochot,2026,Maagar Mochot,Channel 13,2025-12-04,,bennett_2026,19,,True,2026_2025,Polls,2026_2025:0:15
2026_20251204_maagarmochot,2026,Maagar Mochot,Channel 13,2025-12-04,,blue_white,0,2.5,True,2026_2025,Polls,2026_2025:0:15
2026_20251204_maagarmochot,2026,Maagar Mochot,Channel 13,2025-12-04,,democrats,10,,True,2026_2025,Polls,2026_2025:0:15
2026_20251204_maagarmochot,2026,Maagar Mochot,Channel 13,2025-12-04,,hadash_taal,6,,True,2026_2025,Polls,2026_2025:0:15
2026_20251204_maagarmochot,2026,Maagar Mochot,Channel 13,2025-12-04,,likud,23,,True,2026_2025,Polls,2026_2025:0:15
2026_20251204_maagarmochot,2026,Maagar Mochot,Channel 13,2025-12-04,,otzma,9,,True,2026_2025,Polls,2026_2025:0:15
2026_20251204_maagarmochot,2026,Maagar Mochot,Channel 13,2025-12-04,,raam,4,,True,2026_2025,Polls,2026_2025:0:15
2026_20251204_maagarmochot,2026,Maagar Mochot,Channel 13,2025-12-04,,rzp,4,,True,2026_2025,Polls,2026_2025:0:15
2026_20251204_maagarmochot,2026,Maagar Mochot,Channel 13,2025-12-04,,shas,10,,True,2026_2025,Polls,2026_2025:0:15
2026_20251204_maagarmochot,2026,Maagar Mochot,Channel 13,2025-12-04,,utj,6,,True,2026_2025,Polls,2026_2025:0:15
2026_20251204_maagarmochot,2026,Maagar Mochot,Channel 13,2025-12-04,,yashar,6,,True,2026_2025,Polls,2026_2025:0:15
2026_20251204_maagarmochot,2026,Maagar Mochot,Channel 13,2025-12-04,,yesh_atid,9,,True,2026_2025,Polls,2026_2025:0:15
2026_20251204_maagarmochot,2026,Maagar Mochot,Channel 13,2025-12-04,,yisrael_beytenu,10,,True,2026_2025,Polls,2026_2025:0:15
2026_20251204_maagarmochot,2026,Maagar Mochot,Channel 13,2025-12-04,,zionist_home,4,,True,2026_2025,Polls,2026_2025:0:15
2026_20251204_midgam,2026,Midgam,HaHadashot 12,2025-12-04,,balad,0,1.7,True,2026_2025,Polls,2026_2025:0:17
2026_20251204_midgam,2026,Midgam,HaHadashot 12,2025-12-04,,bennett_2026,21,,True,2026_2025,Polls,2026_2025:0:17
2026_20251204_midgam,2026,Midgam,HaHadashot 12,2025-12-04,,blue_white,0,1.9,True,2026_2025,Polls,2026_2025:0:17
2026_20251204_midgam,2026,Midgam,HaHadashot 12,2025-12-04,,democrats,12,,True,2026_2025,Polls,2026_2025:0:17
2026_20251204_midgam,2026,Midgam,HaHadashot 12,2025-12-04,,hadash_taal,5,,True,2026_2025,Polls,2026_2025:0:17
2026_20251204_midgam,2026,Midgam,HaHadashot 12,2025-12-04,,likud,25,,True,2026_2025,Polls,2026_2025:0:17
2026_20251204_midgam,2026,Midgam,HaHadashot 12,2025-12-04,,otzma,6,,True,2026_2025,Polls,2026_2025:0:17
2026_20251204_midgam,2026,Midgam,HaHadashot 12,2025-12-04,,raam,5,,True,2026_2025,Polls,2026_2025:0:17
2026_20251204_midgam,2026,Midgam,HaHadashot 12,2025-12-04,,rzp,4,,True,2026_2025,Polls,2026_2025:0:17
2026_20251204_midgam,2026,Midgam,HaHadashot 12,2025-12-04,,shas,9,,True,2026_2025,Polls,2026_2025:0:17
2026_20251204_midgam,2026,Midgam,HaHadashot 12,2025-12-04,,utj,7,,True,2026_2025,Polls,2026_2025:0:17
2026_20251204_midgam,2026,Midgam,HaHadashot 12,2025-12-04,,yashar,8,,True,2026_2025,Polls,2026_2025:0:17
2026_20251204_midgam,2026,Midgam,HaHadashot 12,2025-12-04,,yesh_atid,9,,True,2026_2025,Polls,2026_2025:0:17
2026_20251204_midgam,2026,Midgam,HaHadashot 12,2025-12-04,,yisrael_beytenu,9,,True,2026_2025,Polls,2026_2025:0:17
2026_20251204_midgam,2026,Midgam,HaHadashot 12,2025-12-04,,zionist_home,0,2.9,True,2026_2025,Polls,2026_2025:0:17
2026_20251204_tatika,2026,Tatika,Zman Israel,2025-12-04,,bennett_2026,20,,True,2026_2025,Polls,2026_2025:0:20
2026_20251204_tatika,2026,Tatika,Zman Israel,2025-12-04,,democrats,11,,True,2026_2025,Polls,2026_2025:0:20
2026_20251204_tatika,2026,Tatika,Zman Israel,2025-12-04,,hadash_taal,5,,True,2026_2025,Polls,2026_2025:0:20
2026_20251204_tatika,2026,Tatika,Zman Israel,2025-12-04,,likud,28,,True,2026_2025,Polls,2026_2025:0:20
2026_20251204_tatika,2026,Tatika,Zman Israel,2025-12-04,,otzma,6,,True,2026_2025,Polls,2026_2025:0:20
2026_20251204_tatika,2026,Tatika,Zman Israel,2025-12-04,,raam,6,,True,2026_2025,Polls,2026_2025:0:20
2026_20251204_tatika,2026,Tatika,Zman Israel,2025-12-04,,shas,10,,True,2026_2025,Polls,2026_2025:0:20
2026_20251204_tatika,2026,Tatika,Zman Israel,2025-12-04,,utj,8,,True,2026_2025,Polls,2026_2025:0:20
2026_20251204_tatika,2026,Tatika,Zman Israel,2025-12-04,,yashar,7,,True,2026_2025,Polls,2026_2025:0:20
2026_20251204_tatika,2026,Tatika,Zman Israel,2025-12-04,,yesh_atid,10,,True,2026_2025,Polls,2026_2025:0:20
2026_20251204_tatika,2026,Tatika,Zman Israel,2025-12-04,,yisrael_beytenu,9,,True,2026_2025,Polls,2026_2025:0:20
2026_20251211_filber,2026,Filber,Channel 14,2025-12-11,,balad,0,2.5,True,2026_2025,Polls,2026_2025:0:12
2026_20251211_filber,2026,Filber,Channel 14,2025-12-11,,bennett_2026,13,,True,2026_2025,Polls,2026_2025:0:12
2026_20251211_filber,2026,Filber,Channel 14,2025-12-11,,blue_white,0,1.2,True,2026_2025,Polls,2026_2025:0:12
2026_20251211_filber,2026,Filber,Channel 14,2025-12-11,,democrats,10,,True,2026_2025,Polls,2026_2025:0:12
2026_20251211_filber,2026,Filber,Channel 14,2025-12-11,,hadash_taal,5,,True,2026_2025,Polls,2026_2025:0:12
2026_20251211_filber,2026,Filber,Channel 14,2025-12-11,,likud,35,,True,2026_2025,Polls,2026_2025:0:12
2026_20251211_filber,2026,Filber,Channel 14,2025-12-11,,otzma,7,,True,2026_2025,Polls,2026_2025:0:12
2026_20251211_filber,2026,Filber,Channel 14,2025-12-11,,raam,6,,True,2026_2025,Polls,2026_2025:0:12
2026_20251211_filber,2026,Filber,Channel 14,2025-12-11,,rzp,4,,True,2026_2025,Polls,2026_2025:0:12
2026_20251211_filber,2026,Filber,Channel 14,2025-12-11,,shas,11,,True,2026_2025,Polls,2026_2025:0:12
2026_20251211_filber,2026,Filber,Channel 14,2025-12-11,,utj,8,,True,2026_2025,Polls,2026_2025:0:12
2026_20251211_filber,2026,Filber,Channel 14,2025-12-11,,yashar,7,,True,2026_2025,Polls,2026_2025:0:12
2026_20251211_filber,2026,Filber,Channel 14,2025-12-11,,yesh_atid,4,,True,2026_2025,Polls,2026_2025:0:12
2026_20251211_filber,2026,Filber,Channel 14,2025-12-11,,yisrael_beytenu,10,,True,2026_2025,Polls,2026_2025:0:12
2026_20251211_lazar,2026,Lazar,Maariv,2025-12-11,,balad,0,2.0,True,2026_2025,Polls,2026_2025:0:13
2026_20251211_lazar,2026,Lazar,Maariv,2025-12-11,,bennett_2026,20,,True,2026_2025,Polls,2026_2025:0:13
2026_20251211_lazar,2026,Lazar,Maariv,2025-12-11,,blue_white,0,2.9,True,2026_2025,Polls,2026_2025:0:13
2026_20251211_lazar,2026,Lazar,Maariv,2025-12-11,,democrats,11,,True,2026_2025,Polls,2026_2025:0:13
2026_20251211_lazar,2026,Lazar,Maariv,2025-12-11,,hadash_taal,5,,True,2026_2025,Polls,2026_2025:0:13
2026_20251211_lazar,2026,Lazar,Maariv,2025-12-11,,likud,28,,True,2026_2025,Polls,2026_2025:0:13
2026_20251211_lazar,2026,Lazar,Maariv,2025-12-11,,otzma,8,,True,2026_2025,Polls,2026_2025:0:13
2026_20251211_lazar,2026,Lazar,Maariv,2025-12-11,,raam,5,,True,2026_2025,Polls,2026_2025:0:13
2026_20251211_lazar,2026,Lazar,Maariv,2025-12-11,,rzp,0,2.8,True,2026_2025,Polls,2026_2025:0:13
2026_20251211_lazar,2026,Lazar,Maariv,2025-12-11,,shas,9,,True,2026_2025,Polls,2026_2025:0:13
2026_20251211_lazar,2026,Lazar,Maariv,2025-12-11,,utj,7,,True,2026_2025,Polls,2026_2025:0:13
2026_20251211_lazar,2026,Lazar,Maariv,2025-12-11,,yashar,8,,True,2026_2025,Polls,2026_2025:0:13
2026_20251211_lazar,2026,Lazar,Maariv,2025-12-11,,yesh_atid,8,,True,2026_2025,Polls,2026_2025:0:13
2026_20251211_lazar,2026,Lazar,Maariv,2025-12-11,,yisrael_beytenu,11,,True,2026_2025,Polls,2026_2025:0:13
2026_20251211_lazar,2026,Lazar,Maariv,2025-12-11,,zionist_home,0,2.8,True,2026_2025,Polls,2026_2025:0:13
2026_20251211_midgam,2026,Midgam,HaHadashot 12,2025-12-11,,balad,0,1.3,True,2026_2025,Polls,2026_2025:0:11
2026_20251211_midgam,2026,Midgam,HaHadashot 12,2025-12-11,,bennett_2026,22,,True,2026_2025,Polls,2026_2025:0:11
2026_20251211_midgam,2026,Midgam,HaHadashot 12,2025-12-11,,blue_white,0,2.9,True,2026_2025,Polls,2026_2025:0:11
2026_20251211_midgam,2026,Midgam,HaHadashot 12,2025-12-11,,democrats,11,,True,2026_2025,Polls,2026_2025:0:11
2026_20251211_midgam,2026,Midgam,HaHadashot 12,2025-12-11,,hadash_taal,5,,True,2026_2025,Polls,2026_2025:0:11
2026_20251211_midgam,2026,Midgam,HaHadashot 12,2025-12-11,,likud,27,,True,2026_2025,Polls,2026_2025:0:11
2026_20251211_midgam,2026,Midgam,HaHadashot 12,2025-12-11,,otzma,8,,True,2026_2025,Polls,2026_2025:0:11
2026_20251211_midgam,2026,Midgam,HaHadashot 12,2025-12-11,,raam,5,,True,2026_2025,Polls,2026_2025:0:11
2026_20251211_midgam,2026,Midgam,HaHadashot 12,2025-12-11,,rzp,0,2.0,True,2026_2025,Polls,2026_2025:0:11
2026_20251211_midgam,2026,Midgam,HaHadashot 12,2025-12-11,,shas,9,,True,2026_2025,Polls,2026_2025:0:11
2026_20251211_midgam,2026,Midgam,HaHadashot 12,2025-12-11,,utj,7,,True,2026_2025,Polls,2026_2025:0:11
2026_20251211_midgam,2026,Midgam,HaHadashot 12,2025-12-11,,yashar,8,,True,2026_2025,Polls,2026_2025:0:11
2026_20251211_midgam,2026,Midgam,HaHadashot 12,2025-12-11,,yesh_atid,9,,True,2026_2025,Polls,2026_2025:0:11
2026_20251211_midgam,2026,Midgam,HaHadashot 12,2025-12-11,,yisrael_beytenu,9,,True,2026_2025,Polls,2026_2025:0:11
2026_20251211_midgam,2026,Midgam,HaHadashot 12,2025-12-11,,zionist_home,0,1.6,True,2026_2025,Polls,2026_2025:0:11
2026_20251211_tatika,2026,Tatika,Zman Israel,2025-12-11,,bennett_2026,21,,True,2026_2025,Polls,2026_2025:0:14
2026_20251211_tatika,2026,Tatika,Zman Israel,2025-12-11,,democrats,9,,True,2026_2025,Polls,2026_2025:0:14
2026_20251211_tatika,2026,Tatika,Zman Israel,2025-12-11,,hadash_taal,4,,True,2026_2025,Polls,2026_2025:0:14
2026_20251211_tatika,2026,Tatika,Zman Israel,2025-12-11,,likud,28,,True,2026_2025,Polls,2026_2025:0:14
2026_20251211_tatika,2026,Tatika,Zman Israel,2025-12-11,,otzma,6,,True,2026_2025,Polls,2026_2025:0:14
2026_20251211_tatika,2026,Tatika,Zman Israel,2025-12-11,,raam,5,,True,2026_2025,Polls,2026_2025:0:14
2026_20251211_tatika,2026,Tatika,Zman Israel,2025-12-11,,shas,10,,True,2026_2025,Polls,2026_2025:0:14
2026_20251211_tatika,2026,Tatika,Zman Israel,2025-12-11,,utj,8,,True,2026_2025,Polls,2026_2025:0:14
2026_20251211_tatika,2026,Tatika,Zman Israel,2025-12-11,,yashar,5,,True,2026_2025,Polls,2026_2025:0:14
2026_20251211_tatika,2026,Tatika,Zman Israel,2025-12-11,,yesh_atid,10,,True,2026_2025,Polls,2026_2025:0:14
2026_20251211_tatika,2026,Tatika,Zman Israel,2025-12-11,,yisrael_beytenu,10,,True,2026_2025,Polls,2026_2025:0:14
2026_20251211_tatika,2026,Tatika,Zman Israel,2025-12-11,,zionist_home,4,,True,2026_2025,Polls,2026_2025:0:14
2026_20251217_directpolls,2026,Direct Polls,i24 News,2025-12-17,,balad,0,2.6,True,2026_2025,Polls,2026_2025:0:10
2026_20251217_directpolls,2026,Direct Polls,i24 News,2025-12-17,,bennett_2026,20,,True,2026_2025,Polls,2026_2025:0:10
2026_20251217_directpolls,2026,Direct Polls,i24 News,2025-12-17,,blue_white,0,1.8,True,2026_2025,Polls,2026_2025:0:10
2026_20251217_directpolls,2026,Direct Polls,i24 News,2025-12-17,,democrats,9,,True,2026_2025,Polls,2026_2025:0:10
2026_20251217_directpolls,2026,Direct Polls,i24 News,2025-12-17,,hadash_taal,5,,True,2026_2025,Polls,2026_2025:0:10
2026_20251217_directpolls,2026,Direct Polls,i24 News,2025-12-17,,likud,35,,True,2026_2025,Polls,2026_2025:0:10
2026_20251217_directpolls,2026,Direct Polls,i24 News,2025-12-17,,otzma,8,,True,2026_2025,Polls,2026_2025:0:10
2026_20251217_directpolls,2026,Direct Polls,i24 News,2025-12-17,,raam,6,,True,2026_2025,Polls,2026_2025:0:10
2026_20251217_directpolls,2026,Direct Polls,i24 News,2025-12-17,,rzp,4,,True,2026_2025,Polls,2026_2025:0:10
2026_20251217_directpolls,2026,Direct Polls,i24 News,2025-12-17,,shas,10,,True,2026_2025,Polls,2026_2025:0:10
2026_20251217_directpolls,2026,Direct Polls,i24 News,2025-12-17,,utj,9,,True,2026_2025,Polls,2026_2025:0:10
2026_20251217_directpolls,2026,Direct Polls,i24 News,2025-12-17,,yashar,5,,True,2026_2025,Polls,2026_2025:0:10
2026_20251217_directpolls,2026,Direct Polls,i24 News,2025-12-17,,yesh_atid,0,2.7,True,2026_2025,Polls,2026_2025:0:10
2026_20251217_directpolls,2026,Direct Polls,i24 News,2025-12-17,,yisrael_beytenu,9,,True,2026_2025,Polls,2026_2025:0:10
2026_20251217_directpolls,2026,Direct Polls,i24 News,2025-12-17,,zionist_home,0,3.0,True,2026_2025,Polls,2026_2025:0:10
2026_20251218_filber,2026,Filber,Channel 14,2025-12-18,,balad,0,2.4,True,2026_2025,Polls,2026_2025:0:7
2026_20251218_filber,2026,Filber,Channel 14,2025-12-18,,bennett_2026,11,,True,2026_2025,Polls,2026_2025:0:7
2026_20251218_filber,2026,Filber,Channel 14,2025-12-18,,blue_white,0,1.7,True,2026_2025,Polls,2026_2025:0:7
2026_20251218_filber,2026,Filber,Channel 14,2025-12-18,,democrats,11,,True,2026_2025,Polls,2026_2025:0:7
2026_20251218_filber,2026,Filber,Channel 14,2025-12-18,,hadash_taal,5,,True,2026_2025,Polls,2026_2025:0:7
2026_20251218_filber,2026,Filber,Channel 14,2025-12-18,,likud,36,,True,2026_2025,Polls,2026_2025:0:7
2026_20251218_filber,2026,Filber,Channel 14,2025-12-18,,otzma,7,,True,2026_2025,Polls,2026_2025:0:7
2026_20251218_filber,2026,Filber,Channel 14,2025-12-18,,raam,5,,True,2026_2025,Polls,2026_2025:0:7
2026_20251218_filber,2026,Filber,Channel 14,2025-12-18,,rzp,4,,True,2026_2025,Polls,2026_2025:0:7
2026_20251218_filber,2026,Filber,Channel 14,2025-12-18,,shas,11,,True,2026_2025,Polls,2026_2025:0:7
2026_20251218_filber,2026,Filber,Channel 14,2025-12-18,,utj,8,,True,2026_2025,Polls,2026_2025:0:7
2026_20251218_filber,2026,Filber,Channel 14,2025-12-18,,yashar,8,,True,2026_2025,Polls,2026_2025:0:7
2026_20251218_filber,2026,Filber,Channel 14,2025-12-18,,yesh_atid,4,,True,2026_2025,Polls,2026_2025:0:7
2026_20251218_filber,2026,Filber,Channel 14,2025-12-18,,yisrael_beytenu,10,,True,2026_2025,Polls,2026_2025:0:7
2026_20251218_lazar,2026,Lazar,Maariv,2025-12-18,,balad,0,1.4,True,2026_2025,Polls,2026_2025:0:8
2026_20251218_lazar,2026,Lazar,Maariv,2025-12-18,,bennett_2026,22,,True,2026_2025,Polls,2026_2025:0:8
2026_20251218_lazar,2026,Lazar,Maariv,2025-12-18,,blue_white,0,2.3,True,2026_2025,Polls,2026_2025:0:8
2026_20251218_lazar,2026,Lazar,Maariv,2025-12-18,,democrats,10,,True,2026_2025,Polls,2026_2025:0:8
2026_20251218_lazar,2026,Lazar,Maariv,2025-12-18,,hadash_taal,5,,True,2026_2025,Polls,2026_2025:0:8
2026_20251218_lazar,2026,Lazar,Maariv,2025-12-18,,likud,25,,True,2026_2025,Polls,2026_2025:0:8
2026_20251218_lazar,2026,Lazar,Maariv,2025-12-18,,otzma,9,,True,2026_2025,Polls,2026_2025:0:8
2026_20251218_lazar,2026,Lazar,Maariv,2025-12-18,,raam,5,,True,2026_2025,Polls,2026_2025:0:8
2026_20251218_lazar,2026,Lazar,Maariv,2025-12-18,,rzp,0,2.1,True,2026_2025,Polls,2026_2025:0:8
2026_20251218_lazar,2026,Lazar,Maariv,2025-12-18,,shas,9,,True,2026_2025,Polls,2026_2025:0:8
2026_20251218_lazar,2026,Lazar,Maariv,2025-12-18,,utj,7,,True,2026_2025,Polls,2026_2025:0:8
2026_20251218_lazar,2026,Lazar,Maariv,2025-12-18,,yashar,10,,True,2026_2025,Polls,2026_2025:0:8
2026_20251218_lazar,2026,Lazar,Maariv,2025-12-18,,yesh_atid,9,,True,2026_2025,Polls,2026_2025:0:8
2026_20251218_lazar,2026,Lazar,Maariv,2025-12-18,,yisrael_beytenu,9,,True,2026_2025,Polls,2026_2025:0:8
2026_20251218_lazar,2026,Lazar,Maariv,2025-12-18,,zionist_home,0,3.0,True,2026_2025,Polls,2026_2025:0:8
2026_20251218_tatika,2026,Tatika,Zman Israel,2025-12-18,,bennett_2026,20,,True,2026_2025,Polls,2026_2025:0:9
2026_20251218_tatika,2026,Tatika,Zman Israel,2025-12-18,,democrats,10,,True,2026_2025,Polls,2026_2025:0:9
2026_20251218_tatika,2026,Tatika,Zman Israel,2025-12-18,,hadash_taal,5,,True,2026_2025,Polls,2026_2025:0:9
2026_20251218_tatika,2026,Tatika,Zman Israel,2025-12-18,,likud,26,,True,2026_2025,Polls,2026_2025:0:9
2026_20251218_tatika,2026,Tatika,Zman Israel,2025-12-18,,otzma,6,,True,2026_2025,Polls,2026_2025:0:9
2026_20251218_tatika,2026,Tatika,Zman Israel,2025-12-18,,raam,5,,True,2026_2025,Polls,2026_2025:0:9
2026_20251218_tatika,2026,Tatika,Zman Israel,2025-12-18,,shas,10,,True,2026_2025,Polls,2026_2025:0:9
2026_20251218_tatika,2026,Tatika,Zman Israel,2025-12-18,,utj,8,,True,2026_2025,Polls,2026_2025:0:9
2026_20251218_tatika,2026,Tatika,Zman Israel,2025-12-18,,yashar,6,,True,2026_2025,Polls,2026_2025:0:9
2026_20251218_tatika,2026,Tatika,Zman Israel,2025-12-18,,yesh_atid,10,,True,2026_2025,Polls,2026_2025:0:9
2026_20251218_tatika,2026,Tatika,Zman Israel,2025-12-18,,yisrael_beytenu,10,,True,2026_2025,Polls,2026_2025:0:9
2026_20251218_tatika,2026,Tatika,Zman Israel,2025-12-18,,zionist_home,4,,True,2026_2025,Polls,2026_2025:0:9
2026_20251223_maagarmochot,2026,Maagar Mochot,Channel 13,2025-12-23,,balad,0,2.1,True,2026_2025,Polls,2026_2025:0:6
2026_20251223_maagarmochot,2026,Maagar Mochot,Channel 13,2025-12-23,,bennett_2026,22,,True,2026_2025,Polls,2026_2025:0:6
2026_20251223_maagarmochot,2026,Maagar Mochot,Channel 13,2025-12-23,,blue_white,0,2.2,True,2026_2025,Polls,2026_2025:0:6
2026_20251223_maagarmochot,2026,Maagar Mochot,Channel 13,2025-12-23,,democrats,8,,True,2026_2025,Polls,2026_2025:0:6
2026_20251223_maagarmochot,2026,Maagar Mochot,Channel 13,2025-12-23,,hadash_taal,6,,True,2026_2025,Polls,2026_2025:0:6
2026_20251223_maagarmochot,2026,Maagar Mochot,Channel 13,2025-12-23,,likud,25,,True,2026_2025,Polls,2026_2025:0:6
2026_20251223_maagarmochot,2026,Maagar Mochot,Channel 13,2025-12-23,,otzma,10,,True,2026_2025,Polls,2026_2025:0:6
2026_20251223_maagarmochot,2026,Maagar Mochot,Channel 13,2025-12-23,,raam,4,,True,2026_2025,Polls,2026_2025:0:6
2026_20251223_maagarmochot,2026,Maagar Mochot,Channel 13,2025-12-23,,rzp,4,,True,2026_2025,Polls,2026_2025:0:6
2026_20251223_maagarmochot,2026,Maagar Mochot,Channel 13,2025-12-23,,shas,9,,True,2026_2025,Polls,2026_2025:0:6
2026_20251223_maagarmochot,2026,Maagar Mochot,Channel 13,2025-12-23,,utj,7,,True,2026_2025,Polls,2026_2025:0:6
2026_20251223_maagarmochot,2026,Maagar Mochot,Channel 13,2025-12-23,,yashar,6,,True,2026_2025,Polls,2026_2025:0:6
2026_20251223_maagarmochot,2026,Maagar Mochot,Channel 13,2025-12-23,,yesh_atid,9,,True,2026_2025,Polls,2026_2025:0:6
2026_20251223_maagarmochot,2026,Maagar Mochot,Channel 13,2025-12-23,,yisrael_beytenu,10,,True,2026_2025,Polls,2026_2025:0:6
2026_20251223_maagarmochot,2026,Maagar Mochot,Channel 13,2025-12-23,,zionist_home,0,1.4,True,2026_2025,Polls,2026_2025:0:6
2026_20251225_filber,2026,Filber,Channel 14,2025-12-25,,balad,0,2.3,True,2026_2025,Polls,2026_2025:0:3
2026_20251225_filber,2026,Filber,Channel 14,2025-12-25,,bennett_2026,12,,True,2026_2025,Polls,2026_2025:0:3
2026_20251225_filber,2026,Filber,Channel 14,2025-12-25,,blue_white,0,1.1,True,2026_2025,Polls,2026_2025:0:3
2026_20251225_filber,2026,Filber,Channel 14,2025-12-25,,democrats,10,,True,2026_2025,Polls,2026_2025:0:3
2026_20251225_filber,2026,Filber,Channel 14,2025-12-25,,hadash_taal,5,,True,2026_2025,Polls,2026_2025:0:3
2026_20251225_filber,2026,Filber,Channel 14,2025-12-25,,likud,34,,True,2026_2025,Polls,2026_2025:0:3
2026_20251225_filber,2026,Filber,Channel 14,2025-12-25,,otzma,8,,True,2026_2025,Polls,2026_2025:0:3
2026_20251225_filber,2026,Filber,Channel 14,2025-12-25,,raam,5,,True,2026_2025,Polls,2026_2025:0:3
2026_20251225_filber,2026,Filber,Channel 14,2025-12-25,,rzp,5,,True,2026_2025,Polls,2026_2025:0:3
2026_20251225_filber,2026,Filber,Channel 14,2025-12-25,,shas,10,,True,2026_2025,Polls,2026_2025:0:3
2026_20251225_filber,2026,Filber,Channel 14,2025-12-25,,utj,9,,True,2026_2025,Polls,2026_2025:0:3
2026_20251225_filber,2026,Filber,Channel 14,2025-12-25,,yashar,8,,True,2026_2025,Polls,2026_2025:0:3
2026_20251225_filber,2026,Filber,Channel 14,2025-12-25,,yesh_atid,5,,True,2026_2025,Polls,2026_2025:0:3
2026_20251225_filber,2026,Filber,Channel 14,2025-12-25,,yisrael_beytenu,9,,True,2026_2025,Polls,2026_2025:0:3
2026_20251225_lazar,2026,Lazar,Maariv,2025-12-25,,balad,0,1.8,True,2026_2025,Polls,2026_2025:0:4
2026_20251225_lazar,2026,Lazar,Maariv,2025-12-25,,bennett_2026,21,,True,2026_2025,Polls,2026_2025:0:4
2026_20251225_lazar,2026,Lazar,Maariv,2025-12-25,,blue_white,0,2.2,True,2026_2025,Polls,2026_2025:0:4
2026_20251225_lazar,2026,Lazar,Maariv,2025-12-25,,democrats,10,,True,2026_2025,Polls,2026_2025:0:4
2026_20251225_lazar,2026,Lazar,Maariv,2025-12-25,,hadash_taal,5,,True,2026_2025,Polls,2026_2025:0:4
2026_20251225_lazar,2026,Lazar,Maariv,2025-12-25,,likud,25,,True,2026_2025,Polls,2026_2025:0:4
2026_20251225_lazar,2026,Lazar,Maariv,2025-12-25,,otzma,9,,True,2026_2025,Polls,2026_2025:0:4
2026_20251225_lazar,2026,Lazar,Maariv,2025-12-25,,raam,5,,True,2026_2025,Polls,2026_2025:0:4
2026_20251225_lazar,2026,Lazar,Maariv,2025-12-25,,rzp,0,2.9,True,2026_2025,Polls,2026_2025:0:4
2026_20251225_lazar,2026,Lazar,Maariv,2025-12-25,,shas,9,,True,2026_2025,Polls,2026_2025:0:4
2026_20251225_lazar,2026,Lazar,Maariv,2025-12-25,,utj,7,,True,2026_2025,Polls,2026_2025:0:4
2026_20251225_lazar,2026,Lazar,Maariv,2025-12-25,,yashar,10,,True,2026_2025,Polls,2026_2025:0:4
2026_20251225_lazar,2026,Lazar,Maariv,2025-12-25,,yesh_atid,9,,True,2026_2025,Polls,2026_2025:0:4
2026_20251225_lazar,2026,Lazar,Maariv,2025-12-25,,yisrael_beytenu,10,,True,2026_2025,Polls,2026_2025:0:4
2026_20251225_lazar,2026,Lazar,Maariv,2025-12-25,,zionist_home,0,2.4,True,2026_2025,Polls,2026_2025:0:4
2026_20251225_midgam,2026,Midgam,HaHadashot 12,2025-12-25,,balad,0,1.3,True,2026_2025,Polls,2026_2025:0:2
2026_20251225_midgam,2026,Midgam,HaHadashot 12,2025-12-25,,bennett_2026,22,,True,2026_2025,Polls,2026_2025:0:2
2026_20251225_midgam,2026,Midgam,HaHadashot 12,2025-12-25,,blue_white,0,1.9,True,2026_2025,Polls,2026_2025:0:2
2026_20251225_midgam,2026,Midgam,HaHadashot 12,2025-12-25,,democrats,11,,True,2026_2025,Polls,2026_2025:0:2
2026_20251225_midgam,2026,Midgam,HaHadashot 12,2025-12-25,,hadash_taal,5,,True,2026_2025,Polls,2026_2025:0:2
2026_20251225_midgam,2026,Midgam,HaHadashot 12,2025-12-25,,likud,25,,True,2026_2025,Polls,2026_2025:0:2
2026_20251225_midgam,2026,Midgam,HaHadashot 12,2025-12-25,,otzma,8,,True,2026_2025,Polls,2026_2025:0:2
2026_20251225_midgam,2026,Midgam,HaHadashot 12,2025-12-25,,raam,5,,True,2026_2025,Polls,2026_2025:0:2
2026_20251225_midgam,2026,Midgam,HaHadashot 12,2025-12-25,,rzp,4,,True,2026_2025,Polls,2026_2025:0:2
2026_20251225_midgam,2026,Midgam,HaHadashot 12,2025-12-25,,shas,8,,True,2026_2025,Polls,2026_2025:0:2
2026_20251225_midgam,2026,Midgam,HaHadashot 12,2025-12-25,,utj,7,,True,2026_2025,Polls,2026_2025:0:2
2026_20251225_midgam,2026,Midgam,HaHadashot 12,2025-12-25,,yashar,7,,True,2026_2025,Polls,2026_2025:0:2
2026_20251225_midgam,2026,Midgam,HaHadashot 12,2025-12-25,,yesh_atid,9,,True,2026_2025,Polls,2026_2025:0:2
2026_20251225_midgam,2026,Midgam,HaHadashot 12,2025-12-25,,yisrael_beytenu,9,,True,2026_2025,Polls,2026_2025:0:2
2026_20251225_midgam,2026,Midgam,HaHadashot 12,2025-12-25,,zionist_home,0,1.7,True,2026_2025,Polls,2026_2025:0:2
2026_20251225_tatika,2026,Tatika,Zman Israel,2025-12-25,,bennett_2026,20,,True,2026_2025,Polls,2026_2025:0:5
2026_20251225_tatika,2026,Tatika,Zman Israel,2025-12-25,,democrats,10,,True,2026_2025,Polls,2026_2025:0:5
2026_20251225_tatika,2026,Tatika,Zman Israel,2025-12-25,,hadash_taal,5,,True,2026_2025,Polls,2026_2025:0:5
2026_20251225_tatika,2026,Tatika,Zman Israel,2025-12-25,,likud,25,,True,2026_2025,Polls,2026_2025:0:5
2026_20251225_tatika,2026,Tatika,Zman Israel,2025-12-25,,otzma,5,,True,2026_2025,Polls,2026_2025:0:5
2026_20251225_tatika,2026,Tatika,Zman Israel,2025-12-25,,raam,5,,True,2026_2025,Polls,2026_2025:0:5
2026_20251225_tatika,2026,Tatika,Zman Israel,2025-12-25,,rzp,4,,True,2026_2025,Polls,2026_2025:0:5
2026_20251225_tatika,2026,Tatika,Zman Israel,2025-12-25,,shas,10,,True,2026_2025,Polls,2026_2025:0:5
2026_20251225_tatika,2026,Tatika,Zman Israel,2025-12-25,,utj,8,,True,2026_2025,Polls,2026_2025:0:5
2026_20251225_tatika,2026,Tatika,Zman Israel,2025-12-25,,yashar,5,,True,2026_2025,Polls,2026_2025:0:5
2026_20251225_tatika,2026,Tatika,Zman Israel,2025-12-25,,yesh_atid,9,,True,2026_2025,Polls,2026_2025:0:5
2026_20251225_tatika,2026,Tatika,Zman Israel,2025-12-25,,yisrael_beytenu,10,,True,2026_2025,Polls,2026_2025:0:5
2026_20251225_tatika,2026,Tatika,Zman Israel,2025-12-25,,zionist_home,4,,True,2026_2025,Polls,2026_2025:0:5
2026_20251231_lazar,2026,Lazar,Maariv,2025-12-31,,balad,0,2.0,True,2026_main,2026,2026_main:3:82
2026_20251231_lazar,2026,Lazar,Maariv,2025-12-31,,bennett_2026,19,,True,2026_main,2026,2026_main:3:82
2026_20251231_lazar,2026,Lazar,Maariv,2025-12-31,,blue_white,0,2.0,True,2026_main,2026,2026_main:3:82
2026_20251231_lazar,2026,Lazar,Maariv,2025-12-31,,democrats,10,,True,2026_main,2026,2026_main:3:82
2026_20251231_lazar,2026,Lazar,Maariv,2025-12-31,,hadash_taal,5,,True,2026_main,2026,2026_main:3:82
2026_20251231_lazar,2026,Lazar,Maariv,2025-12-31,,likud,27,,True,2026_main,2026,2026_main:3:82
2026_20251231_lazar,2026,Lazar,Maariv,2025-12-31,,otzma,10,,True,2026_main,2026,2026_main:3:82
2026_20251231_lazar,2026,Lazar,Maariv,2025-12-31,,raam,5,,True,2026_main,2026,2026_main:3:82
2026_20251231_lazar,2026,Lazar,Maariv,2025-12-31,,rzp,0,2.8,True,2026_main,2026,2026_main:3:82
2026_20251231_lazar,2026,Lazar,Maariv,2025-12-31,,shas,8,,True,2026_main,2026,2026_main:3:82
2026_20251231_lazar,2026,Lazar,Maariv,2025-12-31,,utj,7,,True,2026_main,2026,2026_main:3:82
2026_20251231_lazar,2026,Lazar,Maariv,2025-12-31,,yashar,10,,True,2026_main,2026,2026_main:3:82
2026_20251231_lazar,2026,Lazar,Maariv,2025-12-31,,yesh_atid,9,,True,2026_main,2026,2026_main:3:82
2026_20251231_lazar,2026,Lazar,Maariv,2025-12-31,,yisrael_beytenu,10,,True,2026_main,2026,2026_main:3:82
2026_20251231_lazar,2026,Lazar,Maariv,2025-12-31,,zionist_home,0,3.0,True,2026_main,2026,2026_main:3:82
2026_20251231_tatika,2026,Tatika,Zman Yisrael,2025-12-31,500.0,bennett_2026,22,,True,2026_main,2026,2026_main:3:83
2026_20251231_tatika,2026,Tatika,Zman Yisrael,2025-12-31,500.0,democrats,8,,True,2026_main,2026,2026_main:3:83
2026_20251231_tatika,2026,Tatika,Zman Yisrael,2025-12-31,500.0,hadash_taal,5,,True,2026_main,2026,2026_main:3:83
2026_20251231_tatika,2026,Tatika,Zman Yisrael,2025-12-31,500.0,likud,28,,True,2026_main,2026,2026_main:3:83
2026_20251231_tatika,2026,Tatika,Zman Yisrael,2025-12-31,500.0,otzma,6,,True,2026_main,2026,2026_main:3:83
2026_20251231_tatika,2026,Tatika,Zman Yisrael,2025-12-31,500.0,raam,6,,True,2026_main,2026,2026_main:3:83
2026_20251231_tatika,2026,Tatika,Zman Yisrael,2025-12-31,500.0,shas,10,,True,2026_main,2026,2026_main:3:83
2026_20251231_tatika,2026,Tatika,Zman Yisrael,2025-12-31,500.0,utj,8,,True,2026_main,2026,2026_main:3:83
2026_20251231_tatika,2026,Tatika,Zman Yisrael,2025-12-31,500.0,yashar,7,,True,2026_main,2026,2026_main:3:83
2026_20251231_tatika,2026,Tatika,Zman Yisrael,2025-12-31,500.0,yesh_atid,10,,True,2026_main,2026,2026_main:3:83
2026_20251231_tatika,2026,Tatika,Zman Yisrael,2025-12-31,500.0,yisrael_beytenu,10,,True,2026_main,2026,2026_main:3:83
2026_20260101_filber,2026,Filber,Channel 14,2026-01-01,736.0,balad,0,2.1,True,2026_main,2026,2026_main:3:81
2026_20260101_filber,2026,Filber,Channel 14,2026-01-01,736.0,bennett_2026,11,,True,2026_main,2026,2026_main:3:81
2026_20260101_filber,2026,Filber,Channel 14,2026-01-01,736.0,blue_white,0,0.9,True,2026_main,2026,2026_main:3:81
2026_20260101_filber,2026,Filber,Channel 14,2026-01-01,736.0,democrats,10,,True,2026_main,2026,2026_main:3:81
2026_20260101_filber,2026,Filber,Channel 14,2026-01-01,736.0,hadash_taal,5,,True,2026_main,2026,2026_main:3:81
2026_20260101_filber,2026,Filber,Channel 14,2026-01-01,736.0,likud,35,,True,2026_main,2026,2026_main:3:81
2026_20260101_filber,2026,Filber,Channel 14,2026-01-01,736.0,otzma,7,,True,2026_main,2026,2026_main:3:81
2026_20260101_filber,2026,Filber,Channel 14,2026-01-01,736.0,raam,5,,True,2026_main,2026,2026_main:3:81
2026_20260101_filber,2026,Filber,Channel 14,2026-01-01,736.0,rzp,5,,True,2026_main,2026,2026_main:3:81
2026_20260101_filber,2026,Filber,Channel 14,2026-01-01,736.0,shas,11,,True,2026_main,2026,2026_main:3:81
2026_20260101_filber,2026,Filber,Channel 14,2026-01-01,736.0,utj,8,,True,2026_main,2026,2026_main:3:81
2026_20260101_filber,2026,Filber,Channel 14,2026-01-01,736.0,yashar,8,,True,2026_main,2026,2026_main:3:81
2026_20260101_filber,2026,Filber,Channel 14,2026-01-01,736.0,yesh_atid,6,,True,2026_main,2026,2026_main:3:81
2026_20260101_filber,2026,Filber,Channel 14,2026-01-01,736.0,yisrael_beytenu,9,,True,2026_main,2026,2026_main:3:81
2026_20260101_midgam,2026,Midgam,HaHadashot 12,2026-01-01,,balad,0,1.8,True,2026_main,2026,2026_main:3:80
2026_20260101_midgam,2026,Midgam,HaHadashot 12,2026-01-01,,bennett_2026,21,,True,2026_main,2026,2026_main:3:80
2026_20260101_midgam,2026,Midgam,HaHadashot 12,2026-01-01,,blue_white,0,2.0,True,2026_main,2026,2026_main:3:80
2026_20260101_midgam,2026,Midgam,HaHadashot 12,2026-01-01,,democrats,11,,True,2026_main,2026,2026_main:3:80
2026_20260101_midgam,2026,Midgam,HaHadashot 12,2026-01-01,,hadash_taal,5,,True,2026_main,2026,2026_main:3:80
2026_20260101_midgam,2026,Midgam,HaHadashot 12,2026-01-01,,likud,26,,True,2026_main,2026,2026_main:3:80
2026_20260101_midgam,2026,Midgam,HaHadashot 12,2026-01-01,,otzma,9,,True,2026_main,2026,2026_main:3:80
2026_20260101_midgam,2026,Midgam,HaHadashot 12,2026-01-01,,raam,5,,True,2026_main,2026,2026_main:3:80
2026_20260101_midgam,2026,Midgam,HaHadashot 12,2026-01-01,,rzp,0,2.9,True,2026_main,2026,2026_main:3:80
2026_20260101_midgam,2026,Midgam,HaHadashot 12,2026-01-01,,shas,9,,True,2026_main,2026,2026_main:3:80
2026_20260101_midgam,2026,Midgam,HaHadashot 12,2026-01-01,,utj,7,,True,2026_main,2026,2026_main:3:80
2026_20260101_midgam,2026,Midgam,HaHadashot 12,2026-01-01,,yashar,8,,True,2026_main,2026,2026_main:3:80
2026_20260101_midgam,2026,Midgam,HaHadashot 12,2026-01-01,,yesh_atid,10,,True,2026_main,2026,2026_main:3:80
2026_20260101_midgam,2026,Midgam,HaHadashot 12,2026-01-01,,yisrael_beytenu,9,,True,2026_main,2026,2026_main:3:80
2026_20260101_midgam,2026,Midgam,HaHadashot 12,2026-01-01,,zionist_home,0,2.7,True,2026_main,2026,2026_main:3:80
2026_20260107_maagarmochot,2026,Maagar Mochot,Channel 13,2026-01-07,,balad,0,2.3,True,2026_main,2026,2026_main:3:79
2026_20260107_maagarmochot,2026,Maagar Mochot,Channel 13,2026-01-07,,bennett_2026,24,,True,2026_main,2026,2026_main:3:79
2026_20260107_maagarmochot,2026,Maagar Mochot,Channel 13,2026-01-07,,blue_white,0,2.3,True,2026_main,2026,2026_main:3:79
2026_20260107_maagarmochot,2026,Maagar Mochot,Channel 13,2026-01-07,,democrats,8,,True,2026_main,2026,2026_main:3:79
2026_20260107_maagarmochot,2026,Maagar Mochot,Channel 13,2026-01-07,,hadash_taal,5,,True,2026_main,2026,2026_main:3:79
2026_20260107_maagarmochot,2026,Maagar Mochot,Channel 13,2026-01-07,,likud,26,,True,2026_main,2026,2026_main:3:79
2026_20260107_maagarmochot,2026,Maagar Mochot,Channel 13,2026-01-07,,otzma,10,,True,2026_main,2026,2026_main:3:79
2026_20260107_maagarmochot,2026,Maagar Mochot,Channel 13,2026-01-07,,raam,5,,True,2026_main,2026,2026_main:3:79
2026_20260107_maagarmochot,2026,Maagar Mochot,Channel 13,2026-01-07,,rzp,0,2.3,True,2026_main,2026,2026_main:3:79
2026_20260107_maagarmochot,2026,Maagar Mochot,Channel 13,2026-01-07,,shas,10,,True,2026_main,2026,2026_main:3:79
2026_20260107_maagarmochot,2026,Maagar Mochot,Channel 13,2026-01-07,,utj,7,,True,2026_main,2026,2026_main:3:79
2026_20260107_maagarmochot,2026,Maagar Mochot,Channel 13,2026-01-07,,yashar,8,,True,2026_main,2026,2026_main:3:79
2026_20260107_maagarmochot,2026,Maagar Mochot,Channel 13,2026-01-07,,yesh_atid,7,,True,2026_main,2026,2026_main:3:79
2026_20260107_maagarmochot,2026,Maagar Mochot,Channel 13,2026-01-07,,yisrael_beytenu,10,,True,2026_main,2026,2026_main:3:79
2026_20260107_maagarmochot,2026,Maagar Mochot,Channel 13,2026-01-07,,zionist_home,0,1.6,True,2026_main,2026,2026_main:3:79
2026_20260108_filber,2026,Filber,Channel 14,2026-01-08,506.0,balad,0,2.1,True,2026_main,2026,2026_main:3:76
2026_20260108_filber,2026,Filber,Channel 14,2026-01-08,506.0,bennett_2026,13,,True,2026_main,2026,2026_main:3:76
2026_20260108_filber,2026,Filber,Channel 14,2026-01-08,506.0,blue_white,0,1.4,True,2026_main,2026,2026_main:3:76
2026_20260108_filber,2026,Filber,Channel 14,2026-01-08,506.0,democrats,8,,True,2026_main,2026,2026_main:3:76
2026_20260108_filber,2026,Filber,Channel 14,2026-01-08,506.0,hadash_taal,5,,True,2026_main,2026,2026_main:3:76
2026_20260108_filber,2026,Filber,Channel 14,2026-01-08,506.0,likud,35,,True,2026_main,2026,2026_main:3:76
2026_20260108_filber,2026,Filber,Channel 14,2026-01-08,506.0,otzma,7,,True,2026_main,2026,2026_main:3:76
2026_20260108_filber,2026,Filber,Channel 14,2026-01-08,506.0,raam,5,,True,2026_main,2026,2026_main:3:76
2026_20260108_filber,2026,Filber,Channel 14,2026-01-08,506.0,rzp,4,,True,2026_main,2026,2026_main:3:76
2026_20260108_filber,2026,Filber,Channel 14,2026-01-08,506.0,shas,11,,True,2026_main,2026,2026_main:3:76
2026_20260108_filber,2026,Filber,Channel 14,2026-01-08,506.0,utj,9,,True,2026_main,2026,2026_main:3:76
2026_20260108_filber,2026,Filber,Channel 14,2026-01-08,506.0,yashar,8,,True,2026_main,2026,2026_main:3:76
2026_20260108_filber,2026,Filber,Channel 14,2026-01-08,506.0,yesh_atid,6,,True,2026_main,2026,2026_main:3:76
2026_20260108_filber,2026,Filber,Channel 14,2026-01-08,506.0,yisrael_beytenu,9,,True,2026_main,2026,2026_main:3:76
2026_20260108_lazar,2026,Lazar,Maariv,2026-01-08,503.0,balad,0,1.8,True,2026_main,2026,2026_main:3:77
2026_20260108_lazar,2026,Lazar,Maariv,2026-01-08,503.0,bennett_2026,22,,True,2026_main,2026,2026_main:3:77
2026_20260108_lazar,2026,Lazar,Maariv,2026-01-08,503.0,blue_white,0,2.2,True,2026_main,2026,2026_main:3:77
2026_20260108_lazar,2026,Lazar,Maariv,2026-01-08,503.0,democrats,10,,True,2026_main,2026,2026_main:3:77
2026_20260108_lazar,2026,Lazar,Maariv,2026-01-08,503.0,hadash_taal,5,,True,2026_main,2026,2026_main:3:77
2026_20260108_lazar,2026,Lazar,Maariv,2026-01-08,503.0,likud,27,,True,2026_main,2026,2026_main:3:77
2026_20260108_lazar,2026,Lazar,Maariv,2026-01-08,503.0,otzma,9,,True,2026_main,2026,2026_main:3:77
2026_20260108_lazar,2026,Lazar,Maariv,2026-01-08,503.0,raam,5,,True,2026_main,2026,2026_main:3:77
2026_20260108_lazar,2026,Lazar,Maariv,2026-01-08,503.0,rzp,0,2.2,True,2026_main,2026,2026_main:3:77
2026_20260108_lazar,2026,Lazar,Maariv,2026-01-08,503.0,shas,8,,True,2026_main,2026,2026_main:3:77
2026_20260108_lazar,2026,Lazar,Maariv,2026-01-08,503.0,utj,7,,True,2026_main,2026,2026_main:3:77
2026_20260108_lazar,2026,Lazar,Maariv,2026-01-08,503.0,yashar,10,,True,2026_main,2026,2026_main:3:77
2026_20260108_lazar,2026,Lazar,Maariv,2026-01-08,503.0,yesh_atid,8,,True,2026_main,2026,2026_main:3:77
2026_20260108_lazar,2026,Lazar,Maariv,2026-01-08,503.0,yisrael_beytenu,9,,True,2026_main,2026,2026_main:3:77
2026_20260108_lazar,2026,Lazar,Maariv,2026-01-08,503.0,zionist_home,0,2.7,True,2026_main,2026,2026_main:3:77
2026_20260108_midgam,2026,Midgam,HaHadashot 12,2026-01-08,,balad,0,1.3,True,2026_main,2026,2026_main:3:75
2026_20260108_midgam,2026,Midgam,HaHadashot 12,2026-01-08,,bennett_2026,21,,True,2026_main,2026,2026_main:3:75
2026_20260108_midgam,2026,Midgam,HaHadashot 12,2026-01-08,,blue_white,0,0.6,True,2026_main,2026,2026_main:3:75
2026_20260108_midgam,2026,Midgam,HaHadashot 12,2026-01-08,,democrats,12,,True,2026_main,2026,2026_main:3:75
2026_20260108_midgam,2026,Midgam,HaHadashot 12,2026-01-08,,hadash_taal,5,,True,2026_main,2026,2026_main:3:75
2026_20260108_midgam,2026,Midgam,HaHadashot 12,2026-01-08,,likud,25,,True,2026_main,2026,2026_main:3:75
2026_20260108_midgam,2026,Midgam,HaHadashot 12,2026-01-08,,otzma,8,,True,2026_main,2026,2026_main:3:75
2026_20260108_midgam,2026,Midgam,HaHadashot 12,2026-01-08,,raam,5,,True,2026_main,2026,2026_main:3:75
2026_20260108_midgam,2026,Midgam,HaHadashot 12,2026-01-08,,rzp,4,,True,2026_main,2026,2026_main:3:75
2026_20260108_midgam,2026,Midgam,HaHadashot 12,2026-01-08,,shas,8,,True,2026_main,2026,2026_main:3:75
2026_20260108_midgam,2026,Midgam,HaHadashot 12,2026-01-08,,utj,7,,True,2026_main,2026,2026_main:3:75
2026_20260108_midgam,2026,Midgam,HaHadashot 12,2026-01-08,,yashar,8,,True,2026_main,2026,2026_main:3:75
2026_20260108_midgam,2026,Midgam,HaHadashot 12,2026-01-08,,yesh_atid,9,,True,2026_main,2026,2026_main:3:75
2026_20260108_midgam,2026,Midgam,HaHadashot 12,2026-01-08,,yisrael_beytenu,8,,True,2026_main,2026,2026_main:3:75
2026_20260108_midgam,2026,Midgam,HaHadashot 12,2026-01-08,,zionist_home,0,2.5,True,2026_main,2026,2026_main:3:75
2026_20260108_tatika,2026,Tatika,Zman Yisrael,2026-01-08,500.0,bennett_2026,21,,True,2026_main,2026,2026_main:3:78
2026_20260108_tatika,2026,Tatika,Zman Yisrael,2026-01-08,500.0,democrats,9,,True,2026_main,2026,2026_main:3:78
2026_20260108_tatika,2026,Tatika,Zman Yisrael,2026-01-08,500.0,hadash_taal,5,,True,2026_main,2026,2026_main:3:78
2026_20260108_tatika,2026,Tatika,Zman Yisrael,2026-01-08,500.0,likud,28,,True,2026_main,2026,2026_main:3:78
2026_20260108_tatika,2026,Tatika,Zman Yisrael,2026-01-08,500.0,otzma,7,,True,2026_main,2026,2026_main:3:78
2026_20260108_tatika,2026,Tatika,Zman Yisrael,2026-01-08,500.0,raam,6,,True,2026_main,2026,2026_main:3:78
2026_20260108_tatika,2026,Tatika,Zman Yisrael,2026-01-08,500.0,shas,10,,True,2026_main,2026,2026_main:3:78
2026_20260108_tatika,2026,Tatika,Zman Yisrael,2026-01-08,500.0,utj,8,,True,2026_main,2026,2026_main:3:78
2026_20260108_tatika,2026,Tatika,Zman Yisrael,2026-01-08,500.0,yashar,6,,True,2026_main,2026,2026_main:3:78
2026_20260108_tatika,2026,Tatika,Zman Yisrael,2026-01-08,500.0,yesh_atid,10,,True,2026_main,2026,2026_main:3:78
2026_20260108_tatika,2026,Tatika,Zman Yisrael,2026-01-08,500.0,yisrael_beytenu,10,,True,2026_main,2026,2026_main:3:78
2026_20260114_kantar,2026,Kantar,Israel Hayom,2026-01-14,600.0,balad,0,1.9,True,2026_main,2026,2026_main:3:74
2026_20260114_kantar,2026,Kantar,Israel Hayom,2026-01-14,600.0,bennett_2026,23,,True,2026_main,2026,2026_main:3:74
2026_20260114_kantar,2026,Kantar,Israel Hayom,2026-01-14,600.0,blue_white,0,3.0,True,2026_main,2026,2026_main:3:74
2026_20260114_kantar,2026,Kantar,Israel Hayom,2026-01-14,600.0,democrats,9,,True,2026_main,2026,2026_main:3:74
2026_20260114_kantar,2026,Kantar,Israel Hayom,2026-01-14,600.0,hadash_taal,5,,True,2026_main,2026,2026_main:3:74
2026_20260114_kantar,2026,Kantar,Israel Hayom,2026-01-14,600.0,likud,27,,True,2026_main,2026,2026_main:3:74
2026_20260114_kantar,2026,Kantar,Israel Hayom,2026-01-14,600.0,otzma,9,,True,2026_main,2026,2026_main:3:74
2026_20260114_kantar,2026,Kantar,Israel Hayom,2026-01-14,600.0,raam,5,,True,2026_main,2026,2026_main:3:74
2026_20260114_kantar,2026,Kantar,Israel Hayom,2026-01-14,600.0,rzp,0,2.9,True,2026_main,2026,2026_main:3:74
2026_20260114_kantar,2026,Kantar,Israel Hayom,2026-01-14,600.0,shas,10,,True,2026_main,2026,2026_main:3:74
2026_20260114_kantar,2026,Kantar,Israel Hayom,2026-01-14,600.0,utj,7,,True,2026_main,2026,2026_main:3:74
2026_20260114_kantar,2026,Kantar,Israel Hayom,2026-01-14,600.0,yashar,9,,True,2026_main,2026,2026_main:3:74
2026_20260114_kantar,2026,Kantar,Israel Hayom,2026-01-14,600.0,yesh_atid,8,,True,2026_main,2026,2026_main:3:74
2026_20260114_kantar,2026,Kantar,Israel Hayom,2026-01-14,600.0,yisrael_beytenu,8,,True,2026_main,2026,2026_main:3:74
2026_20260114_kantar,2026,Kantar,Israel Hayom,2026-01-14,600.0,zionist_home,0,2.7,True,2026_main,2026,2026_main:3:74
2026_20260115_filber,2026,Filber,Channel 14,2026-01-15,604.0,balad,0,2.1,True,2026_main,2026,2026_main:3:71
2026_20260115_filber,2026,Filber,Channel 14,2026-01-15,604.0,bennett_2026,11,,True,2026_main,2026,2026_main:3:71
2026_20260115_filber,2026,Filber,Channel 14,2026-01-15,604.0,blue_white,0,2.8,True,2026_main,2026,2026_main:3:71
2026_20260115_filber,2026,Filber,Channel 14,2026-01-15,604.0,democrats,11,,True,2026_main,2026,2026_main:3:71
2026_20260115_filber,2026,Filber,Channel 14,2026-01-15,604.0,hadash_taal,5,,True,2026_main,2026,2026_main:3:71
2026_20260115_filber,2026,Filber,Channel 14,2026-01-15,604.0,likud,35,,True,2026_main,2026,2026_main:3:71
2026_20260115_filber,2026,Filber,Channel 14,2026-01-15,604.0,otzma,7,,True,2026_main,2026,2026_main:3:71
2026_20260115_filber,2026,Filber,Channel 14,2026-01-15,604.0,raam,6,,True,2026_main,2026,2026_main:3:71
2026_20260115_filber,2026,Filber,Channel 14,2026-01-15,604.0,rzp,4,,True,2026_main,2026,2026_main:3:71
2026_20260115_filber,2026,Filber,Channel 14,2026-01-15,604.0,shas,11,,True,2026_main,2026,2026_main:3:71
2026_20260115_filber,2026,Filber,Channel 14,2026-01-15,604.0,utj,9,,True,2026_main,2026,2026_main:3:71
2026_20260115_filber,2026,Filber,Channel 14,2026-01-15,604.0,yashar,6,,True,2026_main,2026,2026_main:3:71
2026_20260115_filber,2026,Filber,Channel 14,2026-01-15,604.0,yesh_atid,5,,True,2026_main,2026,2026_main:3:71
2026_20260115_filber,2026,Filber,Channel 14,2026-01-15,604.0,yisrael_beytenu,10,,True,2026_main,2026,2026_main:3:71
2026_20260115_lazar,2026,Lazar,Maariv,2026-01-15,501.0,balad,0,2.1,True,2026_main,2026,2026_main:3:72
2026_20260115_lazar,2026,Lazar,Maariv,2026-01-15,501.0,bennett_2026,22,,True,2026_main,2026,2026_main:3:72
2026_20260115_lazar,2026,Lazar,Maariv,2026-01-15,501.0,blue_white,0,2.3,True,2026_main,2026,2026_main:3:72
2026_20260115_lazar,2026,Lazar,Maariv,2026-01-15,501.0,democrats,10,,True,2026_main,2026,2026_main:3:72
2026_20260115_lazar,2026,Lazar,Maariv,2026-01-15,501.0,hadash_taal,5,,True,2026_main,2026,2026_main:3:72
2026_20260115_lazar,2026,Lazar,Maariv,2026-01-15,501.0,likud,26,,True,2026_main,2026,2026_main:3:72
2026_20260115_lazar,2026,Lazar,Maariv,2026-01-15,501.0,otzma,10,,True,2026_main,2026,2026_main:3:72
2026_20260115_lazar,2026,Lazar,Maariv,2026-01-15,501.0,raam,4,,True,2026_main,2026,2026_main:3:72
2026_20260115_lazar,2026,Lazar,Maariv,2026-01-15,501.0,rzp,0,2.6,True,2026_main,2026,2026_main:3:72
2026_20260115_lazar,2026,Lazar,Maariv,2026-01-15,501.0,shas,8,,True,2026_main,2026,2026_main:3:72
2026_20260115_lazar,2026,Lazar,Maariv,2026-01-15,501.0,utj,7,,True,2026_main,2026,2026_main:3:72
2026_20260115_lazar,2026,Lazar,Maariv,2026-01-15,501.0,yashar,11,,True,2026_main,2026,2026_main:3:72
2026_20260115_lazar,2026,Lazar,Maariv,2026-01-15,501.0,yesh_atid,9,,True,2026_main,2026,2026_main:3:72
2026_20260115_lazar,2026,Lazar,Maariv,2026-01-15,501.0,yisrael_beytenu,8,,True,2026_main,2026,2026_main:3:72
2026_20260115_lazar,2026,Lazar,Maariv,2026-01-15,501.0,zionist_home,0,2.6,True,2026_main,2026,2026_main:3:72
2026_20260115_midgam,2026,Midgam,HaHadashot 12,2026-01-15,504.0,balad,0,1.7,True,2026_main,2026,2026_main:3:69
2026_20260115_midgam,2026,Midgam,HaHadashot 12,2026-01-15,504.0,bennett_2026,22,,True,2026_main,2026,2026_main:3:69
2026_20260115_midgam,2026,Midgam,HaHadashot 12,2026-01-15,504.0,blue_white,0,2.4,True,2026_main,2026,2026_main:3:69
2026_20260115_midgam,2026,Midgam,HaHadashot 12,2026-01-15,504.0,democrats,12,,True,2026_main,2026,2026_main:3:69
2026_20260115_midgam,2026,Midgam,HaHadashot 12,2026-01-15,504.0,hadash_taal,5,,True,2026_main,2026,2026_main:3:69
2026_20260115_midgam,2026,Midgam,HaHadashot 12,2026-01-15,504.0,likud,26,,True,2026_main,2026,2026_main:3:69
2026_20260115_midgam,2026,Midgam,HaHadashot 12,2026-01-15,504.0,otzma,9,,True,2026_main,2026,2026_main:3:69
2026_20260115_midgam,2026,Midgam,HaHadashot 12,2026-01-15,504.0,raam,5,,True,2026_main,2026,2026_main:3:69
2026_20260115_midgam,2026,Midgam,HaHadashot 12,2026-01-15,504.0,rzp,0,2.9,True,2026_main,2026,2026_main:3:69
2026_20260115_midgam,2026,Midgam,HaHadashot 12,2026-01-15,504.0,shas,8,,True,2026_main,2026,2026_main:3:69
2026_20260115_midgam,2026,Midgam,HaHadashot 12,2026-01-15,504.0,utj,8,,True,2026_main,2026,2026_main:3:69
2026_20260115_midgam,2026,Midgam,HaHadashot 12,2026-01-15,504.0,yashar,8,,True,2026_main,2026,2026_main:3:69
2026_20260115_midgam,2026,Midgam,HaHadashot 12,2026-01-15,504.0,yesh_atid,9,,True,2026_main,2026,2026_main:3:69
2026_20260115_midgam,2026,Midgam,HaHadashot 12,2026-01-15,504.0,yisrael_beytenu,8,,True,2026_main,2026,2026_main:3:69
2026_20260115_midgam,2026,Midgam,HaHadashot 12,2026-01-15,504.0,zionist_home,0,1.4,True,2026_main,2026,2026_main:3:69
2026_20260115_tatika,2026,Tatika,Zman Yisrael,2026-01-15,500.0,bennett_2026,19,,True,2026_main,2026,2026_main:3:73
2026_20260115_tatika,2026,Tatika,Zman Yisrael,2026-01-15,500.0,blue_white,4,,True,2026_main,2026,2026_main:3:73
2026_20260115_tatika,2026,Tatika,Zman Yisrael,2026-01-15,500.0,democrats,8,,True,2026_main,2026,2026_main:3:73
2026_20260115_tatika,2026,Tatika,Zman Yisrael,2026-01-15,500.0,hadash_taal,5,,True,2026_main,2026,2026_main:3:73
2026_20260115_tatika,2026,Tatika,Zman Yisrael,2026-01-15,500.0,likud,27,,True,2026_main,2026,2026_main:3:73
2026_20260115_tatika,2026,Tatika,Zman Yisrael,2026-01-15,500.0,otzma,7,,True,2026_main,2026,2026_main:3:73
2026_20260115_tatika,2026,Tatika,Zman Yisrael,2026-01-15,500.0,raam,6,,True,2026_main,2026,2026_main:3:73
2026_20260115_tatika,2026,Tatika,Zman Yisrael,2026-01-15,500.0,shas,10,,True,2026_main,2026,2026_main:3:73
2026_20260115_tatika,2026,Tatika,Zman Yisrael,2026-01-15,500.0,utj,8,,True,2026_main,2026,2026_main:3:73
2026_20260115_tatika,2026,Tatika,Zman Yisrael,2026-01-15,500.0,yashar,7,,True,2026_main,2026,2026_main:3:73
2026_20260115_tatika,2026,Tatika,Zman Yisrael,2026-01-15,500.0,yesh_atid,9,,True,2026_main,2026,2026_main:3:73
2026_20260115_tatika,2026,Tatika,Zman Yisrael,2026-01-15,500.0,yisrael_beytenu,10,,True,2026_main,2026,2026_main:3:73
2026_20260115_trendzone,2026,TrendZone,–,2026-01-15,,bennett_2026,21,,True,2026_main,2026,2026_main:3:70
2026_20260115_trendzone,2026,TrendZone,–,2026-01-15,,blue_white,0,1.8,True,2026_main,2026,2026_main:3:70
2026_20260115_trendzone,2026,TrendZone,–,2026-01-15,,democrats,12,,True,2026_main,2026,2026_main:3:70
2026_20260115_trendzone,2026,TrendZone,–,2026-01-15,,hadash_taal,6,,True,2026_main,2026,2026_main:3:70
2026_20260115_trendzone,2026,TrendZone,–,2026-01-15,,likud,34,,True,2026_main,2026,2026_main:3:70
2026_20260115_trendzone,2026,TrendZone,–,2026-01-15,,otzma,10,,True,2026_main,2026,2026_main:3:70
2026_20260115_trendzone,2026,TrendZone,–,2026-01-15,,raam,5,,True,2026_main,2026,2026_main:3:70
2026_20260115_trendzone,2026,TrendZone,–,2026-01-15,,shas,6,,True,2026_main,2026,2026_main:3:70
2026_20260115_trendzone,2026,TrendZone,–,2026-01-15,,utj,6,,True,2026_main,2026,2026_main:3:70
2026_20260115_trendzone,2026,TrendZone,–,2026-01-15,,yashar,9,,True,2026_main,2026,2026_main:3:70
2026_20260115_trendzone,2026,TrendZone,–,2026-01-15,,yesh_atid,5,,True,2026_main,2026,2026_main:3:70
2026_20260115_trendzone,2026,TrendZone,–,2026-01-15,,yisrael_beytenu,6,,True,2026_main,2026,2026_main:3:70
2026_20260120_maagarmochot,2026,Maagar Mochot,Channel 13,2026-01-20,,balad,4,,True,2026_main,2026,2026_main:3:68
2026_20260120_maagarmochot,2026,Maagar Mochot,Channel 13,2026-01-20,,bennett_2026,23,,True,2026_main,2026,2026_main:3:68
2026_20260120_maagarmochot,2026,Maagar Mochot,Channel 13,2026-01-20,,blue_white,0,2.0,True,2026_main,2026,2026_main:3:68
2026_20260120_maagarmochot,2026,Maagar Mochot,Channel 13,2026-01-20,,democrats,10,,True,2026_main,2026,2026_main:3:68
2026_20260120_maagarmochot,2026,Maagar Mochot,Channel 13,2026-01-20,,hadash_taal,5,,True,2026_main,2026,2026_main:3:68
2026_20260120_maagarmochot,2026,Maagar Mochot,Channel 13,2026-01-20,,likud,25,,True,2026_main,2026,2026_main:3:68
2026_20260120_maagarmochot,2026,Maagar Mochot,Channel 13,2026-01-20,,otzma,9,,True,2026_main,2026,2026_main:3:68
2026_20260120_maagarmochot,2026,Maagar Mochot,Channel 13,2026-01-20,,raam,4,,True,2026_main,2026,2026_main:3:68
2026_20260120_maagarmochot,2026,Maagar Mochot,Channel 13,2026-01-20,,rzp,0,2.6,True,2026_main,2026,2026_main:3:68
2026_20260120_maagarmochot,2026,Maagar Mochot,Channel 13,2026-01-20,,shas,10,,True,2026_main,2026,2026_main:3:68
2026_20260120_maagarmochot,2026,Maagar Mochot,Channel 13,2026-01-20,,utj,7,,True,2026_main,2026,2026_main:3:68
2026_20260120_maagarmochot,2026,Maagar Mochot,Channel 13,2026-01-20,,yashar,7,,True,2026_main,2026,2026_main:3:68
2026_20260120_maagarmochot,2026,Maagar Mochot,Channel 13,2026-01-20,,yesh_atid,7,,True,2026_main,2026,2026_main:3:68
2026_20260120_maagarmochot,2026,Maagar Mochot,Channel 13,2026-01-20,,yisrael_beytenu,9,,True,2026_main,2026,2026_main:3:68
2026_20260120_maagarmochot,2026,Maagar Mochot,Channel 13,2026-01-20,,zionist_home,0,2.0,True,2026_main,2026,2026_main:3:68
2026_20260122_filber,2026,Filber,Channel 14,2026-01-22,503.0,balad,0,2.4,True,2026_main,2026,2026_main:3:65
2026_20260122_filber,2026,Filber,Channel 14,2026-01-22,503.0,bennett_2026,10,,True,2026_main,2026,2026_main:3:65
2026_20260122_filber,2026,Filber,Channel 14,2026-01-22,503.0,blue_white,4,,True,2026_main,2026,2026_main:3:65
2026_20260122_filber,2026,Filber,Channel 14,2026-01-22,503.0,democrats,10,,True,2026_main,2026,2026_main:3:65
2026_20260122_filber,2026,Filber,Channel 14,2026-01-22,503.0,hadash_taal,6,,True,2026_main,2026,2026_main:3:65
2026_20260122_filber,2026,Filber,Channel 14,2026-01-22,503.0,likud,34,,True,2026_main,2026,2026_main:3:65
2026_20260122_filber,2026,Filber,Channel 14,2026-01-22,503.0,otzma,7,,True,2026_main,2026,2026_main:3:65
2026_20260122_filber,2026,Filber,Channel 14,2026-01-22,503.0,raam,5,,True,2026_main,2026,2026_main:3:65
2026_20260122_filber,2026,Filber,Channel 14,2026-01-22,503.0,rzp,5,,True,2026_main,2026,2026_main:3:65
2026_20260122_filber,2026,Filber,Channel 14,2026-01-22,503.0,shas,10,,True,2026_main,2026,2026_main:3:65
2026_20260122_filber,2026,Filber,Channel 14,2026-01-22,503.0,utj,9,,True,2026_main,2026,2026_main:3:65
2026_20260122_filber,2026,Filber,Channel 14,2026-01-22,503.0,yashar,7,,True,2026_main,2026,2026_main:3:65
2026_20260122_filber,2026,Filber,Channel 14,2026-01-22,503.0,yesh_atid,5,,True,2026_main,2026,2026_main:3:65
2026_20260122_filber,2026,Filber,Channel 14,2026-01-22,503.0,yisrael_beytenu,8,,True,2026_main,2026,2026_main:3:65
2026_20260122_lazar,2026,Lazar,Maariv,2026-01-22,501.0,balad,0,1.9,True,2026_main,2026,2026_main:3:66
2026_20260122_lazar,2026,Lazar,Maariv,2026-01-22,501.0,bennett_2026,23,,True,2026_main,2026,2026_main:3:66
2026_20260122_lazar,2026,Lazar,Maariv,2026-01-22,501.0,blue_white,0,2.8,True,2026_main,2026,2026_main:3:66
2026_20260122_lazar,2026,Lazar,Maariv,2026-01-22,501.0,democrats,9,,True,2026_main,2026,2026_main:3:66
2026_20260122_lazar,2026,Lazar,Maariv,2026-01-22,501.0,hadash_taal,5,,True,2026_main,2026,2026_main:3:66
2026_20260122_lazar,2026,Lazar,Maariv,2026-01-22,501.0,likud,25,,True,2026_main,2026,2026_main:3:66
2026_20260122_lazar,2026,Lazar,Maariv,2026-01-22,501.0,otzma,9,,True,2026_main,2026,2026_main:3:66
2026_20260122_lazar,2026,Lazar,Maariv,2026-01-22,501.0,raam,5,,True,2026_main,2026,2026_main:3:66
2026_20260122_lazar,2026,Lazar,Maariv,2026-01-22,501.0,rzp,0,2.0,True,2026_main,2026,2026_main:3:66
2026_20260122_lazar,2026,Lazar,Maariv,2026-01-22,501.0,shas,8,,True,2026_main,2026,2026_main:3:66
2026_20260122_lazar,2026,Lazar,Maariv,2026-01-22,501.0,utj,7,,True,2026_main,2026,2026_main:3:66
2026_20260122_lazar,2026,Lazar,Maariv,2026-01-22,501.0,yashar,11,,True,2026_main,2026,2026_main:3:66
2026_20260122_lazar,2026,Lazar,Maariv,2026-01-22,501.0,yesh_atid,9,,True,2026_main,2026,2026_main:3:66
2026_20260122_lazar,2026,Lazar,Maariv,2026-01-22,501.0,yisrael_beytenu,9,,True,2026_main,2026,2026_main:3:66
2026_20260122_lazar,2026,Lazar,Maariv,2026-01-22,501.0,zionist_home,0,2.8,True,2026_main,2026,2026_main:3:66
2026_20260122_midgam,2026,Midgam,HaHadashot 12,2026-01-22,501.0,balad,0,1.1,True,2026_main,2026,2026_main:3:64
2026_20260122_midgam,2026,Midgam,HaHadashot 12,2026-01-22,501.0,bennett_2026,22,,True,2026_main,2026,2026_main:3:64
2026_20260122_midgam,2026,Midgam,HaHadashot 12,2026-01-22,501.0,blue_white,0,1.7,True,2026_main,2026,2026_main:3:64
2026_20260122_midgam,2026,Midgam,HaHadashot 12,2026-01-22,501.0,democrats,11,,True,2026_main,2026,2026_main:3:64
2026_20260122_midgam,2026,Midgam,HaHadashot 12,2026-01-22,501.0,hadash_taal,5,,True,2026_main,2026,2026_main:3:64
2026_20260122_midgam,2026,Midgam,HaHadashot 12,2026-01-22,501.0,likud,25,,True,2026_main,2026,2026_main:3:64
2026_20260122_midgam,2026,Midgam,HaHadashot 12,2026-01-22,501.0,otzma,9,,True,2026_main,2026,2026_main:3:64
2026_20260122_midgam,2026,Midgam,HaHadashot 12,2026-01-22,501.0,raam,5,,True,2026_main,2026,2026_main:3:64
2026_20260122_midgam,2026,Midgam,HaHadashot 12,2026-01-22,501.0,rzp,0,2.9,True,2026_main,2026,2026_main:3:64
2026_20260122_midgam,2026,Midgam,HaHadashot 12,2026-01-22,501.0,shas,9,,True,2026_main,2026,2026_main:3:64
2026_20260122_midgam,2026,Midgam,HaHadashot 12,2026-01-22,501.0,utj,8,,True,2026_main,2026,2026_main:3:64
2026_20260122_midgam,2026,Midgam,HaHadashot 12,2026-01-22,501.0,yashar,9,,True,2026_main,2026,2026_main:3:64
2026_20260122_midgam,2026,Midgam,HaHadashot 12,2026-01-22,501.0,yesh_atid,8,,True,2026_main,2026,2026_main:3:64
2026_20260122_midgam,2026,Midgam,HaHadashot 12,2026-01-22,501.0,yisrael_beytenu,9,,True,2026_main,2026,2026_main:3:64
2026_20260122_midgam,2026,Midgam,HaHadashot 12,2026-01-22,501.0,zionist_home,0,2.7,True,2026_main,2026,2026_main:3:64
2026_20260122_tatika,2026,Tatika,Zman Yisrael,2026-01-22,500.0,bennett_2026,18,,True,2026_main,2026,2026_main:3:67
2026_20260122_tatika,2026,Tatika,Zman Yisrael,2026-01-22,500.0,blue_white,4,,True,2026_main,2026,2026_main:3:67
2026_20260122_tatika,2026,Tatika,Zman Yisrael,2026-01-22,500.0,democrats,9,,True,2026_main,2026,2026_main:3:67
2026_20260122_tatika,2026,Tatika,Zman Yisrael,2026-01-22,500.0,hadash_taal,5,,True,2026_main,2026,2026_main:3:67
2026_20260122_tatika,2026,Tatika,Zman Yisrael,2026-01-22,500.0,likud,25,,True,2026_main,2026,2026_main:3:67
2026_20260122_tatika,2026,Tatika,Zman Yisrael,2026-01-22,500.0,otzma,6,,True,2026_main,2026,2026_main:3:67
2026_20260122_tatika,2026,Tatika,Zman Yisrael,2026-01-22,500.0,raam,6,,True,2026_main,2026,2026_main:3:67
2026_20260122_tatika,2026,Tatika,Zman Yisrael,2026-01-22,500.0,rzp,4,,True,2026_main,2026,2026_main:3:67
2026_20260122_tatika,2026,Tatika,Zman Yisrael,2026-01-22,500.0,shas,10,,True,2026_main,2026,2026_main:3:67
2026_20260122_tatika,2026,Tatika,Zman Yisrael,2026-01-22,500.0,utj,8,,True,2026_main,2026,2026_main:3:67
2026_20260122_tatika,2026,Tatika,Zman Yisrael,2026-01-22,500.0,yashar,7,,True,2026_main,2026,2026_main:3:67
2026_20260122_tatika,2026,Tatika,Zman Yisrael,2026-01-22,500.0,yesh_atid,8,,True,2026_main,2026,2026_main:3:67
2026_20260122_tatika,2026,Tatika,Zman Yisrael,2026-01-22,500.0,yisrael_beytenu,10,,True,2026_main,2026,2026_main:3:67
2026_20260129_filber,2026,Filber,Channel 14,2026-01-29,952.0,balad+hadash_taal+raam,13,,True,2026_main,2026,2026_main:3:59
2026_20260129_filber,2026,Filber,Channel 14,2026-01-29,952.0,bennett_2026,12,,True,2026_main,2026,2026_main:3:59
2026_20260129_filber,2026,Filber,Channel 14,2026-01-29,952.0,blue_white,0,3.0,True,2026_main,2026,2026_main:3:59
2026_20260129_filber,2026,Filber,Channel 14,2026-01-29,952.0,democrats,9,,True,2026_main,2026,2026_main:3:59
2026_20260129_filber,2026,Filber,Channel 14,2026-01-29,952.0,likud,34,,True,2026_main,2026,2026_main:3:59
2026_20260129_filber,2026,Filber,Channel 14,2026-01-29,952.0,otzma,7,,True,2026_main,2026,2026_main:3:59
2026_20260129_filber,2026,Filber,Channel 14,2026-01-29,952.0,rzp,4,,True,2026_main,2026,2026_main:3:59
2026_20260129_filber,2026,Filber,Channel 14,2026-01-29,952.0,shas,10,,True,2026_main,2026,2026_main:3:59
2026_20260129_filber,2026,Filber,Channel 14,2026-01-29,952.0,utj,9,,True,2026_main,2026,2026_main:3:59
2026_20260129_filber,2026,Filber,Channel 14,2026-01-29,952.0,yashar,7,,True,2026_main,2026,2026_main:3:59
2026_20260129_filber,2026,Filber,Channel 14,2026-01-29,952.0,yesh_atid,6,,True,2026_main,2026,2026_main:3:59
2026_20260129_filber,2026,Filber,Channel 14,2026-01-29,952.0,yisrael_beytenu,9,,True,2026_main,2026,2026_main:3:59
2026_20260129_lazar,2026,Lazar,Maariv,2026-01-29,503.0,balad+hadash_taal+raam,13,,True,2026_main,2026,2026_main:3:60
2026_20260129_lazar,2026,Lazar,Maariv,2026-01-29,503.0,bennett_2026,22,,True,2026_main,2026,2026_main:3:60
2026_20260129_lazar,2026,Lazar,Maariv,2026-01-29,503.0,blue_white,0,2.7,True,2026_main,2026,2026_main:3:60
2026_20260129_lazar,2026,Lazar,Maariv,2026-01-29,503.0,democrats,9,,True,2026_main,2026,2026_main:3:60
2026_20260129_lazar,2026,Lazar,Maariv,2026-01-29,503.0,likud,27,,True,2026_main,2026,2026_main:3:60
2026_20260129_lazar,2026,Lazar,Maariv,2026-01-29,503.0,otzma,8,,True,2026_main,2026,2026_main:3:60
2026_20260129_lazar,2026,Lazar,Maariv,2026-01-29,503.0,rzp,0,2.2,True,2026_main,2026,2026_main:3:60
2026_20260129_lazar,2026,Lazar,Maariv,2026-01-29,503.0,shas,8,,True,2026_main,2026,2026_main:3:60
2026_20260129_lazar,2026,Lazar,Maariv,2026-01-29,503.0,utj,7,,True,2026_main,2026,2026_main:3:60
2026_20260129_lazar,2026,Lazar,Maariv,2026-01-29,503.0,yashar,10,,True,2026_main,2026,2026_main:3:60
2026_20260129_lazar,2026,Lazar,Maariv,2026-01-29,503.0,yesh_atid,7,,True,2026_main,2026,2026_main:3:60
2026_20260129_lazar,2026,Lazar,Maariv,2026-01-29,503.0,yisrael_beytenu,9,,True,2026_main,2026,2026_main:3:60
2026_20260129_lazar,2026,Lazar,Maariv,2026-01-29,503.0,zionist_home,0,1.8,True,2026_main,2026,2026_main:3:60
2026_20260129_midgam,2026,Midgam,HaHadashot 12,2026-01-29,501.0,balad+hadash_taal+raam,12,,True,2026_main,2026,2026_main:3:58
2026_20260129_midgam,2026,Midgam,HaHadashot 12,2026-01-29,501.0,bennett_2026,21,,True,2026_main,2026,2026_main:3:58
2026_20260129_midgam,2026,Midgam,HaHadashot 12,2026-01-29,501.0,blue_white,0,1.8,True,2026_main,2026,2026_main:3:58
2026_20260129_midgam,2026,Midgam,HaHadashot 12,2026-01-29,501.0,democrats,11,,True,2026_main,2026,2026_main:3:58
2026_20260129_midgam,2026,Midgam,HaHadashot 12,2026-01-29,501.0,likud,27,,True,2026_main,2026,2026_main:3:58
2026_20260129_midgam,2026,Midgam,HaHadashot 12,2026-01-29,501.0,otzma,8,,True,2026_main,2026,2026_main:3:58
2026_20260129_midgam,2026,Midgam,HaHadashot 12,2026-01-29,501.0,rzp,0,2.9,True,2026_main,2026,2026_main:3:58
2026_20260129_midgam,2026,Midgam,HaHadashot 12,2026-01-29,501.0,shas,9,,True,2026_main,2026,2026_main:3:58
2026_20260129_midgam,2026,Midgam,HaHadashot 12,2026-01-29,501.0,utj,7,,True,2026_main,2026,2026_main:3:58
2026_20260129_midgam,2026,Midgam,HaHadashot 12,2026-01-29,501.0,yashar,9,,True,2026_main,2026,2026_main:3:58
2026_20260129_midgam,2026,Midgam,HaHadashot 12,2026-01-29,501.0,yesh_atid,8,,True,2026_main,2026,2026_main:3:58
2026_20260129_midgam,2026,Midgam,HaHadashot 12,2026-01-29,501.0,yisrael_beytenu,8,,True,2026_main,2026,2026_main:3:58
2026_20260129_midgam,2026,Midgam,HaHadashot 12,2026-01-29,501.0,zionist_home,0,1.0,True,2026_main,2026,2026_main:3:58
2026_20260129_tatikaa,2026,Tatika,Zman Yisrael,2026-01-29,500.0,balad+hadash_taal+raam,16,,True,2026_main,2026,2026_main:3:61
2026_20260129_tatikaa,2026,Tatika,Zman Yisrael,2026-01-29,500.0,bennett_2026,19,,True,2026_main,2026,2026_main:3:61
2026_20260129_tatikaa,2026,Tatika,Zman Yisrael,2026-01-29,500.0,democrats,9,,True,2026_main,2026,2026_main:3:61
2026_20260129_tatikaa,2026,Tatika,Zman Yisrael,2026-01-29,500.0,likud,27,,True,2026_main,2026,2026_main:3:61
2026_20260129_tatikaa,2026,Tatika,Zman Yisrael,2026-01-29,500.0,otzma,7,,True,2026_main,2026,2026_main:3:61
2026_20260129_tatikaa,2026,Tatika,Zman Yisrael,2026-01-29,500.0,shas,9,,True,2026_main,2026,2026_main:3:61
2026_20260129_tatikaa,2026,Tatika,Zman Yisrael,2026-01-29,500.0,utj,8,,True,2026_main,2026,2026_main:3:61
2026_20260129_tatikaa,2026,Tatika,Zman Yisrael,2026-01-29,500.0,yashar,7,,True,2026_main,2026,2026_main:3:61
2026_20260129_tatikaa,2026,Tatika,Zman Yisrael,2026-01-29,500.0,yesh_atid,8,,True,2026_main,2026,2026_main:3:61
2026_20260129_tatikaa,2026,Tatika,Zman Yisrael,2026-01-29,500.0,yisrael_beytenu,10,,True,2026_main,2026,2026_main:3:61
2026_20260129_tatikab,2026,Tatika,Zman Yisrael,2026-01-29,500.0,bennett_2026,19,,True,2026_main,2026,2026_main:3:62
2026_20260129_tatikab,2026,Tatika,Zman Yisrael,2026-01-29,500.0,democrats,10,,True,2026_main,2026,2026_main:3:62
2026_20260129_tatikab,2026,Tatika,Zman Yisrael,2026-01-29,500.0,hadash_taal,5,,True,2026_main,2026,2026_main:3:62
2026_20260129_tatikab,2026,Tatika,Zman Yisrael,2026-01-29,500.0,likud,28,,True,2026_main,2026,2026_main:3:62
2026_20260129_tatikab,2026,Tatika,Zman Yisrael,2026-01-29,500.0,otzma,7,,True,2026_main,2026,2026_main:3:62
2026_20260129_tatikab,2026,Tatika,Zman Yisrael,2026-01-29,500.0,raam,6,,True,2026_main,2026,2026_main:3:62
2026_20260129_tatikab,2026,Tatika,Zman Yisrael,2026-01-29,500.0,shas,10,,True,2026_main,2026,2026_main:3:62
2026_20260129_tatikab,2026,Tatika,Zman Yisrael,2026-01-29,500.0,utj,8,,True,2026_main,2026,2026_main:3:62
2026_20260129_tatikab,2026,Tatika,Zman Yisrael,2026-01-29,500.0,yashar,8,,True,2026_main,2026,2026_main:3:62
2026_20260129_tatikab,2026,Tatika,Zman Yisrael,2026-01-29,500.0,yesh_atid,9,,True,2026_main,2026,2026_main:3:62
2026_20260129_tatikab,2026,Tatika,Zman Yisrael,2026-01-29,500.0,yisrael_beytenu,10,,True,2026_main,2026,2026_main:3:62
2026_20260204_maagarmochot,2026,Maagar Mochot,Channel 13,2026-02-04,,balad+hadash_taal+raam,15,,True,2026_main,2026,2026_main:3:57
2026_20260204_maagarmochot,2026,Maagar Mochot,Channel 13,2026-02-04,,bennett_2026,22,,True,2026_main,2026,2026_main:3:57
2026_20260204_maagarmochot,2026,Maagar Mochot,Channel 13,2026-02-04,,democrats,8,,True,2026_main,2026,2026_main:3:57
2026_20260204_maagarmochot,2026,Maagar Mochot,Channel 13,2026-02-04,,likud,26,,True,2026_main,2026,2026_main:3:57
2026_20260204_maagarmochot,2026,Maagar Mochot,Channel 13,2026-02-04,,otzma,9,,True,2026_main,2026,2026_main:3:57
2026_20260204_maagarmochot,2026,Maagar Mochot,Channel 13,2026-02-04,,rzp,4,,True,2026_main,2026,2026_main:3:57
2026_20260204_maagarmochot,2026,Maagar Mochot,Channel 13,2026-02-04,,shas,9,,True,2026_main,2026,2026_main:3:57
2026_20260204_maagarmochot,2026,Maagar Mochot,Channel 13,2026-02-04,,utj,6,,True,2026_main,2026,2026_main:3:57
2026_20260204_maagarmochot,2026,Maagar Mochot,Channel 13,2026-02-04,,yashar,6,,True,2026_main,2026,2026_main:3:57
2026_20260204_maagarmochot,2026,Maagar Mochot,Channel 13,2026-02-04,,yesh_atid,8,,True,2026_main,2026,2026_main:3:57
2026_20260204_maagarmochot,2026,Maagar Mochot,Channel 13,2026-02-04,,yisrael_beytenu,7,,True,2026_main,2026,2026_main:3:57
2026_20260205_filber,2026,Filber,Channel 14,2026-02-05,952.0,balad+hadash_taal+raam,13,,True,2026_main,2026,2026_main:3:55
2026_20260205_filber,2026,Filber,Channel 14,2026-02-05,952.0,bennett_2026,11,,True,2026_main,2026,2026_main:3:55
2026_20260205_filber,2026,Filber,Channel 14,2026-02-05,952.0,blue_white,4,,True,2026_main,2026,2026_main:3:55
2026_20260205_filber,2026,Filber,Channel 14,2026-02-05,952.0,democrats,9,,True,2026_main,2026,2026_main:3:55
2026_20260205_filber,2026,Filber,Channel 14,2026-02-05,952.0,likud,34,,True,2026_main,2026,2026_main:3:55
2026_20260205_filber,2026,Filber,Channel 14,2026-02-05,952.0,otzma,7,,True,2026_main,2026,2026_main:3:55
2026_20260205_filber,2026,Filber,Channel 14,2026-02-05,952.0,rzp,4,,True,2026_main,2026,2026_main:3:55
2026_20260205_filber,2026,Filber,Channel 14,2026-02-05,952.0,shas,11,,True,2026_main,2026,2026_main:3:55
2026_20260205_filber,2026,Filber,Channel 14,2026-02-05,952.0,utj,9,,True,2026_main,2026,2026_main:3:55
2026_20260205_filber,2026,Filber,Channel 14,2026-02-05,952.0,yashar,6,,True,2026_main,2026,2026_main:3:55
2026_20260205_filber,2026,Filber,Channel 14,2026-02-05,952.0,yesh_atid,4,,True,2026_main,2026,2026_main:3:55
2026_20260205_filber,2026,Filber,Channel 14,2026-02-05,952.0,yisrael_beytenu,8,,True,2026_main,2026,2026_main:3:55
2026_20260205_tatika,2026,Tatika,The Times of Israel,2026-02-05,500.0,balad+hadash_taal+raam,14,,True,2026_main,2026,2026_main:3:56
2026_20260205_tatika,2026,Tatika,The Times of Israel,2026-02-05,500.0,bennett_2026,18,,True,2026_main,2026,2026_main:3:56
2026_20260205_tatika,2026,Tatika,The Times of Israel,2026-02-05,500.0,blue_white,4,,True,2026_main,2026,2026_main:3:56
2026_20260205_tatika,2026,Tatika,The Times of Israel,2026-02-05,500.0,democrats,8,,True,2026_main,2026,2026_main:3:56
2026_20260205_tatika,2026,Tatika,The Times of Israel,2026-02-05,500.0,likud,27,,True,2026_main,2026,2026_main:3:56
2026_20260205_tatika,2026,Tatika,The Times of Israel,2026-02-05,500.0,otzma,7,,True,2026_main,2026,2026_main:3:56
2026_20260205_tatika,2026,Tatika,The Times of Israel,2026-02-05,500.0,shas,10,,True,2026_main,2026,2026_main:3:56
2026_20260205_tatika,2026,Tatika,The Times of Israel,2026-02-05,500.0,utj,8,,True,2026_main,2026,2026_main:3:56
2026_20260205_tatika,2026,Tatika,The Times of Israel,2026-02-05,500.0,yashar,6,,True,2026_main,2026,2026_main:3:56
2026_20260205_tatika,2026,Tatika,The Times of Israel,2026-02-05,500.0,yesh_atid,8,,True,2026_main,2026,2026_main:3:56
2026_20260205_tatika,2026,Tatika,The Times of Israel,2026-02-05,500.0,yisrael_beytenu,10,,True,2026_main,2026,2026_main:3:56
2026_20260206_trendzone,2026,TrendZone,–,2026-02-06,,balad+hadash_taal+raam,15,,True,2026_main,2026,2026_main:3:54
2026_20260206_trendzone,2026,TrendZone,–,2026-02-06,,bennett_2026,20,,True,2026_main,2026,2026_main:3:54
2026_20260206_trendzone,2026,TrendZone,–,2026-02-06,,democrats,9,,True,2026_main,2026,2026_main:3:54
2026_20260206_trendzone,2026,TrendZone,–,2026-02-06,,likud,33,,True,2026_main,2026,2026_main:3:54
2026_20260206_trendzone,2026,TrendZone,–,2026-02-06,,otzma,8,,True,2026_main,2026,2026_main:3:54
2026_20260206_trendzone,2026,TrendZone,–,2026-02-06,,shas,7,,True,2026_main,2026,2026_main:3:54
2026_20260206_trendzone,2026,TrendZone,–,2026-02-06,,utj,7,,True,2026_main,2026,2026_main:3:54
2026_20260206_trendzone,2026,TrendZone,–,2026-02-06,,yashar,8,,True,2026_main,2026,2026_main:3:54
2026_20260206_trendzone,2026,TrendZone,–,2026-02-06,,yesh_atid,5,,True,2026_main,2026,2026_main:3:54
2026_20260206_trendzone,2026,TrendZone,–,2026-02-06,,yisrael_beytenu,8,,True,2026_main,2026,2026_main:3:54
2026_20260211_kantara,2026,Kantar,Israel Hayom,2026-02-11,,balad+hadash_taal+raam,13,,True,2026_main,2026,2026_main:3:52
2026_20260211_kantara,2026,Kantar,Israel Hayom,2026-02-11,,bennett_2026,20,,True,2026_main,2026,2026_main:3:52
2026_20260211_kantara,2026,Kantar,Israel Hayom,2026-02-11,,blue_white,0,2.9,True,2026_main,2026,2026_main:3:52
2026_20260211_kantara,2026,Kantar,Israel Hayom,2026-02-11,,democrats,9,,True,2026_main,2026,2026_main:3:52
2026_20260211_kantara,2026,Kantar,Israel Hayom,2026-02-11,,likud,26,,True,2026_main,2026,2026_main:3:52
2026_20260211_kantara,2026,Kantar,Israel Hayom,2026-02-11,,otzma,10,,True,2026_main,2026,2026_main:3:52
2026_20260211_kantara,2026,Kantar,Israel Hayom,2026-02-11,,rzp,0,2.7,True,2026_main,2026,2026_main:3:52
2026_20260211_kantara,2026,Kantar,Israel Hayom,2026-02-11,,shas,9,,True,2026_main,2026,2026_main:3:52
2026_20260211_kantara,2026,Kantar,Israel Hayom,2026-02-11,,utj,7,,True,2026_main,2026,2026_main:3:52
2026_20260211_kantara,2026,Kantar,Israel Hayom,2026-02-11,,yashar,10,,True,2026_main,2026,2026_main:3:52
2026_20260211_kantara,2026,Kantar,Israel Hayom,2026-02-11,,yesh_atid,7,,True,2026_main,2026,2026_main:3:52
2026_20260211_kantara,2026,Kantar,Israel Hayom,2026-02-11,,yisrael_beytenu,9,,True,2026_main,2026,2026_main:3:52
2026_20260211_kantara,2026,Kantar,Israel Hayom,2026-02-11,,zionist_home,0,1.9,True,2026_main,2026,2026_main:3:52
2026_20260211_kantarb,2026,Kantar,Israel Hayom,2026-02-11,,balad,0,2.3,True,2026_main,2026,2026_main:3:53
2026_20260211_kantarb,2026,Kantar,Israel Hayom,2026-02-11,,bennett_2026,21,,True,2026_main,2026,2026_main:3:53
2026_20260211_kantarb,2026,Kantar,Israel Hayom,2026-02-11,,blue_white,0,2.9,True,2026_main,2026,2026_main:3:53
2026_20260211_kantarb,2026,Kantar,Israel Hayom,2026-02-11,,democrats,9,,True,2026_main,2026,2026_main:3:53
2026_20260211_kantarb,2026,Kantar,Israel Hayom,2026-02-11,,hadash_taal,5,,True,2026_main,2026,2026_main:3:53
2026_20260211_kantarb,2026,Kantar,Israel Hayom,2026-02-11,,likud,27,,True,2026_main,2026,2026_main:3:53
2026_20260211_kantarb,2026,Kantar,Israel Hayom,2026-02-11,,otzma,10,,True,2026_main,2026,2026_main:3:53
2026_20260211_kantarb,2026,Kantar,Israel Hayom,2026-02-11,,raam,5,,True,2026_main,2026,2026_main:3:53
2026_20260211_kantarb,2026,Kantar,Israel Hayom,2026-02-11,,rzp,0,2.7,True,2026_main,2026,2026_main:3:53
2026_20260211_kantarb,2026,Kantar,Israel Hayom,2026-02-11,,shas,9,,True,2026_main,2026,2026_main:3:53
2026_20260211_kantarb,2026,Kantar,Israel Hayom,2026-02-11,,utj,7,,True,2026_main,2026,2026_main:3:53
2026_20260211_kantarb,2026,Kantar,Israel Hayom,2026-02-11,,yashar,11,,True,2026_main,2026,2026_main:3:53
2026_20260211_kantarb,2026,Kantar,Israel Hayom,2026-02-11,,yesh_atid,7,,True,2026_main,2026,2026_main:3:53
2026_20260211_kantarb,2026,Kantar,Israel Hayom,2026-02-11,,yisrael_beytenu,9,,True,2026_main,2026,2026_main:3:53
2026_20260211_kantarb,2026,Kantar,Israel Hayom,2026-02-11,,zionist_home,0,1.9,True,2026_main,2026,2026_main:3:53
2026_20260212_filber,2026,Filber,Channel 14,2026-02-12,532.0,balad+hadash_taal+raam,13,,True,2026_main,2026,2026_main:3:48
2026_20260212_filber,2026,Filber,Channel 14,2026-02-12,532.0,bennett_2026,10,,True,2026_main,2026,2026_main:3:48
2026_20260212_filber,2026,Filber,Channel 14,2026-02-12,532.0,democrats,10,,True,2026_main,2026,2026_main:3:48
2026_20260212_filber,2026,Filber,Channel 14,2026-02-12,532.0,likud,35,,True,2026_main,2026,2026_main:3:48
2026_20260212_filber,2026,Filber,Channel 14,2026-02-12,532.0,otzma,7,,True,2026_main,2026,2026_main:3:48
2026_20260212_filber,2026,Filber,Channel 14,2026-02-12,532.0,rzp,5,,True,2026_main,2026,2026_main:3:48
2026_20260212_filber,2026,Filber,Channel 14,2026-02-12,532.0,shas,10,,True,2026_main,2026,2026_main:3:48
2026_20260212_filber,2026,Filber,Channel 14,2026-02-12,532.0,utj,9,,True,2026_main,2026,2026_main:3:48
2026_20260212_filber,2026,Filber,Channel 14,2026-02-12,532.0,yashar,8,,True,2026_main,2026,2026_main:3:48
2026_20260212_filber,2026,Filber,Channel 14,2026-02-12,532.0,yesh_atid,5,,True,2026_main,2026,2026_main:3:48
2026_20260212_filber,2026,Filber,Channel 14,2026-02-12,532.0,yisrael_beytenu,8,,True,2026_main,2026,2026_main:3:48
2026_20260212_lazar,2026,Lazar,Maariv,2026-02-12,593.0,balad,0,2.0,True,2026_main,2026,2026_main:3:51
2026_20260212_lazar,2026,Lazar,Maariv,2026-02-12,593.0,bennett_2026,21,,True,2026_main,2026,2026_main:3:51
2026_20260212_lazar,2026,Lazar,Maariv,2026-02-12,593.0,blue_white,0,2.5,True,2026_main,2026,2026_main:3:51
2026_20260212_lazar,2026,Lazar,Maariv,2026-02-12,593.0,democrats,9,,True,2026_main,2026,2026_main:3:51
2026_20260212_lazar,2026,Lazar,Maariv,2026-02-12,593.0,hadash_taal,5,,True,2026_main,2026,2026_main:3:51
2026_20260212_lazar,2026,Lazar,Maariv,2026-02-12,593.0,likud,25,,True,2026_main,2026,2026_main:3:51
2026_20260212_lazar,2026,Lazar,Maariv,2026-02-12,593.0,otzma,10,,True,2026_main,2026,2026_main:3:51
2026_20260212_lazar,2026,Lazar,Maariv,2026-02-12,593.0,raam,5,,True,2026_main,2026,2026_main:3:51
2026_20260212_lazar,2026,Lazar,Maariv,2026-02-12,593.0,rzp,0,2.5,True,2026_main,2026,2026_main:3:51
2026_20260212_lazar,2026,Lazar,Maariv,2026-02-12,593.0,shas,8,,True,2026_main,2026,2026_main:3:51
2026_20260212_lazar,2026,Lazar,Maariv,2026-02-12,593.0,utj,7,,True,2026_main,2026,2026_main:3:51
2026_20260212_lazar,2026,Lazar,Maariv,2026-02-12,593.0,yashar,12,,True,2026_main,2026,2026_main:3:51
2026_20260212_lazar,2026,Lazar,Maariv,2026-02-12,593.0,yesh_atid,9,,True,2026_main,2026,2026_main:3:51
2026_20260212_lazar,2026,Lazar,Maariv,2026-02-12,593.0,yisrael_beytenu,9,,True,2026_main,2026,2026_main:3:51
2026_20260212_lazar,2026,Lazar,Maariv,2026-02-12,593.0,zionist_home,0,2.3,True,2026_main,2026,2026_main:3:51
2026_20260212_midgama,2026,Midgam,HaHadashot 12,2026-02-12,,balad+hadash_taal+raam,12,,True,2026_main,2026,2026_main:3:46
2026_20260212_midgama,2026,Midgam,HaHadashot 12,2026-02-12,,bennett_2026,20,,True,2026_main,2026,2026_main:3:46
2026_20260212_midgama,2026,Midgam,HaHadashot 12,2026-02-12,,blue_white,0,1.9,True,2026_main,2026,2026_main:3:46
2026_20260212_midgama,2026,Midgam,HaHadashot 12,2026-02-12,,democrats,11,,True,2026_main,2026,2026_main:3:46
2026_20260212_midgama,2026,Midgam,HaHadashot 12,2026-02-12,,likud,25,,True,2026_main,2026,2026_main:3:46
2026_20260212_midgama,2026,Midgam,HaHadashot 12,2026-02-12,,otzma,9,,True,2026_main,2026,2026_main:3:46
2026_20260212_midgama,2026,Midgam,HaHadashot 12,2026-02-12,,rzp,0,2.7,True,2026_main,2026,2026_main:3:46
2026_20260212_midgama,2026,Midgam,HaHadashot 12,2026-02-12,,shas,9,,True,2026_main,2026,2026_main:3:46
2026_20260212_midgama,2026,Midgam,HaHadashot 12,2026-02-12,,utj,7,,True,2026_main,2026,2026_main:3:46
2026_20260212_midgama,2026,Midgam,HaHadashot 12,2026-02-12,,yashar,11,,True,2026_main,2026,2026_main:3:46
2026_20260212_midgama,2026,Midgam,HaHadashot 12,2026-02-12,,yesh_atid,7,,True,2026_main,2026,2026_main:3:46
2026_20260212_midgama,2026,Midgam,HaHadashot 12,2026-02-12,,yisrael_beytenu,9,,True,2026_main,2026,2026_main:3:46
2026_20260212_midgama,2026,Midgam,HaHadashot 12,2026-02-12,,zionist_home,0,2.0,True,2026_main,2026,2026_main:3:46
2026_20260212_midgamb,2026,Midgam,HaHadashot 12,2026-02-12,,balad,0,2.0,True,2026_main,2026,2026_main:3:47
2026_20260212_midgamb,2026,Midgam,HaHadashot 12,2026-02-12,,bennett_2026,21,,True,2026_main,2026,2026_main:3:47
2026_20260212_midgamb,2026,Midgam,HaHadashot 12,2026-02-12,,blue_white,0,2.2,True,2026_main,2026,2026_main:3:47
2026_20260212_midgamb,2026,Midgam,HaHadashot 12,2026-02-12,,democrats,11,,True,2026_main,2026,2026_main:3:47
2026_20260212_midgamb,2026,Midgam,HaHadashot 12,2026-02-12,,hadash_taal,5,,True,2026_main,2026,2026_main:3:47
2026_20260212_midgamb,2026,Midgam,HaHadashot 12,2026-02-12,,likud,26,,True,2026_main,2026,2026_main:3:47
2026_20260212_midgamb,2026,Midgam,HaHadashot 12,2026-02-12,,otzma,9,,True,2026_main,2026,2026_main:3:47
2026_20260212_midgamb,2026,Midgam,HaHadashot 12,2026-02-12,,raam,5,,True,2026_main,2026,2026_main:3:47
2026_20260212_midgamb,2026,Midgam,HaHadashot 12,2026-02-12,,rzp,0,2.7,True,2026_main,2026,2026_main:3:47
2026_20260212_midgamb,2026,Midgam,HaHadashot 12,2026-02-12,,shas,9,,True,2026_main,2026,2026_main:3:47
2026_20260212_midgamb,2026,Midgam,HaHadashot 12,2026-02-12,,utj,7,,True,2026_main,2026,2026_main:3:47
2026_20260212_midgamb,2026,Midgam,HaHadashot 12,2026-02-12,,yashar,11,,True,2026_main,2026,2026_main:3:47
2026_20260212_midgamb,2026,Midgam,HaHadashot 12,2026-02-12,,yesh_atid,7,,True,2026_main,2026,2026_main:3:47
2026_20260212_midgamb,2026,Midgam,HaHadashot 12,2026-02-12,,yisrael_beytenu,9,,True,2026_main,2026,2026_main:3:47
2026_20260212_midgamb,2026,Midgam,HaHadashot 12,2026-02-12,,zionist_home,0,2.3,True,2026_main,2026,2026_main:3:47
2026_20260212_tatikaa,2026,Tatika,Zman Yisrael,2026-02-12,500.0,balad+hadash_taal+raam,15,,True,2026_main,2026,2026_main:3:49
2026_20260212_tatikaa,2026,Tatika,Zman Yisrael,2026-02-12,500.0,bennett_2026,19,,True,2026_main,2026,2026_main:3:49
2026_20260212_tatikaa,2026,Tatika,Zman Yisrael,2026-02-12,500.0,democrats,8,,True,2026_main,2026,2026_main:3:49
2026_20260212_tatikaa,2026,Tatika,Zman Yisrael,2026-02-12,500.0,likud,27,,True,2026_main,2026,2026_main:3:49
2026_20260212_tatikaa,2026,Tatika,Zman Yisrael,2026-02-12,500.0,otzma,7,,True,2026_main,2026,2026_main:3:49
2026_20260212_tatikaa,2026,Tatika,Zman Yisrael,2026-02-12,500.0,shas,10,,True,2026_main,2026,2026_main:3:49
2026_20260212_tatikaa,2026,Tatika,Zman Yisrael,2026-02-12,500.0,utj,8,,True,2026_main,2026,2026_main:3:49
2026_20260212_tatikaa,2026,Tatika,Zman Yisrael,2026-02-12,500.0,yashar,8,,True,2026_main,2026,2026_main:3:49
2026_20260212_tatikaa,2026,Tatika,Zman Yisrael,2026-02-12,500.0,yesh_atid,8,,True,2026_main,2026,2026_main:3:49
2026_20260212_tatikaa,2026,Tatika,Zman Yisrael,2026-02-12,500.0,yisrael_beytenu,10,,True,2026_main,2026,2026_main:3:49
2026_20260212_tatikab,2026,Tatika,Zman Yisrael,2026-02-12,500.0,bennett_2026,20,,True,2026_main,2026,2026_main:3:50
2026_20260212_tatikab,2026,Tatika,Zman Yisrael,2026-02-12,500.0,democrats,8,,True,2026_main,2026,2026_main:3:50
2026_20260212_tatikab,2026,Tatika,Zman Yisrael,2026-02-12,500.0,hadash_taal,5,,True,2026_main,2026,2026_main:3:50
2026_20260212_tatikab,2026,Tatika,Zman Yisrael,2026-02-12,500.0,likud,28,,True,2026_main,2026,2026_main:3:50
2026_20260212_tatikab,2026,Tatika,Zman Yisrael,2026-02-12,500.0,otzma,7,,True,2026_main,2026,2026_main:3:50
2026_20260212_tatikab,2026,Tatika,Zman Yisrael,2026-02-12,500.0,raam,6,,True,2026_main,2026,2026_main:3:50
2026_20260212_tatikab,2026,Tatika,Zman Yisrael,2026-02-12,500.0,shas,10,,True,2026_main,2026,2026_main:3:50
2026_20260212_tatikab,2026,Tatika,Zman Yisrael,2026-02-12,500.0,utj,8,,True,2026_main,2026,2026_main:3:50
2026_20260212_tatikab,2026,Tatika,Zman Yisrael,2026-02-12,500.0,yashar,8,,True,2026_main,2026,2026_main:3:50
2026_20260212_tatikab,2026,Tatika,Zman Yisrael,2026-02-12,500.0,yesh_atid,9,,True,2026_main,2026,2026_main:3:50
2026_20260212_tatikab,2026,Tatika,Zman Yisrael,2026-02-12,500.0,yisrael_beytenu,11,,True,2026_main,2026,2026_main:3:50
2026_20260217_maagarmochot,2026,Maagar Mochot,Channel 13,2026-02-17,,balad+hadash_taal+raam,15,,True,2026_main,2026,2026_main:3:45
2026_20260217_maagarmochot,2026,Maagar Mochot,Channel 13,2026-02-17,,bennett_2026,22,,True,2026_main,2026,2026_main:3:45
2026_20260217_maagarmochot,2026,Maagar Mochot,Channel 13,2026-02-17,,blue_white,0,1.6,True,2026_main,2026,2026_main:3:45
2026_20260217_maagarmochot,2026,Maagar Mochot,Channel 13,2026-02-17,,democrats,7,,True,2026_main,2026,2026_main:3:45
2026_20260217_maagarmochot,2026,Maagar Mochot,Channel 13,2026-02-17,,likud,25,,True,2026_main,2026,2026_main:3:45
2026_20260217_maagarmochot,2026,Maagar Mochot,Channel 13,2026-02-17,,otzma,8,,True,2026_main,2026,2026_main:3:45
2026_20260217_maagarmochot,2026,Maagar Mochot,Channel 13,2026-02-17,,rzp,0,2.4,True,2026_main,2026,2026_main:3:45
2026_20260217_maagarmochot,2026,Maagar Mochot,Channel 13,2026-02-17,,shas,10,,True,2026_main,2026,2026_main:3:45
2026_20260217_maagarmochot,2026,Maagar Mochot,Channel 13,2026-02-17,,utj,7,,True,2026_main,2026,2026_main:3:45
2026_20260217_maagarmochot,2026,Maagar Mochot,Channel 13,2026-02-17,,yashar,9,,True,2026_main,2026,2026_main:3:45
2026_20260217_maagarmochot,2026,Maagar Mochot,Channel 13,2026-02-17,,yesh_atid,9,,True,2026_main,2026,2026_main:3:45
2026_20260217_maagarmochot,2026,Maagar Mochot,Channel 13,2026-02-17,,yisrael_beytenu,8,,True,2026_main,2026,2026_main:3:45
2026_20260217_maagarmochot,2026,Maagar Mochot,Channel 13,2026-02-17,,zionist_home,0,1.3,True,2026_main,2026,2026_main:3:45
2026_20260218_directpolls,2026,Direct Polls,i24 News,2026-02-18,535.0,balad+hadash_taal+raam,14,,True,2026_main,2026,2026_main:3:44
2026_20260218_directpolls,2026,Direct Polls,i24 News,2026-02-18,535.0,bennett_2026,14,,True,2026_main,2026,2026_main:3:44
2026_20260218_directpolls,2026,Direct Polls,i24 News,2026-02-18,535.0,blue_white,0,2.6,True,2026_main,2026,2026_main:3:44
2026_20260218_directpolls,2026,Direct Polls,i24 News,2026-02-18,535.0,democrats,9,,True,2026_main,2026,2026_main:3:44
2026_20260218_directpolls,2026,Direct Polls,i24 News,2026-02-18,535.0,likud,34,,True,2026_main,2026,2026_main:3:44
2026_20260218_directpolls,2026,Direct Polls,i24 News,2026-02-18,535.0,otzma,8,,True,2026_main,2026,2026_main:3:44
2026_20260218_directpolls,2026,Direct Polls,i24 News,2026-02-18,535.0,rzp,4,,True,2026_main,2026,2026_main:3:44
2026_20260218_directpolls,2026,Direct Polls,i24 News,2026-02-18,535.0,shas,10,,True,2026_main,2026,2026_main:3:44
2026_20260218_directpolls,2026,Direct Polls,i24 News,2026-02-18,535.0,utj,8,,True,2026_main,2026,2026_main:3:44
2026_20260218_directpolls,2026,Direct Polls,i24 News,2026-02-18,535.0,yashar,11,,True,2026_main,2026,2026_main:3:44
2026_20260218_directpolls,2026,Direct Polls,i24 News,2026-02-18,535.0,yesh_atid,0,2.9,True,2026_main,2026,2026_main:3:44
2026_20260218_directpolls,2026,Direct Polls,i24 News,2026-02-18,535.0,yisrael_beytenu,8,,True,2026_main,2026,2026_main:3:44
2026_20260218_directpolls,2026,Direct Polls,i24 News,2026-02-18,535.0,zionist_home,0,2.4,True,2026_main,2026,2026_main:3:44
2026_20260219_filber,2026,Filber,Channel 14,2026-02-19,1024.0,balad+hadash_taal+raam,13,,True,2026_main,2026,2026_main:3:41
2026_20260219_filber,2026,Filber,Channel 14,2026-02-19,1024.0,bennett_2026,11,,True,2026_main,2026,2026_main:3:41
2026_20260219_filber,2026,Filber,Channel 14,2026-02-19,1024.0,democrats,9,,True,2026_main,2026,2026_main:3:41
2026_20260219_filber,2026,Filber,Channel 14,2026-02-19,1024.0,likud,34,,True,2026_main,2026,2026_main:3:41
2026_20260219_filber,2026,Filber,Channel 14,2026-02-19,1024.0,otzma,8,,True,2026_main,2026,2026_main:3:41
2026_20260219_filber,2026,Filber,Channel 14,2026-02-19,1024.0,rzp,4,,True,2026_main,2026,2026_main:3:41
2026_20260219_filber,2026,Filber,Channel 14,2026-02-19,1024.0,shas,10,,True,2026_main,2026,2026_main:3:41
2026_20260219_filber,2026,Filber,Channel 14,2026-02-19,1024.0,utj,9,,True,2026_main,2026,2026_main:3:41
2026_20260219_filber,2026,Filber,Channel 14,2026-02-19,1024.0,yashar,9,,True,2026_main,2026,2026_main:3:41
2026_20260219_filber,2026,Filber,Channel 14,2026-02-19,1024.0,yesh_atid,5,,True,2026_main,2026,2026_main:3:41
2026_20260219_filber,2026,Filber,Channel 14,2026-02-19,1024.0,yisrael_beytenu,8,,True,2026_main,2026,2026_main:3:41
2026_20260219_lazar,2026,Lazar,Maariv,2026-02-19,501.0,balad,0,1.8,True,2026_main,2026,2026_main:3:42
2026_20260219_lazar,2026,Lazar,Maariv,2026-02-19,501.0,bennett_2026,20,,True,2026_main,2026,2026_main:3:42
2026_20260219_lazar,2026,Lazar,Maariv,2026-02-19,501.0,blue_white,0,2.9,True,2026_main,2026,2026_main:3:42
2026_20260219_lazar,2026,Lazar,Maariv,2026-02-19,501.0,democrats,11,,True,2026_main,2026,2026_main:3:42
2026_20260219_lazar,2026,Lazar,Maariv,2026-02-19,501.0,hadash_taal,5,,True,2026_main,2026,2026_main:3:42
2026_20260219_lazar,2026,Lazar,Maariv,2026-02-19,501.0,likud,26,,True,2026_main,2026,2026_main:3:42
2026_20260219_lazar,2026,Lazar,Maariv,2026-02-19,501.0,otzma,9,,True,2026_main,2026,2026_main:3:42
2026_20260219_lazar,2026,Lazar,Maariv,2026-02-19,501.0,raam,5,,True,2026_main,2026,2026_main:3:42
2026_20260219_lazar,2026,Lazar,Maariv,2026-02-19,501.0,rzp,0,2.6,True,2026_main,2026,2026_main:3:42
2026_20260219_lazar,2026,Lazar,Maariv,2026-02-19,501.0,shas,8,,True,2026_main,2026,2026_main:3:42
2026_20260219_lazar,2026,Lazar,Maariv,2026-02-19,501.0,utj,7,,True,2026_main,2026,2026_main:3:42
2026_20260219_lazar,2026,Lazar,Maariv,2026-02-19,501.0,yashar,13,,True,2026_main,2026,2026_main:3:42
2026_20260219_lazar,2026,Lazar,Maariv,2026-02-19,501.0,yesh_atid,8,,True,2026_main,2026,2026_main:3:42
2026_20260219_lazar,2026,Lazar,Maariv,2026-02-19,501.0,yisrael_beytenu,8,,True,2026_main,2026,2026_main:3:42
2026_20260219_lazar,2026,Lazar,Maariv,2026-02-19,501.0,zionist_home,0,1.3,True,2026_main,2026,2026_main:3:42
2026_20260219_tatika,2026,Tatika,Zman Yisrael,2026-02-19,500.0,bennett_2026,18,,True,2026_main,2026,2026_main:3:43
2026_20260219_tatika,2026,Tatika,Zman Yisrael,2026-02-19,500.0,blue_white,4,,True,2026_main,2026,2026_main:3:43
2026_20260219_tatika,2026,Tatika,Zman Yisrael,2026-02-19,500.0,democrats,9,,True,2026_main,2026,2026_main:3:43
2026_20260219_tatika,2026,Tatika,Zman Yisrael,2026-02-19,500.0,hadash_taal,5,,True,2026_main,2026,2026_main:3:43
2026_20260219_tatika,2026,Tatika,Zman Yisrael,2026-02-19,500.0,likud,27,,True,2026_main,2026,2026_main:3:43
2026_20260219_tatika,2026,Tatika,Zman Yisrael,2026-02-19,500.0,otzma,7,,True,2026_main,2026,2026_main:3:43
2026_20260219_tatika,2026,Tatika,Zman Yisrael,2026-02-19,500.0,raam,6,,True,2026_main,2026,2026_main:3:43
2026_20260219_tatika,2026,Tatika,Zman Yisrael,2026-02-19,500.0,shas,10,,True,2026_main,2026,2026_main:3:43
2026_20260219_tatika,2026,Tatika,Zman Yisrael,2026-02-19,500.0,utj,8,,True,2026_main,2026,2026_main:3:43
2026_20260219_tatika,2026,Tatika,Zman Yisrael,2026-02-19,500.0,yashar,9,,True,2026_main,2026,2026_main:3:43
2026_20260219_tatika,2026,Tatika,Zman Yisrael,2026-02-19,500.0,yesh_atid,7,,True,2026_main,2026,2026_main:3:43
2026_20260219_tatika,2026,Tatika,Zman Yisrael,2026-02-19,500.0,yisrael_beytenu,10,,True,2026_main,2026,2026_main:3:43
2026_20260226_filber,2026,Filber,Channel 14,2026-02-26,579.0,balad+hadash_taal+raam,13,,True,2026_main,2026,2026_main:3:37
2026_20260226_filber,2026,Filber,Channel 14,2026-02-26,579.0,bennett_2026,10,,True,2026_main,2026,2026_main:3:37
2026_20260226_filber,2026,Filber,Channel 14,2026-02-26,579.0,democrats,9,,True,2026_main,2026,2026_main:3:37
2026_20260226_filber,2026,Filber,Channel 14,2026-02-26,579.0,likud,33,,True,2026_main,2026,2026_main:3:37
2026_20260226_filber,2026,Filber,Channel 14,2026-02-26,579.0,otzma,8,,True,2026_main,2026,2026_main:3:37
2026_20260226_filber,2026,Filber,Channel 14,2026-02-26,579.0,rzp,5,,True,2026_main,2026,2026_main:3:37
2026_20260226_filber,2026,Filber,Channel 14,2026-02-26,579.0,shas,11,,True,2026_main,2026,2026_main:3:37
2026_20260226_filber,2026,Filber,Channel 14,2026-02-26,579.0,utj,8,,True,2026_main,2026,2026_main:3:37
2026_20260226_filber,2026,Filber,Channel 14,2026-02-26,579.0,yashar,11,,True,2026_main,2026,2026_main:3:37
2026_20260226_filber,2026,Filber,Channel 14,2026-02-26,579.0,yesh_atid,4,,True,2026_main,2026,2026_main:3:37
2026_20260226_filber,2026,Filber,Channel 14,2026-02-26,579.0,yisrael_beytenu,8,,True,2026_main,2026,2026_main:3:37
2026_20260226_lazara,2026,Lazar,Maariv,2026-02-26,501.0,balad+hadash_taal+raam,14,,True,2026_main,2026,2026_main:3:38
2026_20260226_lazara,2026,Lazar,Maariv,2026-02-26,501.0,bennett_2026,20,,True,2026_main,2026,2026_main:3:38
2026_20260226_lazara,2026,Lazar,Maariv,2026-02-26,501.0,blue_white,0,2.7,True,2026_main,2026,2026_main:3:38
2026_20260226_lazara,2026,Lazar,Maariv,2026-02-26,501.0,democrats,9,,True,2026_main,2026,2026_main:3:38
2026_20260226_lazara,2026,Lazar,Maariv,2026-02-26,501.0,likud,25,,True,2026_main,2026,2026_main:3:38
2026_20260226_lazara,2026,Lazar,Maariv,2026-02-26,501.0,otzma,9,,True,2026_main,2026,2026_main:3:38
2026_20260226_lazara,2026,Lazar,Maariv,2026-02-26,501.0,rzp,0,2.2,True,2026_main,2026,2026_main:3:38
2026_20260226_lazara,2026,Lazar,Maariv,2026-02-26,501.0,shas,8,,True,2026_main,2026,2026_main:3:38
2026_20260226_lazara,2026,Lazar,Maariv,2026-02-26,501.0,utj,7,,True,2026_main,2026,2026_main:3:38
2026_20260226_lazara,2026,Lazar,Maariv,2026-02-26,501.0,yashar,13,,True,2026_main,2026,2026_main:3:38
2026_20260226_lazara,2026,Lazar,Maariv,2026-02-26,501.0,yesh_atid,7,,True,2026_main,2026,2026_main:3:38
2026_20260226_lazara,2026,Lazar,Maariv,2026-02-26,501.0,yisrael_beytenu,8,,True,2026_main,2026,2026_main:3:38
2026_20260226_lazara,2026,Lazar,Maariv,2026-02-26,501.0,zionist_home,0,1.9,True,2026_main,2026,2026_main:3:38
2026_20260226_lazarb,2026,Lazar,Maariv,2026-02-26,501.0,balad,0,1.5,True,2026_main,2026,2026_main:3:39
2026_20260226_lazarb,2026,Lazar,Maariv,2026-02-26,501.0,bennett_2026,19,,True,2026_main,2026,2026_main:3:39
2026_20260226_lazarb,2026,Lazar,Maariv,2026-02-26,501.0,blue_white,0,2.8,True,2026_main,2026,2026_main:3:39
2026_20260226_lazarb,2026,Lazar,Maariv,2026-02-26,501.0,democrats,11,,True,2026_main,2026,2026_main:3:39
2026_20260226_lazarb,2026,Lazar,Maariv,2026-02-26,501.0,hadash_taal,5,,True,2026_main,2026,2026_main:3:39
2026_20260226_lazarb,2026,Lazar,Maariv,2026-02-26,501.0,likud,26,,True,2026_main,2026,2026_main:3:39
2026_20260226_lazarb,2026,Lazar,Maariv,2026-02-26,501.0,otzma,9,,True,2026_main,2026,2026_main:3:39
2026_20260226_lazarb,2026,Lazar,Maariv,2026-02-26,501.0,raam,5,,True,2026_main,2026,2026_main:3:39
2026_20260226_lazarb,2026,Lazar,Maariv,2026-02-26,501.0,rzp,0,2.2,True,2026_main,2026,2026_main:3:39
2026_20260226_lazarb,2026,Lazar,Maariv,2026-02-26,501.0,shas,8,,True,2026_main,2026,2026_main:3:39
2026_20260226_lazarb,2026,Lazar,Maariv,2026-02-26,501.0,utj,7,,True,2026_main,2026,2026_main:3:39
2026_20260226_lazarb,2026,Lazar,Maariv,2026-02-26,501.0,yashar,14,,True,2026_main,2026,2026_main:3:39
2026_20260226_lazarb,2026,Lazar,Maariv,2026-02-26,501.0,yesh_atid,8,,True,2026_main,2026,2026_main:3:39
2026_20260226_lazarb,2026,Lazar,Maariv,2026-02-26,501.0,yisrael_beytenu,8,,True,2026_main,2026,2026_main:3:39
2026_20260226_lazarb,2026,Lazar,Maariv,2026-02-26,501.0,zionist_home,0,1.9,True,2026_main,2026,2026_main:3:39
2026_20260226_midgam,2026,Midgam,HaHadashot 12,2026-02-26,,balad,0,1.6,True,2026_main,2026,2026_main:3:36
2026_20260226_midgam,2026,Midgam,HaHadashot 12,2026-02-26,,bennett_2026,21,,True,2026_main,2026,2026_main:3:36
2026_20260226_midgam,2026,Midgam,HaHadashot 12,2026-02-26,,blue_white,0,1.9,True,2026_main,2026,2026_main:3:36
2026_20260226_midgam,2026,Midgam,HaHadashot 12,2026-02-26,,democrats,11,,True,2026_main,2026,2026_main:3:36
2026_20260226_midgam,2026,Midgam,HaHadashot 12,2026-02-26,,hadash_taal,4,,True,2026_main,2026,2026_main:3:36
2026_20260226_midgam,2026,Midgam,HaHadashot 12,2026-02-26,,likud,26,,True,2026_main,2026,2026_main:3:36
2026_20260226_midgam,2026,Midgam,HaHadashot 12,2026-02-26,,otzma,10,,True,2026_main,2026,2026_main:3:36
2026_20260226_midgam,2026,Midgam,HaHadashot 12,2026-02-26,,raam,6,,True,2026_main,2026,2026_main:3:36
2026_20260226_midgam,2026,Midgam,HaHadashot 12,2026-02-26,,rzp,0,2.6,True,2026_main,2026,2026_main:3:36
2026_20260226_midgam,2026,Midgam,HaHadashot 12,2026-02-26,,shas,9,,True,2026_main,2026,2026_main:3:36
2026_20260226_midgam,2026,Midgam,HaHadashot 12,2026-02-26,,utj,7,,True,2026_main,2026,2026_main:3:36
2026_20260226_midgam,2026,Midgam,HaHadashot 12,2026-02-26,,yashar,11,,True,2026_main,2026,2026_main:3:36
2026_20260226_midgam,2026,Midgam,HaHadashot 12,2026-02-26,,yesh_atid,7,,True,2026_main,2026,2026_main:3:36
2026_20260226_midgam,2026,Midgam,HaHadashot 12,2026-02-26,,yisrael_beytenu,8,,True,2026_main,2026,2026_main:3:36
2026_20260226_midgam,2026,Midgam,HaHadashot 12,2026-02-26,,zionist_home,0,1.9,True,2026_main,2026,2026_main:3:36
2026_20260226_tatika,2026,Tatika,Zman Yisrael,2026-02-26,500.0,bennett_2026,18,,True,2026_main,2026,2026_main:3:40
2026_20260226_tatika,2026,Tatika,Zman Yisrael,2026-02-26,500.0,democrats,9,,True,2026_main,2026,2026_main:3:40
2026_20260226_tatika,2026,Tatika,Zman Yisrael,2026-02-26,500.0,hadash_taal,5,,True,2026_main,2026,2026_main:3:40
2026_20260226_tatika,2026,Tatika,Zman Yisrael,2026-02-26,500.0,likud,27,,True,2026_main,2026,2026_main:3:40
2026_20260226_tatika,2026,Tatika,Zman Yisrael,2026-02-26,500.0,otzma,8,,True,2026_main,2026,2026_main:3:40
2026_20260226_tatika,2026,Tatika,Zman Yisrael,2026-02-26,500.0,raam,6,,True,2026_main,2026,2026_main:3:40
2026_20260226_tatika,2026,Tatika,Zman Yisrael,2026-02-26,500.0,shas,10,,True,2026_main,2026,2026_main:3:40
2026_20260226_tatika,2026,Tatika,Zman Yisrael,2026-02-26,500.0,utj,8,,True,2026_main,2026,2026_main:3:40
2026_20260226_tatika,2026,Tatika,Zman Yisrael,2026-02-26,500.0,yashar,12,,True,2026_main,2026,2026_main:3:40
2026_20260226_tatika,2026,Tatika,Zman Yisrael,2026-02-26,500.0,yesh_atid,7,,True,2026_main,2026,2026_main:3:40
2026_20260226_tatika,2026,Tatika,Zman Yisrael,2026-02-26,500.0,yisrael_beytenu,10,,True,2026_main,2026,2026_main:3:40
2026_20260305_filber,2026,Filber,Channel 14,2026-03-05,742.0,balad+hadash_taal+raam,13,,True,2026_main,2026,2026_main:3:31
2026_20260305_filber,2026,Filber,Channel 14,2026-03-05,742.0,bennett_2026,11,,True,2026_main,2026,2026_main:3:31
2026_20260305_filber,2026,Filber,Channel 14,2026-03-05,742.0,blue_white,0,1.3,True,2026_main,2026,2026_main:3:31
2026_20260305_filber,2026,Filber,Channel 14,2026-03-05,742.0,democrats,9,,True,2026_main,2026,2026_main:3:31
2026_20260305_filber,2026,Filber,Channel 14,2026-03-05,742.0,likud,34,,True,2026_main,2026,2026_main:3:31
2026_20260305_filber,2026,Filber,Channel 14,2026-03-05,742.0,otzma,8,,True,2026_main,2026,2026_main:3:31
2026_20260305_filber,2026,Filber,Channel 14,2026-03-05,742.0,rzp,4,,True,2026_main,2026,2026_main:3:31
2026_20260305_filber,2026,Filber,Channel 14,2026-03-05,742.0,shas,11,,True,2026_main,2026,2026_main:3:31
2026_20260305_filber,2026,Filber,Channel 14,2026-03-05,742.0,utj,9,,True,2026_main,2026,2026_main:3:31
2026_20260305_filber,2026,Filber,Channel 14,2026-03-05,742.0,yashar,10,,True,2026_main,2026,2026_main:3:31
2026_20260305_filber,2026,Filber,Channel 14,2026-03-05,742.0,yesh_atid,4,,True,2026_main,2026,2026_main:3:31
2026_20260305_filber,2026,Filber,Channel 14,2026-03-05,742.0,yisrael_beytenu,7,,True,2026_main,2026,2026_main:3:31
2026_20260305_lazar,2026,Lazar,Maariv,2026-03-05,500.0,balad,0,1.6,True,2026_main,2026,2026_main:3:32
2026_20260305_lazar,2026,Lazar,Maariv,2026-03-05,500.0,bennett_2026,21,,True,2026_main,2026,2026_main:3:32
2026_20260305_lazar,2026,Lazar,Maariv,2026-03-05,500.0,blue_white,0,2.0,True,2026_main,2026,2026_main:3:32
2026_20260305_lazar,2026,Lazar,Maariv,2026-03-05,500.0,democrats,10,,True,2026_main,2026,2026_main:3:32
2026_20260305_lazar,2026,Lazar,Maariv,2026-03-05,500.0,hadash_taal,5,,True,2026_main,2026,2026_main:3:32
2026_20260305_lazar,2026,Lazar,Maariv,2026-03-05,500.0,likud,27,,True,2026_main,2026,2026_main:3:32
2026_20260305_lazar,2026,Lazar,Maariv,2026-03-05,500.0,otzma,9,,True,2026_main,2026,2026_main:3:32
2026_20260305_lazar,2026,Lazar,Maariv,2026-03-05,500.0,raam,5,,True,2026_main,2026,2026_main:3:32
2026_20260305_lazar,2026,Lazar,Maariv,2026-03-05,500.0,rzp,0,2.8,True,2026_main,2026,2026_main:3:32
2026_20260305_lazar,2026,Lazar,Maariv,2026-03-05,500.0,shas,8,,True,2026_main,2026,2026_main:3:32
2026_20260305_lazar,2026,Lazar,Maariv,2026-03-05,500.0,utj,7,,True,2026_main,2026,2026_main:3:32
2026_20260305_lazar,2026,Lazar,Maariv,2026-03-05,500.0,yashar,14,,True,2026_main,2026,2026_main:3:32
2026_20260305_lazar,2026,Lazar,Maariv,2026-03-05,500.0,yesh_atid,6,,True,2026_main,2026,2026_main:3:32
2026_20260305_lazar,2026,Lazar,Maariv,2026-03-05,500.0,yisrael_beytenu,8,,True,2026_main,2026,2026_main:3:32
2026_20260305_lazar,2026,Lazar,Maariv,2026-03-05,500.0,zionist_home,0,2.8,True,2026_main,2026,2026_main:3:32
2026_20260305_tatika,2026,Tatika,Zman Yisrael,2026-03-05,500.0,bennett_2026,15,,True,2026_main,2026,2026_main:3:33
2026_20260305_tatika,2026,Tatika,Zman Yisrael,2026-03-05,500.0,blue_white,4,,True,2026_main,2026,2026_main:3:33
2026_20260305_tatika,2026,Tatika,Zman Yisrael,2026-03-05,500.0,democrats,8,,True,2026_main,2026,2026_main:3:33
2026_20260305_tatika,2026,Tatika,Zman Yisrael,2026-03-05,500.0,hadash_taal,5,,True,2026_main,2026,2026_main:3:33
2026_20260305_tatika,2026,Tatika,Zman Yisrael,2026-03-05,500.0,likud,31,,True,2026_main,2026,2026_main:3:33
2026_20260305_tatika,2026,Tatika,Zman Yisrael,2026-03-05,500.0,otzma,6,,True,2026_main,2026,2026_main:3:33
2026_20260305_tatika,2026,Tatika,Zman Yisrael,2026-03-05,500.0,raam,5,,True,2026_main,2026,2026_main:3:33
2026_20260305_tatika,2026,Tatika,Zman Yisrael,2026-03-05,500.0,shas,9,,True,2026_main,2026,2026_main:3:33
2026_20260305_tatika,2026,Tatika,Zman Yisrael,2026-03-05,500.0,utj,7,,True,2026_main,2026,2026_main:3:33
2026_20260305_tatika,2026,Tatika,Zman Yisrael,2026-03-05,500.0,yashar,14,,True,2026_main,2026,2026_main:3:33
2026_20260305_tatika,2026,Tatika,Zman Yisrael,2026-03-05,500.0,yesh_atid,6,,True,2026_main,2026,2026_main:3:33
2026_20260305_tatika,2026,Tatika,Zman Yisrael,2026-03-05,500.0,yisrael_beytenu,10,,True,2026_main,2026,2026_main:3:33
2026_20260311_midgam,2026,Midgam,HaHadashot 12,2026-03-11,,bennett_2026,21,,True,2026_main,2026,2026_main:3:30
2026_20260311_midgam,2026,Midgam,HaHadashot 12,2026-03-11,,democrats,12,,True,2026_main,2026,2026_main:3:30
2026_20260311_midgam,2026,Midgam,HaHadashot 12,2026-03-11,,hadash_taal,5,,True,2026_main,2026,2026_main:3:30
2026_20260311_midgam,2026,Midgam,HaHadashot 12,2026-03-11,,likud,26,,True,2026_main,2026,2026_main:3:30
2026_20260311_midgam,2026,Midgam,HaHadashot 12,2026-03-11,,otzma,9,,True,2026_main,2026,2026_main:3:30
2026_20260311_midgam,2026,Midgam,HaHadashot 12,2026-03-11,,raam,5,,True,2026_main,2026,2026_main:3:30
2026_20260311_midgam,2026,Midgam,HaHadashot 12,2026-03-11,,shas,9,,True,2026_main,2026,2026_main:3:30
2026_20260311_midgam,2026,Midgam,HaHadashot 12,2026-03-11,,utj,7,,True,2026_main,2026,2026_main:3:30
2026_20260311_midgam,2026,Midgam,HaHadashot 12,2026-03-11,,yashar,11,,True,2026_main,2026,2026_main:3:30
2026_20260311_midgam,2026,Midgam,HaHadashot 12,2026-03-11,,yesh_atid,6,,True,2026_main,2026,2026_main:3:30
2026_20260311_midgam,2026,Midgam,HaHadashot 12,2026-03-11,,yisrael_beytenu,9,,True,2026_main,2026,2026_main:3:30
2026_20260312_tatika,2026,Tatika,Zman Yisrael,2026-03-12,500.0,bennett_2026,17,,True,2026_main,2026,2026_main:3:29
2026_20260312_tatika,2026,Tatika,Zman Yisrael,2026-03-12,500.0,democrats,8,,True,2026_main,2026,2026_main:3:29
2026_20260312_tatika,2026,Tatika,Zman Yisrael,2026-03-12,500.0,hadash_taal,5,,True,2026_main,2026,2026_main:3:29
2026_20260312_tatika,2026,Tatika,Zman Yisrael,2026-03-12,500.0,likud,29,,True,2026_main,2026,2026_main:3:29
2026_20260312_tatika,2026,Tatika,Zman Yisrael,2026-03-12,500.0,otzma,6,,True,2026_main,2026,2026_main:3:29
2026_20260312_tatika,2026,Tatika,Zman Yisrael,2026-03-12,500.0,raam,5,,True,2026_main,2026,2026_main:3:29
2026_20260312_tatika,2026,Tatika,Zman Yisrael,2026-03-12,500.0,rzp,4,,True,2026_main,2026,2026_main:3:29
2026_20260312_tatika,2026,Tatika,Zman Yisrael,2026-03-12,500.0,shas,8,,True,2026_main,2026,2026_main:3:29
2026_20260312_tatika,2026,Tatika,Zman Yisrael,2026-03-12,500.0,utj,7,,True,2026_main,2026,2026_main:3:29
2026_20260312_tatika,2026,Tatika,Zman Yisrael,2026-03-12,500.0,yashar,15,,True,2026_main,2026,2026_main:3:29
2026_20260312_tatika,2026,Tatika,Zman Yisrael,2026-03-12,500.0,yesh_atid,6,,True,2026_main,2026,2026_main:3:29
2026_20260312_tatika,2026,Tatika,Zman Yisrael,2026-03-12,500.0,yisrael_beytenu,10,,True,2026_main,2026,2026_main:3:29
2026_20260313_lazar,2026,Lazar,Maariv,2026-03-13,500.0,balad,0,1.4,True,2026_main,2026,2026_main:3:28
2026_20260313_lazar,2026,Lazar,Maariv,2026-03-13,500.0,bennett_2026,22,,True,2026_main,2026,2026_main:3:28
2026_20260313_lazar,2026,Lazar,Maariv,2026-03-13,500.0,blue_white,0,1.3,True,2026_main,2026,2026_main:3:28
2026_20260313_lazar,2026,Lazar,Maariv,2026-03-13,500.0,democrats,10,,True,2026_main,2026,2026_main:3:28
2026_20260313_lazar,2026,Lazar,Maariv,2026-03-13,500.0,hadash_taal,5,,True,2026_main,2026,2026_main:3:28
2026_20260313_lazar,2026,Lazar,Maariv,2026-03-13,500.0,likud,27,,True,2026_main,2026,2026_main:3:28
2026_20260313_lazar,2026,Lazar,Maariv,2026-03-13,500.0,otzma,8,,True,2026_main,2026,2026_main:3:28
2026_20260313_lazar,2026,Lazar,Maariv,2026-03-13,500.0,raam,5,,True,2026_main,2026,2026_main:3:28
2026_20260313_lazar,2026,Lazar,Maariv,2026-03-13,500.0,rzp,0,3.0,True,2026_main,2026,2026_main:3:28
2026_20260313_lazar,2026,Lazar,Maariv,2026-03-13,500.0,shas,8,,True,2026_main,2026,2026_main:3:28
2026_20260313_lazar,2026,Lazar,Maariv,2026-03-13,500.0,utj,7,,True,2026_main,2026,2026_main:3:28
2026_20260313_lazar,2026,Lazar,Maariv,2026-03-13,500.0,yashar,13,,True,2026_main,2026,2026_main:3:28
2026_20260313_lazar,2026,Lazar,Maariv,2026-03-13,500.0,yesh_atid,7,,True,2026_main,2026,2026_main:3:28
2026_20260313_lazar,2026,Lazar,Maariv,2026-03-13,500.0,yisrael_beytenu,8,,True,2026_main,2026,2026_main:3:28
2026_20260313_lazar,2026,Lazar,Maariv,2026-03-13,500.0,zionist_home,0,2.8,True,2026_main,2026,2026_main:3:28
2026_20260319_midgam,2026,Midgam,HaHadashot 12,2026-03-19,503.0,bennett_2026,20,,True,2026_main,2026,2026_main:3:26
2026_20260319_midgam,2026,Midgam,HaHadashot 12,2026-03-19,503.0,democrats,12,,True,2026_main,2026,2026_main:3:26
2026_20260319_midgam,2026,Midgam,HaHadashot 12,2026-03-19,503.0,hadash_taal,5,,True,2026_main,2026,2026_main:3:26
2026_20260319_midgam,2026,Midgam,HaHadashot 12,2026-03-19,503.0,likud,28,,True,2026_main,2026,2026_main:3:26
2026_20260319_midgam,2026,Midgam,HaHadashot 12,2026-03-19,503.0,otzma,7,,True,2026_main,2026,2026_main:3:26
2026_20260319_midgam,2026,Midgam,HaHadashot 12,2026-03-19,503.0,raam,5,,True,2026_main,2026,2026_main:3:26
2026_20260319_midgam,2026,Midgam,HaHadashot 12,2026-03-19,503.0,shas,9,,True,2026_main,2026,2026_main:3:26
2026_20260319_midgam,2026,Midgam,HaHadashot 12,2026-03-19,503.0,utj,7,,True,2026_main,2026,2026_main:3:26
2026_20260319_midgam,2026,Midgam,HaHadashot 12,2026-03-19,503.0,yashar,12,,True,2026_main,2026,2026_main:3:26
2026_20260319_midgam,2026,Midgam,HaHadashot 12,2026-03-19,503.0,yesh_atid,6,,True,2026_main,2026,2026_main:3:26
2026_20260319_midgam,2026,Midgam,HaHadashot 12,2026-03-19,503.0,yisrael_beytenu,9,,True,2026_main,2026,2026_main:3:26
2026_20260319_tatika,2026,Tatika,Zman Yisrael,2026-03-19,500.0,bennett_2026,15,,True,2026_main,2026,2026_main:3:27
2026_20260319_tatika,2026,Tatika,Zman Yisrael,2026-03-19,500.0,blue_white,4,,True,2026_main,2026,2026_main:3:27
2026_20260319_tatika,2026,Tatika,Zman Yisrael,2026-03-19,500.0,democrats,9,,True,2026_main,2026,2026_main:3:27
2026_20260319_tatika,2026,Tatika,Zman Yisrael,2026-03-19,500.0,hadash_taal,5,,True,2026_main,2026,2026_main:3:27
2026_20260319_tatika,2026,Tatika,Zman Yisrael,2026-03-19,500.0,likud,28,,True,2026_main,2026,2026_main:3:27
2026_20260319_tatika,2026,Tatika,Zman Yisrael,2026-03-19,500.0,otzma,7,,True,2026_main,2026,2026_main:3:27
2026_20260319_tatika,2026,Tatika,Zman Yisrael,2026-03-19,500.0,raam,5,,True,2026_main,2026,2026_main:3:27
2026_20260319_tatika,2026,Tatika,Zman Yisrael,2026-03-19,500.0,shas,8,,True,2026_main,2026,2026_main:3:27
2026_20260319_tatika,2026,Tatika,Zman Yisrael,2026-03-19,500.0,utj,8,,True,2026_main,2026,2026_main:3:27
2026_20260319_tatika,2026,Tatika,Zman Yisrael,2026-03-19,500.0,yashar,16,,True,2026_main,2026,2026_main:3:27
2026_20260319_tatika,2026,Tatika,Zman Yisrael,2026-03-19,500.0,yesh_atid,5,,True,2026_main,2026,2026_main:3:27
2026_20260319_tatika,2026,Tatika,Zman Yisrael,2026-03-19,500.0,yisrael_beytenu,10,,True,2026_main,2026,2026_main:3:27
2026_20260320_lazar,2026,Lazar,Maariv,2026-03-20,,bennett_2026,21,,True,2026_main,2026,2026_main:3:25
2026_20260320_lazar,2026,Lazar,Maariv,2026-03-20,,democrats,10,,True,2026_main,2026,2026_main:3:25
2026_20260320_lazar,2026,Lazar,Maariv,2026-03-20,,hadash_taal,5,,True,2026_main,2026,2026_main:3:25
2026_20260320_lazar,2026,Lazar,Maariv,2026-03-20,,likud,28,,True,2026_main,2026,2026_main:3:25
2026_20260320_lazar,2026,Lazar,Maariv,2026-03-20,,otzma,7,,True,2026_main,2026,2026_main:3:25
2026_20260320_lazar,2026,Lazar,Maariv,2026-03-20,,raam,5,,True,2026_main,2026,2026_main:3:25
2026_20260320_lazar,2026,Lazar,Maariv,2026-03-20,,shas,8,,True,2026_main,2026,2026_main:3:25
2026_20260320_lazar,2026,Lazar,Maariv,2026-03-20,,utj,7,,True,2026_main,2026,2026_main:3:25
2026_20260320_lazar,2026,Lazar,Maariv,2026-03-20,,yashar,11,,True,2026_main,2026,2026_main:3:25
2026_20260320_lazar,2026,Lazar,Maariv,2026-03-20,,yesh_atid,8,,True,2026_main,2026,2026_main:3:25
2026_20260320_lazar,2026,Lazar,Maariv,2026-03-20,,yisrael_beytenu,10,,True,2026_main,2026,2026_main:3:25
2026_20260326_filber,2026,Filber,Channel 14,2026-03-26,754.0,balad+hadash_taal+raam,12,,True,2026_main,2026,2026_main:3:23
2026_20260326_filber,2026,Filber,Channel 14,2026-03-26,754.0,bennett_2026,10,,True,2026_main,2026,2026_main:3:23
2026_20260326_filber,2026,Filber,Channel 14,2026-03-26,754.0,blue_white,0,1.2,True,2026_main,2026,2026_main:3:23
2026_20260326_filber,2026,Filber,Channel 14,2026-03-26,754.0,democrats,10,,True,2026_main,2026,2026_main:3:23
2026_20260326_filber,2026,Filber,Channel 14,2026-03-26,754.0,likud,35,,True,2026_main,2026,2026_main:3:23
2026_20260326_filber,2026,Filber,Channel 14,2026-03-26,754.0,otzma,7,,True,2026_main,2026,2026_main:3:23
2026_20260326_filber,2026,Filber,Channel 14,2026-03-26,754.0,rzp,4,,True,2026_main,2026,2026_main:3:23
2026_20260326_filber,2026,Filber,Channel 14,2026-03-26,754.0,shas,10,,True,2026_main,2026,2026_main:3:23
2026_20260326_filber,2026,Filber,Channel 14,2026-03-26,754.0,utj,9,,True,2026_main,2026,2026_main:3:23
2026_20260326_filber,2026,Filber,Channel 14,2026-03-26,754.0,yashar,11,,True,2026_main,2026,2026_main:3:23
2026_20260326_filber,2026,Filber,Channel 14,2026-03-26,754.0,yesh_atid,4,,True,2026_main,2026,2026_main:3:23
2026_20260326_filber,2026,Filber,Channel 14,2026-03-26,754.0,yisrael_beytenu,8,,True,2026_main,2026,2026_main:3:23
2026_20260326_lazar,2026,Lazar,Maariv,2026-03-26,500.0,balad,0,1.3,True,2026_main,2026,2026_main:3:24
2026_20260326_lazar,2026,Lazar,Maariv,2026-03-26,500.0,bennett_2026,21,,True,2026_main,2026,2026_main:3:24
2026_20260326_lazar,2026,Lazar,Maariv,2026-03-26,500.0,blue_white,0,2.8,True,2026_main,2026,2026_main:3:24
2026_20260326_lazar,2026,Lazar,Maariv,2026-03-26,500.0,democrats,10,,True,2026_main,2026,2026_main:3:24
2026_20260326_lazar,2026,Lazar,Maariv,2026-03-26,500.0,hadash_taal,5,,True,2026_main,2026,2026_main:3:24
2026_20260326_lazar,2026,Lazar,Maariv,2026-03-26,500.0,likud,26,,True,2026_main,2026,2026_main:3:24
2026_20260326_lazar,2026,Lazar,Maariv,2026-03-26,500.0,otzma,9,,True,2026_main,2026,2026_main:3:24
2026_20260326_lazar,2026,Lazar,Maariv,2026-03-26,500.0,raam,5,,True,2026_main,2026,2026_main:3:24
2026_20260326_lazar,2026,Lazar,Maariv,2026-03-26,500.0,rzp,0,2.3,True,2026_main,2026,2026_main:3:24
2026_20260326_lazar,2026,Lazar,Maariv,2026-03-26,500.0,shas,8,,True,2026_main,2026,2026_main:3:24
2026_20260326_lazar,2026,Lazar,Maariv,2026-03-26,500.0,utj,7,,True,2026_main,2026,2026_main:3:24
2026_20260326_lazar,2026,Lazar,Maariv,2026-03-26,500.0,yashar,13,,True,2026_main,2026,2026_main:3:24
2026_20260326_lazar,2026,Lazar,Maariv,2026-03-26,500.0,yesh_atid,7,,True,2026_main,2026,2026_main:3:24
2026_20260326_lazar,2026,Lazar,Maariv,2026-03-26,500.0,yisrael_beytenu,9,,True,2026_main,2026,2026_main:3:24
2026_20260326_lazar,2026,Lazar,Maariv,2026-03-26,500.0,zionist_home,0,1.6,True,2026_main,2026,2026_main:3:24
2026_20260326_tatika,2026,Tatika,Zman Yisrael,2026-03-26,500.0,bennett_2026,16,,True,2026_main,2026,2026_main:3:22
2026_20260326_tatika,2026,Tatika,Zman Yisrael,2026-03-26,500.0,democrats,8,,True,2026_main,2026,2026_main:3:22
2026_20260326_tatika,2026,Tatika,Zman Yisrael,2026-03-26,500.0,hadash_taal,5,,True,2026_main,2026,2026_main:3:22
2026_20260326_tatika,2026,Tatika,Zman Yisrael,2026-03-26,500.0,likud,29,,True,2026_main,2026,2026_main:3:22
2026_20260326_tatika,2026,Tatika,Zman Yisrael,2026-03-26,500.0,otzma,7,,True,2026_main,2026,2026_main:3:22
2026_20260326_tatika,2026,Tatika,Zman Yisrael,2026-03-26,500.0,raam,5,,True,2026_main,2026,2026_main:3:22
2026_20260326_tatika,2026,Tatika,Zman Yisrael,2026-03-26,500.0,shas,9,,True,2026_main,2026,2026_main:3:22
2026_20260326_tatika,2026,Tatika,Zman Yisrael,2026-03-26,500.0,utj,8,,True,2026_main,2026,2026_main:3:22
2026_20260326_tatika,2026,Tatika,Zman Yisrael,2026-03-26,500.0,yashar,17,,True,2026_main,2026,2026_main:3:22
2026_20260326_tatika,2026,Tatika,Zman Yisrael,2026-03-26,500.0,yesh_atid,6,,True,2026_main,2026,2026_main:3:22
2026_20260326_tatika,2026,Tatika,Zman Yisrael,2026-03-26,500.0,yisrael_beytenu,10,,True,2026_main,2026,2026_main:3:22
2026_20260329_kantar,2026,Kantar,Kan 11,2026-03-29,553.0,bennett_2026,19,,False,2026_main,2026,2026_main:3:21
2026_20260329_kantar,2026,Kantar,Kan 11,2026-03-29,553.0,democrats,9,,False,2026_main,2026,2026_main:3:21
2026_20260329_kantar,2026,Kantar,Kan 11,2026-03-29,553.0,hadash_taal,6,,False,2026_main,2026,2026_main:3:21
2026_20260329_kantar,2026,Kantar,Kan 11,2026-03-29,553.0,likud,28,,False,2026_main,2026,2026_main:3:21
2026_20260329_kantar,2026,Kantar,Kan 11,2026-03-29,553.0,otzma,8,,False,2026_main,2026,2026_main:3:21
2026_20260329_kantar,2026,Kantar,Kan 11,2026-03-29,553.0,raam,5,,False,2026_main,2026,2026_main:3:21
2026_20260329_kantar,2026,Kantar,Kan 11,2026-03-29,553.0,shas,9,,False,2026_main,2026,2026_main:3:21
2026_20260329_kantar,2026,Kantar,Kan 11,2026-03-29,553.0,utj,8,,False,2026_main,2026,2026_main:3:21
2026_20260329_kantar,2026,Kantar,Kan 11,2026-03-29,553.0,yashar,13,,False,2026_main,2026,2026_main:3:21
2026_20260329_kantar,2026,Kantar,Kan 11,2026-03-29,553.0,yesh_atid,7,,False,2026_main,2026,2026_main:3:21
2026_20260329_kantar,2026,Kantar,Kan 11,2026-03-29,553.0,yisrael_beytenu,9,,False,2026_main,2026,2026_main:3:21
2026_20260331_lazar,2026,Lazar,Maariv,2026-03-31,500.0,balad,0,1.2,True,2026_main,2026,2026_main:3:19
2026_20260331_lazar,2026,Lazar,Maariv,2026-03-31,500.0,bennett_2026,22,,True,2026_main,2026,2026_main:3:19
2026_20260331_lazar,2026,Lazar,Maariv,2026-03-31,500.0,blue_white,0,1.4,True,2026_main,2026,2026_main:3:19
2026_20260331_lazar,2026,Lazar,Maariv,2026-03-31,500.0,democrats,9,,True,2026_main,2026,2026_main:3:19
2026_20260331_lazar,2026,Lazar,Maariv,2026-03-31,500.0,hadash_taal,6,,True,2026_main,2026,2026_main:3:19
2026_20260331_lazar,2026,Lazar,Maariv,2026-03-31,500.0,likud,25,,True,2026_main,2026,2026_main:3:19
2026_20260331_lazar,2026,Lazar,Maariv,2026-03-31,500.0,otzma,8,,True,2026_main,2026,2026_main:3:19
2026_20260331_lazar,2026,Lazar,Maariv,2026-03-31,500.0,raam,4,,True,2026_main,2026,2026_main:3:19
2026_20260331_lazar,2026,Lazar,Maariv,2026-03-31,500.0,rzp,0,2.0,True,2026_main,2026,2026_main:3:19
2026_20260331_lazar,2026,Lazar,Maariv,2026-03-31,500.0,shas,9,,True,2026_main,2026,2026_main:3:19
2026_20260331_lazar,2026,Lazar,Maariv,2026-03-31,500.0,utj,7,,True,2026_main,2026,2026_main:3:19
2026_20260331_lazar,2026,Lazar,Maariv,2026-03-31,500.0,yashar,14,,True,2026_main,2026,2026_main:3:19
2026_20260331_lazar,2026,Lazar,Maariv,2026-03-31,500.0,yesh_atid,8,,True,2026_main,2026,2026_main:3:19
2026_20260331_lazar,2026,Lazar,Maariv,2026-03-31,500.0,yisrael_beytenu,8,,True,2026_main,2026,2026_main:3:19
2026_20260331_lazar,2026,Lazar,Maariv,2026-03-31,500.0,zionist_home,0,1.4,True,2026_main,2026,2026_main:3:19
2026_20260409_filber,2026,Filber,Channel 14,2026-04-09,951.0,balad+hadash_taal+raam,11,,True,2026_main,2026,2026_main:3:15
2026_20260409_filber,2026,Filber,Channel 14,2026-04-09,951.0,bennett_2026,10,,True,2026_main,2026,2026_main:3:15
2026_20260409_filber,2026,Filber,Channel 14,2026-04-09,951.0,blue_white,0,1.8,True,2026_main,2026,2026_main:3:15
2026_20260409_filber,2026,Filber,Channel 14,2026-04-09,951.0,democrats,10,,True,2026_main,2026,2026_main:3:15
2026_20260409_filber,2026,Filber,Channel 14,2026-04-09,951.0,likud,35,,True,2026_main,2026,2026_main:3:15
2026_20260409_filber,2026,Filber,Channel 14,2026-04-09,951.0,otzma,7,,True,2026_main,2026,2026_main:3:15
2026_20260409_filber,2026,Filber,Channel 14,2026-04-09,951.0,rzp,4,,True,2026_main,2026,2026_main:3:15
2026_20260409_filber,2026,Filber,Channel 14,2026-04-09,951.0,shas,10,,True,2026_main,2026,2026_main:3:15
2026_20260409_filber,2026,Filber,Channel 14,2026-04-09,951.0,utj,9,,True,2026_main,2026,2026_main:3:15
2026_20260409_filber,2026,Filber,Channel 14,2026-04-09,951.0,yashar,12,,True,2026_main,2026,2026_main:3:15
2026_20260409_filber,2026,Filber,Channel 14,2026-04-09,951.0,yesh_atid,4,,True,2026_main,2026,2026_main:3:15
2026_20260409_filber,2026,Filber,Channel 14,2026-04-09,951.0,yisrael_beytenu,8,,True,2026_main,2026,2026_main:3:15
2026_20260409_kantar,2026,Kantar,Kan 11,2026-04-09,552.0,balad,0,1.8,True,2026_main,2026,2026_main:3:16
2026_20260409_kantar,2026,Kantar,Kan 11,2026-04-09,552.0,bennett_2026,19,,True,2026_main,2026,2026_main:3:16
2026_20260409_kantar,2026,Kantar,Kan 11,2026-04-09,552.0,blue_white,0,1.7,True,2026_main,2026,2026_main:3:16
2026_20260409_kantar,2026,Kantar,Kan 11,2026-04-09,552.0,democrats,11,,True,2026_main,2026,2026_main:3:16
2026_20260409_kantar,2026,Kantar,Kan 11,2026-04-09,552.0,hadash_taal,5,,True,2026_main,2026,2026_main:3:16
2026_20260409_kantar,2026,Kantar,Kan 11,2026-04-09,552.0,likud,25,,True,2026_main,2026,2026_main:3:16
2026_20260409_kantar,2026,Kantar,Kan 11,2026-04-09,552.0,otzma,10,,True,2026_main,2026,2026_main:3:16
2026_20260409_kantar,2026,Kantar,Kan 11,2026-04-09,552.0,raam,5,,True,2026_main,2026,2026_main:3:16
2026_20260409_kantar,2026,Kantar,Kan 11,2026-04-09,552.0,rzp,0,2.4,True,2026_main,2026,2026_main:3:16
2026_20260409_kantar,2026,Kantar,Kan 11,2026-04-09,552.0,shas,9,,True,2026_main,2026,2026_main:3:16
2026_20260409_kantar,2026,Kantar,Kan 11,2026-04-09,552.0,utj,7,,True,2026_main,2026,2026_main:3:16
2026_20260409_kantar,2026,Kantar,Kan 11,2026-04-09,552.0,yashar,14,,True,2026_main,2026,2026_main:3:16
2026_20260409_kantar,2026,Kantar,Kan 11,2026-04-09,552.0,yesh_atid,6,,True,2026_main,2026,2026_main:3:16
2026_20260409_kantar,2026,Kantar,Kan 11,2026-04-09,552.0,yisrael_beytenu,9,,True,2026_main,2026,2026_main:3:16
2026_20260409_kantar,2026,Kantar,Kan 11,2026-04-09,552.0,zionist_home,0,2.7,True,2026_main,2026,2026_main:3:16
2026_20260409_maagarmochot,2026,Maagar Mochot,Channel 13,2026-04-09,,bennett_2026,21,,True,2026_main,2026,2026_main:3:17
2026_20260409_maagarmochot,2026,Maagar Mochot,Channel 13,2026-04-09,,democrats,8,,True,2026_main,2026,2026_main:3:17
2026_20260409_maagarmochot,2026,Maagar Mochot,Channel 13,2026-04-09,,hadash_taal,6,,True,2026_main,2026,2026_main:3:17
2026_20260409_maagarmochot,2026,Maagar Mochot,Channel 13,2026-04-09,,likud,22,,True,2026_main,2026,2026_main:3:17
2026_20260409_maagarmochot,2026,Maagar Mochot,Channel 13,2026-04-09,,otzma,10,,True,2026_main,2026,2026_main:3:17
2026_20260409_maagarmochot,2026,Maagar Mochot,Channel 13,2026-04-09,,raam,5,,True,2026_main,2026,2026_main:3:17
2026_20260409_maagarmochot,2026,Maagar Mochot,Channel 13,2026-04-09,,rzp,5,,True,2026_main,2026,2026_main:3:17
2026_20260409_maagarmochot,2026,Maagar Mochot,Channel 13,2026-04-09,,shas,10,,True,2026_main,2026,2026_main:3:17
2026_20260409_maagarmochot,2026,Maagar Mochot,Channel 13,2026-04-09,,utj,7,,True,2026_main,2026,2026_main:3:17
2026_20260409_maagarmochot,2026,Maagar Mochot,Channel 13,2026-04-09,,yashar,12,,True,2026_main,2026,2026_main:3:17
2026_20260409_maagarmochot,2026,Maagar Mochot,Channel 13,2026-04-09,,yesh_atid,6,,True,2026_main,2026,2026_main:3:17
2026_20260409_maagarmochot,2026,Maagar Mochot,Channel 13,2026-04-09,,yisrael_beytenu,8,,True,2026_main,2026,2026_main:3:17
2026_20260409_midgam,2026,Midgam,HaHadashot 12,2026-04-09,,balad,0,0.9,True,2026_main,2026,2026_main:3:18
2026_20260409_midgam,2026,Midgam,HaHadashot 12,2026-04-09,,bennett_2026,22,,True,2026_main,2026,2026_main:3:18
2026_20260409_midgam,2026,Midgam,HaHadashot 12,2026-04-09,,blue_white,0,1.5,True,2026_main,2026,2026_main:3:18
2026_20260409_midgam,2026,Midgam,HaHadashot 12,2026-04-09,,democrats,10,,True,2026_main,2026,2026_main:3:18
2026_20260409_midgam,2026,Midgam,HaHadashot 12,2026-04-09,,hadash_taal,5,,True,2026_main,2026,2026_main:3:18
2026_20260409_midgam,2026,Midgam,HaHadashot 12,2026-04-09,,likud,25,,True,2026_main,2026,2026_main:3:18
2026_20260409_midgam,2026,Midgam,HaHadashot 12,2026-04-09,,otzma,9,,True,2026_main,2026,2026_main:3:18
2026_20260409_midgam,2026,Midgam,HaHadashot 12,2026-04-09,,raam,5,,True,2026_main,2026,2026_main:3:18
2026_20260409_midgam,2026,Midgam,HaHadashot 12,2026-04-09,,rzp,0,2.9,True,2026_main,2026,2026_main:3:18
2026_20260409_midgam,2026,Midgam,HaHadashot 12,2026-04-09,,shas,9,,True,2026_main,2026,2026_main:3:18
2026_20260409_midgam,2026,Midgam,HaHadashot 12,2026-04-09,,utj,7,,True,2026_main,2026,2026_main:3:18
2026_20260409_midgam,2026,Midgam,HaHadashot 12,2026-04-09,,yashar,13,,True,2026_main,2026,2026_main:3:18
2026_20260409_midgam,2026,Midgam,HaHadashot 12,2026-04-09,,yesh_atid,6,,True,2026_main,2026,2026_main:3:18
2026_20260409_midgam,2026,Midgam,HaHadashot 12,2026-04-09,,yisrael_beytenu,9,,True,2026_main,2026,2026_main:3:18
2026_20260409_midgam,2026,Midgam,HaHadashot 12,2026-04-09,,zionist_home,0,0.9,True,2026_main,2026,2026_main:3:18
2026_20260410_lazar,2026,Lazar,Maariv,2026-04-10,500.0,balad,0,1.4,True,2026_main,2026,2026_main:3:14
2026_20260410_lazar,2026,Lazar,Maariv,2026-04-10,500.0,bennett_2026,24,,True,2026_main,2026,2026_main:3:14
2026_20260410_lazar,2026,Lazar,Maariv,2026-04-10,500.0,blue_white,0,2.5,True,2026_main,2026,2026_main:3:14
2026_20260410_lazar,2026,Lazar,Maariv,2026-04-10,500.0,democrats,8,,True,2026_main,2026,2026_main:3:14
2026_20260410_lazar,2026,Lazar,Maariv,2026-04-10,500.0,hadash_taal,5,,True,2026_main,2026,2026_main:3:14
2026_20260410_lazar,2026,Lazar,Maariv,2026-04-10,500.0,likud,25,,True,2026_main,2026,2026_main:3:14
2026_20260410_lazar,2026,Lazar,Maariv,2026-04-10,500.0,otzma,8,,True,2026_main,2026,2026_main:3:14
2026_20260410_lazar,2026,Lazar,Maariv,2026-04-10,500.0,raam,5,,True,2026_main,2026,2026_main:3:14
2026_20260410_lazar,2026,Lazar,Maariv,2026-04-10,500.0,rzp,0,1.8,True,2026_main,2026,2026_main:3:14
2026_20260410_lazar,2026,Lazar,Maariv,2026-04-10,500.0,shas,9,,True,2026_main,2026,2026_main:3:14
2026_20260410_lazar,2026,Lazar,Maariv,2026-04-10,500.0,utj,7,,True,2026_main,2026,2026_main:3:14
2026_20260410_lazar,2026,Lazar,Maariv,2026-04-10,500.0,yashar,13,,True,2026_main,2026,2026_main:3:14
2026_20260410_lazar,2026,Lazar,Maariv,2026-04-10,500.0,yesh_atid,7,,True,2026_main,2026,2026_main:3:14
2026_20260410_lazar,2026,Lazar,Maariv,2026-04-10,500.0,yisrael_beytenu,9,,True,2026_main,2026,2026_main:3:14
2026_20260410_lazar,2026,Lazar,Maariv,2026-04-10,500.0,zionist_home,0,1.6,True,2026_main,2026,2026_main:3:14
2026_20260416_filber,2026,Filber,Channel 14,2026-04-16,511.0,balad+hadash_taal+raam,12,,True,2026_main,2026,2026_main:3:12
2026_20260416_filber,2026,Filber,Channel 14,2026-04-16,511.0,bennett_2026,11,,True,2026_main,2026,2026_main:3:12
2026_20260416_filber,2026,Filber,Channel 14,2026-04-16,511.0,blue_white,0,1.2,True,2026_main,2026,2026_main:3:12
2026_20260416_filber,2026,Filber,Channel 14,2026-04-16,511.0,democrats,10,,True,2026_main,2026,2026_main:3:12
2026_20260416_filber,2026,Filber,Channel 14,2026-04-16,511.0,likud,35,,True,2026_main,2026,2026_main:3:12
2026_20260416_filber,2026,Filber,Channel 14,2026-04-16,511.0,otzma,7,,True,2026_main,2026,2026_main:3:12
2026_20260416_filber,2026,Filber,Channel 14,2026-04-16,511.0,rzp,4,,True,2026_main,2026,2026_main:3:12
2026_20260416_filber,2026,Filber,Channel 14,2026-04-16,511.0,shas,11,,True,2026_main,2026,2026_main:3:12
2026_20260416_filber,2026,Filber,Channel 14,2026-04-16,511.0,utj,8,,True,2026_main,2026,2026_main:3:12
2026_20260416_filber,2026,Filber,Channel 14,2026-04-16,511.0,yashar,13,,True,2026_main,2026,2026_main:3:12
2026_20260416_filber,2026,Filber,Channel 14,2026-04-16,511.0,yesh_atid,0,2.9,True,2026_main,2026,2026_main:3:12
2026_20260416_filber,2026,Filber,Channel 14,2026-04-16,511.0,yisrael_beytenu,9,,True,2026_main,2026,2026_main:3:12
2026_20260416_kantar,2026,Kantar,Israel Hayom,2026-04-16,,bennett_2026,20,,True,2026_main,2026,2026_main:3:9
2026_20260416_kantar,2026,Kantar,Israel Hayom,2026-04-16,,democrats,9,,True,2026_main,2026,2026_main:3:9
2026_20260416_kantar,2026,Kantar,Israel Hayom,2026-04-16,,hadash_taal,6,,True,2026_main,2026,2026_main:3:9
2026_20260416_kantar,2026,Kantar,Israel Hayom,2026-04-16,,likud,26,,True,2026_main,2026,2026_main:3:9
2026_20260416_kantar,2026,Kantar,Israel Hayom,2026-04-16,,otzma,10,,True,2026_main,2026,2026_main:3:9
2026_20260416_kantar,2026,Kantar,Israel Hayom,2026-04-16,,raam,5,,True,2026_main,2026,2026_main:3:9
2026_20260416_kantar,2026,Kantar,Israel Hayom,2026-04-16,,rzp,0,2.5,True,2026_main,2026,2026_main:3:9
2026_20260416_kantar,2026,Kantar,Israel Hayom,2026-04-16,,shas,9,,True,2026_main,2026,2026_main:3:9
2026_20260416_kantar,2026,Kantar,Israel Hayom,2026-04-16,,utj,7,,True,2026_main,2026,2026_main:3:9
2026_20260416_kantar,2026,Kantar,Israel Hayom,2026-04-16,,yashar,14,,True,2026_main,2026,2026_main:3:9
2026_20260416_kantar,2026,Kantar,Israel Hayom,2026-04-16,,yesh_atid,6,,True,2026_main,2026,2026_main:3:9
2026_20260416_kantar,2026,Kantar,Israel Hayom,2026-04-16,,yisrael_beytenu,8,,True,2026_main,2026,2026_main:3:9
2026_20260416_midgam,2026,Midgam,HaHadashot 12,2026-04-16,,balad,0,1.4,True,2026_main,2026,2026_main:3:11
2026_20260416_midgam,2026,Midgam,HaHadashot 12,2026-04-16,,bennett_2026,20,,True,2026_main,2026,2026_main:3:11
2026_20260416_midgam,2026,Midgam,HaHadashot 12,2026-04-16,,blue_white,0,2.0,True,2026_main,2026,2026_main:3:11
2026_20260416_midgam,2026,Midgam,HaHadashot 12,2026-04-16,,democrats,10,,True,2026_main,2026,2026_main:3:11
2026_20260416_midgam,2026,Midgam,HaHadashot 12,2026-04-16,,hadash_taal,5,,True,2026_main,2026,2026_main:3:11
2026_20260416_midgam,2026,Midgam,HaHadashot 12,2026-04-16,,likud,25,,True,2026_main,2026,2026_main:3:11
2026_20260416_midgam,2026,Midgam,HaHadashot 12,2026-04-16,,otzma,10,,True,2026_main,2026,2026_main:3:11
2026_20260416_midgam,2026,Midgam,HaHadashot 12,2026-04-16,,raam,5,,True,2026_main,2026,2026_main:3:11
2026_20260416_midgam,2026,Midgam,HaHadashot 12,2026-04-16,,rzp,0,2.8,True,2026_main,2026,2026_main:3:11
2026_20260416_midgam,2026,Midgam,HaHadashot 12,2026-04-16,,shas,9,,True,2026_main,2026,2026_main:3:11
2026_20260416_midgam,2026,Midgam,HaHadashot 12,2026-04-16,,utj,7,,True,2026_main,2026,2026_main:3:11
2026_20260416_midgam,2026,Midgam,HaHadashot 12,2026-04-16,,yashar,14,,True,2026_main,2026,2026_main:3:11
2026_20260416_midgam,2026,Midgam,HaHadashot 12,2026-04-16,,yesh_atid,6,,True,2026_main,2026,2026_main:3:11
2026_20260416_midgam,2026,Midgam,HaHadashot 12,2026-04-16,,yisrael_beytenu,9,,True,2026_main,2026,2026_main:3:11
2026_20260416_midgam,2026,Midgam,HaHadashot 12,2026-04-16,,zionist_home,0,2.8,True,2026_main,2026,2026_main:3:11
2026_20260416_tatika,2026,Tatika,Zman Yisrael,2026-04-16,500.0,bennett_2026,16,,True,2026_main,2026,2026_main:3:10
2026_20260416_tatika,2026,Tatika,Zman Yisrael,2026-04-16,500.0,blue_white,4,,True,2026_main,2026,2026_main:3:10
2026_20260416_tatika,2026,Tatika,Zman Yisrael,2026-04-16,500.0,democrats,9,,True,2026_main,2026,2026_main:3:10
2026_20260416_tatika,2026,Tatika,Zman Yisrael,2026-04-16,500.0,hadash_taal,4,,True,2026_main,2026,2026_main:3:10
2026_20260416_tatika,2026,Tatika,Zman Yisrael,2026-04-16,500.0,likud,28,,True,2026_main,2026,2026_main:3:10
2026_20260416_tatika,2026,Tatika,Zman Yisrael,2026-04-16,500.0,otzma,6,,True,2026_main,2026,2026_main:3:10
2026_20260416_tatika,2026,Tatika,Zman Yisrael,2026-04-16,500.0,raam,5,,True,2026_main,2026,2026_main:3:10
2026_20260416_tatika,2026,Tatika,Zman Yisrael,2026-04-16,500.0,shas,9,,True,2026_main,2026,2026_main:3:10
2026_20260416_tatika,2026,Tatika,Zman Yisrael,2026-04-16,500.0,utj,8,,True,2026_main,2026,2026_main:3:10
2026_20260416_tatika,2026,Tatika,Zman Yisrael,2026-04-16,500.0,yashar,16,,True,2026_main,2026,2026_main:3:10
2026_20260416_tatika,2026,Tatika,Zman Yisrael,2026-04-16,500.0,yesh_atid,5,,True,2026_main,2026,2026_main:3:10
2026_20260416_tatika,2026,Tatika,Zman Yisrael,2026-04-16,500.0,yisrael_beytenu,10,,True,2026_main,2026,2026_main:3:10
2026_20260417_lazar,2026,Lazar,Maariv,2026-04-17,500.0,balad,0,2.0,True,2026_main,2026,2026_main:3:8
2026_20260417_lazar,2026,Lazar,Maariv,2026-04-17,500.0,bennett_2026,24,,True,2026_main,2026,2026_main:3:8
2026_20260417_lazar,2026,Lazar,Maariv,2026-04-17,500.0,blue_white,0,2.1,True,2026_main,2026,2026_main:3:8
2026_20260417_lazar,2026,Lazar,Maariv,2026-04-17,500.0,democrats,9,,True,2026_main,2026,2026_main:3:8
2026_20260417_lazar,2026,Lazar,Maariv,2026-04-17,500.0,hadash_taal,5,,True,2026_main,2026,2026_main:3:8
2026_20260417_lazar,2026,Lazar,Maariv,2026-04-17,500.0,likud,25,,True,2026_main,2026,2026_main:3:8
2026_20260417_lazar,2026,Lazar,Maariv,2026-04-17,500.0,otzma,8,,True,2026_main,2026,2026_main:3:8
2026_20260417_lazar,2026,Lazar,Maariv,2026-04-17,500.0,raam,5,,True,2026_main,2026,2026_main:3:8
2026_20260417_lazar,2026,Lazar,Maariv,2026-04-17,500.0,rzp,0,2.3,True,2026_main,2026,2026_main:3:8
2026_20260417_lazar,2026,Lazar,Maariv,2026-04-17,500.0,shas,9,,True,2026_main,2026,2026_main:3:8
2026_20260417_lazar,2026,Lazar,Maariv,2026-04-17,500.0,utj,7,,True,2026_main,2026,2026_main:3:8
2026_20260417_lazar,2026,Lazar,Maariv,2026-04-17,500.0,yashar,12,,True,2026_main,2026,2026_main:3:8
2026_20260417_lazar,2026,Lazar,Maariv,2026-04-17,500.0,yesh_atid,7,,True,2026_main,2026,2026_main:3:8
2026_20260417_lazar,2026,Lazar,Maariv,2026-04-17,500.0,yisrael_beytenu,9,,True,2026_main,2026,2026_main:3:8
2026_20260417_lazar,2026,Lazar,Maariv,2026-04-17,500.0,zionist_home,0,2.3,True,2026_main,2026,2026_main:3:8
2026_20260423_filber,2026,Filber,Channel 14,2026-04-23,958.0,balad+hadash_taal+raam,11,,True,2026_main,2026,2026_main:3:7
2026_20260423_filber,2026,Filber,Channel 14,2026-04-23,958.0,bennett_2026,10,,True,2026_main,2026,2026_main:3:7
2026_20260423_filber,2026,Filber,Channel 14,2026-04-23,958.0,blue_white,0,1.2,True,2026_main,2026,2026_main:3:7
2026_20260423_filber,2026,Filber,Channel 14,2026-04-23,958.0,democrats,8,,True,2026_main,2026,2026_main:3:7
2026_20260423_filber,2026,Filber,Channel 14,2026-04-23,958.0,likud,35,,True,2026_main,2026,2026_main:3:7
2026_20260423_filber,2026,Filber,Channel 14,2026-04-23,958.0,otzma,8,,True,2026_main,2026,2026_main:3:7
2026_20260423_filber,2026,Filber,Channel 14,2026-04-23,958.0,rzp,4,,True,2026_main,2026,2026_main:3:7
2026_20260423_filber,2026,Filber,Channel 14,2026-04-23,958.0,shas,11,,True,2026_main,2026,2026_main:3:7
2026_20260423_filber,2026,Filber,Channel 14,2026-04-23,958.0,utj,8,,True,2026_main,2026,2026_main:3:7
2026_20260423_filber,2026,Filber,Channel 14,2026-04-23,958.0,yashar,12,,True,2026_main,2026,2026_main:3:7
2026_20260423_filber,2026,Filber,Channel 14,2026-04-23,958.0,yesh_atid,4,,True,2026_main,2026,2026_main:3:7
2026_20260423_filber,2026,Filber,Channel 14,2026-04-23,958.0,yisrael_beytenu,9,,True,2026_main,2026,2026_main:3:7
2026_20260423_midgama,2026,Midgam,HaHadashot 12,2026-04-23,,balad,0,0.4,True,2026_main,2026,2026_main:3:5
2026_20260423_midgama,2026,Midgam,HaHadashot 12,2026-04-23,,bennett_2026,21,,True,2026_main,2026,2026_main:3:5
2026_20260423_midgama,2026,Midgam,HaHadashot 12,2026-04-23,,blue_white,0,0.8,True,2026_main,2026,2026_main:3:5
2026_20260423_midgama,2026,Midgam,HaHadashot 12,2026-04-23,,democrats,10,,True,2026_main,2026,2026_main:3:5
2026_20260423_midgama,2026,Midgam,HaHadashot 12,2026-04-23,,hadash_taal,5,,True,2026_main,2026,2026_main:3:5
2026_20260423_midgama,2026,Midgam,HaHadashot 12,2026-04-23,,likud,25,,True,2026_main,2026,2026_main:3:5
2026_20260423_midgama,2026,Midgam,HaHadashot 12,2026-04-23,,otzma,9,,True,2026_main,2026,2026_main:3:5
2026_20260423_midgama,2026,Midgam,HaHadashot 12,2026-04-23,,raam,5,,True,2026_main,2026,2026_main:3:5
2026_20260423_midgama,2026,Midgam,HaHadashot 12,2026-04-23,,rzp,0,2.7,True,2026_main,2026,2026_main:3:5
2026_20260423_midgama,2026,Midgam,HaHadashot 12,2026-04-23,,shas,9,,True,2026_main,2026,2026_main:3:5
2026_20260423_midgama,2026,Midgam,HaHadashot 12,2026-04-23,,utj,7,,True,2026_main,2026,2026_main:3:5
2026_20260423_midgama,2026,Midgam,HaHadashot 12,2026-04-23,,yashar,14,,True,2026_main,2026,2026_main:3:5
2026_20260423_midgama,2026,Midgam,HaHadashot 12,2026-04-23,,yesh_atid,7,,True,2026_main,2026,2026_main:3:5
2026_20260423_midgama,2026,Midgam,HaHadashot 12,2026-04-23,,yisrael_beytenu,8,,True,2026_main,2026,2026_main:3:5
2026_20260423_midgama,2026,Midgam,HaHadashot 12,2026-04-23,,zionist_home,0,1.3,True,2026_main,2026,2026_main:3:5
2026_20260423_midgamb,2026,Midgam,HaHadashot 12,2026-04-23,,balad+hadash_taal+raam,12,,False,2026_main,2026,2026_main:3:6
2026_20260423_midgamb,2026,Midgam,HaHadashot 12,2026-04-23,,bennett_2026,21,,False,2026_main,2026,2026_main:3:6
2026_20260423_midgamb,2026,Midgam,HaHadashot 12,2026-04-23,,democrats,9,,False,2026_main,2026,2026_main:3:6
2026_20260423_midgamb,2026,Midgam,HaHadashot 12,2026-04-23,,likud,24,,False,2026_main,2026,2026_main:3:6
2026_20260423_midgamb,2026,Midgam,HaHadashot 12,2026-04-23,,otzma,9,,False,2026_main,2026,2026_main:3:6
2026_20260423_midgamb,2026,Midgam,HaHadashot 12,2026-04-23,,shas,9,,False,2026_main,2026,2026_main:3:6
2026_20260423_midgamb,2026,Midgam,HaHadashot 12,2026-04-23,,utj,7,,False,2026_main,2026,2026_main:3:6
2026_20260423_midgamb,2026,Midgam,HaHadashot 12,2026-04-23,,yashar,14,,False,2026_main,2026,2026_main:3:6
2026_20260423_midgamb,2026,Midgam,HaHadashot 12,2026-04-23,,yesh_atid,6,,False,2026_main,2026,2026_main:3:6
2026_20260423_midgamb,2026,Midgam,HaHadashot 12,2026-04-23,,yisrael_beytenu,7,,False,2026_main,2026,2026_main:3:6
2026_20260424_lazar,2026,Lazar,Maariv,2026-04-24,502.0,balad,0,1.4,True,2026_main,2026,2026_main:3:4
2026_20260424_lazar,2026,Lazar,Maariv,2026-04-24,502.0,bennett_2026,24,,True,2026_main,2026,2026_main:3:4
2026_20260424_lazar,2026,Lazar,Maariv,2026-04-24,502.0,blue_white,0,1.7,True,2026_main,2026,2026_main:3:4
2026_20260424_lazar,2026,Lazar,Maariv,2026-04-24,502.0,democrats,9,,True,2026_main,2026,2026_main:3:4
2026_20260424_lazar,2026,Lazar,Maariv,2026-04-24,502.0,hadash_taal,5,,True,2026_main,2026,2026_main:3:4
2026_20260424_lazar,2026,Lazar,Maariv,2026-04-24,502.0,likud,24,,True,2026_main,2026,2026_main:3:4
2026_20260424_lazar,2026,Lazar,Maariv,2026-04-24,502.0,otzma,9,,True,2026_main,2026,2026_main:3:4
2026_20260424_lazar,2026,Lazar,Maariv,2026-04-24,502.0,raam,5,,True,2026_main,2026,2026_main:3:4
2026_20260424_lazar,2026,Lazar,Maariv,2026-04-24,502.0,rzp,0,2.8,True,2026_main,2026,2026_main:3:4
2026_20260424_lazar,2026,Lazar,Maariv,2026-04-24,502.0,shas,9,,True,2026_main,2026,2026_main:3:4
2026_20260424_lazar,2026,Lazar,Maariv,2026-04-24,502.0,utj,7,,True,2026_main,2026,2026_main:3:4
2026_20260424_lazar,2026,Lazar,Maariv,2026-04-24,502.0,yashar,12,,True,2026_main,2026,2026_main:3:4
2026_20260424_lazar,2026,Lazar,Maariv,2026-04-24,502.0,yesh_atid,7,,True,2026_main,2026,2026_main:3:4
2026_20260424_lazar,2026,Lazar,Maariv,2026-04-24,502.0,yisrael_beytenu,9,,True,2026_main,2026,2026_main:3:4
2026_20260424_lazar,2026,Lazar,Maariv,2026-04-24,502.0,zionist_home,0,2.0,True,2026_main,2026,2026_main:3:4
2026_20260426_filber,2026,Filber,Channel 14,2026-04-26,932.0,balad+hadash_taal+raam,11,,True,2026_main,2026,2026_main:2:76
2026_20260426_filber,2026,Filber,Channel 14,2026-04-26,932.0,blue_white,0,0.7,True,2026_main,2026,2026_main:2:76
2026_20260426_filber,2026,Filber,Channel 14,2026-04-26,932.0,democrats,8,,True,2026_main,2026,2026_main:2:76
2026_20260426_filber,2026,Filber,Channel 14,2026-04-26,932.0,likud,34,,True,2026_main,2026,2026_main:2:76
2026_20260426_filber,2026,Filber,Channel 14,2026-04-26,932.0,otzma,7,,True,2026_main,2026,2026_main:2:76
2026_20260426_filber,2026,Filber,Channel 14,2026-04-26,932.0,rzp,4,,True,2026_main,2026,2026_main:2:76
2026_20260426_filber,2026,Filber,Channel 14,2026-04-26,932.0,shas,11,,True,2026_main,2026,2026_main:2:76
2026_20260426_filber,2026,Filber,Channel 14,2026-04-26,932.0,together,20,,True,2026_main,2026,2026_main:2:76
2026_20260426_filber,2026,Filber,Channel 14,2026-04-26,932.0,utj,8,,True,2026_main,2026,2026_main:2:76
2026_20260426_filber,2026,Filber,Channel 14,2026-04-26,932.0,yashar,9,,True,2026_main,2026,2026_main:2:76
2026_20260426_filber,2026,Filber,Channel 14,2026-04-26,932.0,yisrael_beytenu,8,,True,2026_main,2026,2026_main:2:76
2026_20260427_directpolls,2026,Direct Polls,i24 News,2026-04-27,578.0,democrats,9,,True,2026_main,2026,2026_main:2:75
2026_20260427_directpolls,2026,Direct Polls,i24 News,2026-04-27,578.0,hadash_taal,4,,True,2026_main,2026,2026_main:2:75
2026_20260427_directpolls,2026,Direct Polls,i24 News,2026-04-27,578.0,likud,33,,True,2026_main,2026,2026_main:2:75
2026_20260427_directpolls,2026,Direct Polls,i24 News,2026-04-27,578.0,otzma,6,,True,2026_main,2026,2026_main:2:75
2026_20260427_directpolls,2026,Direct Polls,i24 News,2026-04-27,578.0,raam,7,,True,2026_main,2026,2026_main:2:75
2026_20260427_directpolls,2026,Direct Polls,i24 News,2026-04-27,578.0,rzp,4,,True,2026_main,2026,2026_main:2:75
2026_20260427_directpolls,2026,Direct Polls,i24 News,2026-04-27,578.0,shas,11,,True,2026_main,2026,2026_main:2:75
2026_20260427_directpolls,2026,Direct Polls,i24 News,2026-04-27,578.0,together,24,,True,2026_main,2026,2026_main:2:75
2026_20260427_directpolls,2026,Direct Polls,i24 News,2026-04-27,578.0,utj,8,,True,2026_main,2026,2026_main:2:75
2026_20260427_directpolls,2026,Direct Polls,i24 News,2026-04-27,578.0,yashar,8,,True,2026_main,2026,2026_main:2:75
2026_20260427_directpolls,2026,Direct Polls,i24 News,2026-04-27,578.0,yisrael_beytenu,6,,True,2026_main,2026,2026_main:2:75
2026_20260427_kantar,2026,Kantar,Kan 11,2026-04-27,555.0,balad,0,2.0,True,2026_main,2026,2026_main:2:72
2026_20260427_kantar,2026,Kantar,Kan 11,2026-04-27,555.0,blue_white,0,2.6,True,2026_main,2026,2026_main:2:72
2026_20260427_kantar,2026,Kantar,Kan 11,2026-04-27,555.0,democrats,11,,True,2026_main,2026,2026_main:2:72
2026_20260427_kantar,2026,Kantar,Kan 11,2026-04-27,555.0,hadash_taal,5,,True,2026_main,2026,2026_main:2:72
2026_20260427_kantar,2026,Kantar,Kan 11,2026-04-27,555.0,likud,27,,True,2026_main,2026,2026_main:2:72
2026_20260427_kantar,2026,Kantar,Kan 11,2026-04-27,555.0,otzma,9,,True,2026_main,2026,2026_main:2:72
2026_20260427_kantar,2026,Kantar,Kan 11,2026-04-27,555.0,raam,5,,True,2026_main,2026,2026_main:2:72
2026_20260427_kantar,2026,Kantar,Kan 11,2026-04-27,555.0,rzp,0,2.0,True,2026_main,2026,2026_main:2:72
2026_20260427_kantar,2026,Kantar,Kan 11,2026-04-27,555.0,shas,9,,True,2026_main,2026,2026_main:2:72
2026_20260427_kantar,2026,Kantar,Kan 11,2026-04-27,555.0,together,24,,True,2026_main,2026,2026_main:2:72
2026_20260427_kantar,2026,Kantar,Kan 11,2026-04-27,555.0,utj,7,,True,2026_main,2026,2026_main:2:72
2026_20260427_kantar,2026,Kantar,Kan 11,2026-04-27,555.0,yashar,15,,True,2026_main,2026,2026_main:2:72
2026_20260427_kantar,2026,Kantar,Kan 11,2026-04-27,555.0,yisrael_beytenu,8,,True,2026_main,2026,2026_main:2:72
2026_20260427_kantar,2026,Kantar,Kan 11,2026-04-27,555.0,zionist_home,0,2.3,True,2026_main,2026,2026_main:2:72
2026_20260427_lazar,2026,Lazar,Walla,2026-04-27,500.0,democrats,9,,True,2026_main,2026,2026_main:2:74
2026_20260427_lazar,2026,Lazar,Walla,2026-04-27,500.0,hadash_taal,5,,True,2026_main,2026,2026_main:2:74
2026_20260427_lazar,2026,Lazar,Walla,2026-04-27,500.0,likud,28,,True,2026_main,2026,2026_main:2:74
2026_20260427_lazar,2026,Lazar,Walla,2026-04-27,500.0,otzma,8,,True,2026_main,2026,2026_main:2:74
2026_20260427_lazar,2026,Lazar,Walla,2026-04-27,500.0,raam,5,,True,2026_main,2026,2026_main:2:74
2026_20260427_lazar,2026,Lazar,Walla,2026-04-27,500.0,shas,8,,True,2026_main,2026,2026_main:2:74
2026_20260427_lazar,2026,Lazar,Walla,2026-04-27,500.0,together,27,,True,2026_main,2026,2026_main:2:74
2026_20260427_lazar,2026,Lazar,Walla,2026-04-27,500.0,utj,7,,True,2026_main,2026,2026_main:2:74
2026_20260427_lazar,2026,Lazar,Walla,2026-04-27,500.0,yashar,15,,True,2026_main,2026,2026_main:2:74
2026_20260427_lazar,2026,Lazar,Walla,2026-04-27,500.0,yisrael_beytenu,8,,True,2026_main,2026,2026_main:2:74
2026_20260427_maagarmochot,2026,Maagar Mochot,Channel 13,2026-04-27,,balad,0,2.1,True,2026_main,2026,2026_main:2:71
2026_20260427_maagarmochot,2026,Maagar Mochot,Channel 13,2026-04-27,,blue_white,0,1.6,True,2026_main,2026,2026_main:2:71
2026_20260427_maagarmochot,2026,Maagar Mochot,Channel 13,2026-04-27,,democrats,8,,True,2026_main,2026,2026_main:2:71
2026_20260427_maagarmochot,2026,Maagar Mochot,Channel 13,2026-04-27,,hadash_taal,6,,True,2026_main,2026,2026_main:2:71
2026_20260427_maagarmochot,2026,Maagar Mochot,Channel 13,2026-04-27,,likud,26,,True,2026_main,2026,2026_main:2:71
2026_20260427_maagarmochot,2026,Maagar Mochot,Channel 13,2026-04-27,,otzma,10,,True,2026_main,2026,2026_main:2:71
2026_20260427_maagarmochot,2026,Maagar Mochot,Channel 13,2026-04-27,,raam,5,,True,2026_main,2026,2026_main:2:71
2026_20260427_maagarmochot,2026,Maagar Mochot,Channel 13,2026-04-27,,rzp,4,,True,2026_main,2026,2026_main:2:71
2026_20260427_maagarmochot,2026,Maagar Mochot,Channel 13,2026-04-27,,shas,10,,True,2026_main,2026,2026_main:2:71
2026_20260427_maagarmochot,2026,Maagar Mochot,Channel 13,2026-04-27,,together,26,,True,2026_main,2026,2026_main:2:71
2026_20260427_maagarmochot,2026,Maagar Mochot,Channel 13,2026-04-27,,utj,7,,True,2026_main,2026,2026_main:2:71
2026_20260427_maagarmochot,2026,Maagar Mochot,Channel 13,2026-04-27,,yashar,12,,True,2026_main,2026,2026_main:2:71
2026_20260427_maagarmochot,2026,Maagar Mochot,Channel 13,2026-04-27,,yisrael_beytenu,6,,True,2026_main,2026,2026_main:2:71
2026_20260427_maagarmochot,2026,Maagar Mochot,Channel 13,2026-04-27,,zionist_home,0,2.5,True,2026_main,2026,2026_main:2:71
2026_20260427_midgam,2026,Midgam,HaHadashot 12,2026-04-27,501.0,balad,0,1.8,True,2026_main,2026,2026_main:2:73
2026_20260427_midgam,2026,Midgam,HaHadashot 12,2026-04-27,501.0,blue_white,0,1.9,True,2026_main,2026,2026_main:2:73
2026_20260427_midgam,2026,Midgam,HaHadashot 12,2026-04-27,501.0,democrats,10,,True,2026_main,2026,2026_main:2:73
2026_20260427_midgam,2026,Midgam,HaHadashot 12,2026-04-27,501.0,hadash_taal,5,,True,2026_main,2026,2026_main:2:73
2026_20260427_midgam,2026,Midgam,HaHadashot 12,2026-04-27,501.0,likud,25,,True,2026_main,2026,2026_main:2:73
2026_20260427_midgam,2026,Midgam,HaHadashot 12,2026-04-27,501.0,otzma,9,,True,2026_main,2026,2026_main:2:73
2026_20260427_midgam,2026,Midgam,HaHadashot 12,2026-04-27,501.0,raam,5,,True,2026_main,2026,2026_main:2:73
2026_20260427_midgam,2026,Midgam,HaHadashot 12,2026-04-27,501.0,rzp,0,2.9,True,2026_main,2026,2026_main:2:73
2026_20260427_midgam,2026,Midgam,HaHadashot 12,2026-04-27,501.0,shas,9,,True,2026_main,2026,2026_main:2:73
2026_20260427_midgam,2026,Midgam,HaHadashot 12,2026-04-27,501.0,together,26,,True,2026_main,2026,2026_main:2:73
2026_20260427_midgam,2026,Midgam,HaHadashot 12,2026-04-27,501.0,utj,7,,True,2026_main,2026,2026_main:2:73
2026_20260427_midgam,2026,Midgam,HaHadashot 12,2026-04-27,501.0,yashar,15,,True,2026_main,2026,2026_main:2:73
2026_20260427_midgam,2026,Midgam,HaHadashot 12,2026-04-27,501.0,yisrael_beytenu,9,,True,2026_main,2026,2026_main:2:73
2026_20260427_midgam,2026,Midgam,HaHadashot 12,2026-04-27,501.0,zionist_home,0,1.9,True,2026_main,2026,2026_main:2:73
2026_20260430_kantar,2026,Kantar,Israel Hayom,2026-04-30,,balad,0,1.9,True,2026_main,2026,2026_main:2:68
2026_20260430_kantar,2026,Kantar,Israel Hayom,2026-04-30,,blue_white,0,1.6,True,2026_main,2026,2026_main:2:68
2026_20260430_kantar,2026,Kantar,Israel Hayom,2026-04-30,,democrats,9,,True,2026_main,2026,2026_main:2:68
2026_20260430_kantar,2026,Kantar,Israel Hayom,2026-04-30,,hadash_taal,6,,True,2026_main,2026,2026_main:2:68
2026_20260430_kantar,2026,Kantar,Israel Hayom,2026-04-30,,likud,28,,True,2026_main,2026,2026_main:2:68
2026_20260430_kantar,2026,Kantar,Israel Hayom,2026-04-30,,otzma,9,,True,2026_main,2026,2026_main:2:68
2026_20260430_kantar,2026,Kantar,Israel Hayom,2026-04-30,,raam,5,,True,2026_main,2026,2026_main:2:68
2026_20260430_kantar,2026,Kantar,Israel Hayom,2026-04-30,,rzp,0,2.7,True,2026_main,2026,2026_main:2:68
2026_20260430_kantar,2026,Kantar,Israel Hayom,2026-04-30,,shas,8,,True,2026_main,2026,2026_main:2:68
2026_20260430_kantar,2026,Kantar,Israel Hayom,2026-04-30,,together,23,,True,2026_main,2026,2026_main:2:68
2026_20260430_kantar,2026,Kantar,Israel Hayom,2026-04-30,,utj,7,,True,2026_main,2026,2026_main:2:68
2026_20260430_kantar,2026,Kantar,Israel Hayom,2026-04-30,,yashar,16,,True,2026_main,2026,2026_main:2:68
2026_20260430_kantar,2026,Kantar,Israel Hayom,2026-04-30,,yisrael_beytenu,9,,True,2026_main,2026,2026_main:2:68
2026_20260430_kantar,2026,Kantar,Israel Hayom,2026-04-30,,zionist_home,0,2.6,True,2026_main,2026,2026_main:2:68
2026_20260430_lazar,2026,Lazar,Maariv,2026-04-30,501.0,balad,0,1.4,True,2026_main,2026,2026_main:2:70
2026_20260430_lazar,2026,Lazar,Maariv,2026-04-30,501.0,blue_white,0,1.4,True,2026_main,2026,2026_main:2:70
2026_20260430_lazar,2026,Lazar,Maariv,2026-04-30,501.0,democrats,10,,True,2026_main,2026,2026_main:2:70
2026_20260430_lazar,2026,Lazar,Maariv,2026-04-30,501.0,hadash_taal,5,,True,2026_main,2026,2026_main:2:70
2026_20260430_lazar,2026,Lazar,Maariv,2026-04-30,501.0,likud,26,,True,2026_main,2026,2026_main:2:70
2026_20260430_lazar,2026,Lazar,Maariv,2026-04-30,501.0,otzma,9,,True,2026_main,2026,2026_main:2:70
2026_20260430_lazar,2026,Lazar,Maariv,2026-04-30,501.0,raam,5,,True,2026_main,2026,2026_main:2:70
2026_20260430_lazar,2026,Lazar,Maariv,2026-04-30,501.0,rzp,0,1.5,True,2026_main,2026,2026_main:2:70
2026_20260430_lazar,2026,Lazar,Maariv,2026-04-30,501.0,shas,8,,True,2026_main,2026,2026_main:2:70
2026_20260430_lazar,2026,Lazar,Maariv,2026-04-30,501.0,together,28,,True,2026_main,2026,2026_main:2:70
2026_20260430_lazar,2026,Lazar,Maariv,2026-04-30,501.0,utj,7,,True,2026_main,2026,2026_main:2:70
2026_20260430_lazar,2026,Lazar,Maariv,2026-04-30,501.0,yashar,14,,True,2026_main,2026,2026_main:2:70
2026_20260430_lazar,2026,Lazar,Maariv,2026-04-30,501.0,yisrael_beytenu,8,,True,2026_main,2026,2026_main:2:70
2026_20260430_lazar,2026,Lazar,Maariv,2026-04-30,501.0,zionist_home,0,2.8,True,2026_main,2026,2026_main:2:70
2026_20260430_tatika,2026,Tatika,Zman Yisrael,2026-04-30,500.0,democrats,8,,True,2026_main,2026,2026_main:2:69
2026_20260430_tatika,2026,Tatika,Zman Yisrael,2026-04-30,500.0,hadash_taal,4,,True,2026_main,2026,2026_main:2:69
2026_20260430_tatika,2026,Tatika,Zman Yisrael,2026-04-30,500.0,likud,26,,True,2026_main,2026,2026_main:2:69
2026_20260430_tatika,2026,Tatika,Zman Yisrael,2026-04-30,500.0,otzma,7,,True,2026_main,2026,2026_main:2:69
2026_20260430_tatika,2026,Tatika,Zman Yisrael,2026-04-30,500.0,raam,5,,True,2026_main,2026,2026_main:2:69
2026_20260430_tatika,2026,Tatika,Zman Yisrael,2026-04-30,500.0,shas,9,,True,2026_main,2026,2026_main:2:69
2026_20260430_tatika,2026,Tatika,Zman Yisrael,2026-04-30,500.0,together,28,,True,2026_main,2026,2026_main:2:69
2026_20260430_tatika,2026,Tatika,Zman Yisrael,2026-04-30,500.0,utj,8,,True,2026_main,2026,2026_main:2:69
2026_20260430_tatika,2026,Tatika,Zman Yisrael,2026-04-30,500.0,yashar,15,,True,2026_main,2026,2026_main:2:69
2026_20260430_tatika,2026,Tatika,Zman Yisrael,2026-04-30,500.0,yisrael_beytenu,10,,True,2026_main,2026,2026_main:2:69
2026_20260507_filber,2026,Filber,Channel 14,2026-05-07,721.0,balad,0,2.1,True,2026_main,2026,2026_main:2:65
2026_20260507_filber,2026,Filber,Channel 14,2026-05-07,721.0,blue_white,0,1.8,True,2026_main,2026,2026_main:2:65
2026_20260507_filber,2026,Filber,Channel 14,2026-05-07,721.0,democrats,8,,True,2026_main,2026,2026_main:2:65
2026_20260507_filber,2026,Filber,Channel 14,2026-05-07,721.0,hadash_taal,5,,True,2026_main,2026,2026_main:2:65
2026_20260507_filber,2026,Filber,Channel 14,2026-05-07,721.0,likud,34,,True,2026_main,2026,2026_main:2:65
2026_20260507_filber,2026,Filber,Channel 14,2026-05-07,721.0,otzma,8,,True,2026_main,2026,2026_main:2:65
2026_20260507_filber,2026,Filber,Channel 14,2026-05-07,721.0,raam,5,,True,2026_main,2026,2026_main:2:65
2026_20260507_filber,2026,Filber,Channel 14,2026-05-07,721.0,rzp,5,,True,2026_main,2026,2026_main:2:65
2026_20260507_filber,2026,Filber,Channel 14,2026-05-07,721.0,shas,10,,True,2026_main,2026,2026_main:2:65
2026_20260507_filber,2026,Filber,Channel 14,2026-05-07,721.0,together,16,,True,2026_main,2026,2026_main:2:65
2026_20260507_filber,2026,Filber,Channel 14,2026-05-07,721.0,utj,8,,True,2026_main,2026,2026_main:2:65
2026_20260507_filber,2026,Filber,Channel 14,2026-05-07,721.0,yashar,13,,True,2026_main,2026,2026_main:2:65
2026_20260507_filber,2026,Filber,Channel 14,2026-05-07,721.0,yisrael_beytenu,8,,True,2026_main,2026,2026_main:2:65
2026_20260507_lazar,2026,Lazar,Maariv,2026-05-07,503.0,balad,0,1.8,True,2026_main,2026,2026_main:2:67
2026_20260507_lazar,2026,Lazar,Maariv,2026-05-07,503.0,blue_white,0,1.9,True,2026_main,2026,2026_main:2:67
2026_20260507_lazar,2026,Lazar,Maariv,2026-05-07,503.0,democrats,10,,True,2026_main,2026,2026_main:2:67
2026_20260507_lazar,2026,Lazar,Maariv,2026-05-07,503.0,hadash_taal,5,,True,2026_main,2026,2026_main:2:67
2026_20260507_lazar,2026,Lazar,Maariv,2026-05-07,503.0,likud,26,,True,2026_main,2026,2026_main:2:67
2026_20260507_lazar,2026,Lazar,Maariv,2026-05-07,503.0,otzma,9,,True,2026_main,2026,2026_main:2:67
2026_20260507_lazar,2026,Lazar,Maariv,2026-05-07,503.0,raam,5,,True,2026_main,2026,2026_main:2:67
2026_20260507_lazar,2026,Lazar,Maariv,2026-05-07,503.0,rzp,0,2.5,True,2026_main,2026,2026_main:2:67
2026_20260507_lazar,2026,Lazar,Maariv,2026-05-07,503.0,shas,8,,True,2026_main,2026,2026_main:2:67
2026_20260507_lazar,2026,Lazar,Maariv,2026-05-07,503.0,together,26,,True,2026_main,2026,2026_main:2:67
2026_20260507_lazar,2026,Lazar,Maariv,2026-05-07,503.0,utj,7,,True,2026_main,2026,2026_main:2:67
2026_20260507_lazar,2026,Lazar,Maariv,2026-05-07,503.0,yashar,15,,True,2026_main,2026,2026_main:2:67
2026_20260507_lazar,2026,Lazar,Maariv,2026-05-07,503.0,yisrael_beytenu,9,,True,2026_main,2026,2026_main:2:67
2026_20260507_lazar,2026,Lazar,Maariv,2026-05-07,503.0,zionist_home,0,2.6,True,2026_main,2026,2026_main:2:67
2026_20260507_midgam,2026,Midgam,HaHadashot 12,2026-05-07,503.0,balad,0,0.8,True,2026_main,2026,2026_main:2:64
2026_20260507_midgam,2026,Midgam,HaHadashot 12,2026-05-07,503.0,blue_white,0,1.5,True,2026_main,2026,2026_main:2:64
2026_20260507_midgam,2026,Midgam,HaHadashot 12,2026-05-07,503.0,democrats,11,,True,2026_main,2026,2026_main:2:64
2026_20260507_midgam,2026,Midgam,HaHadashot 12,2026-05-07,503.0,hadash_taal,5,,True,2026_main,2026,2026_main:2:64
2026_20260507_midgam,2026,Midgam,HaHadashot 12,2026-05-07,503.0,likud,25,,True,2026_main,2026,2026_main:2:64
2026_20260507_midgam,2026,Midgam,HaHadashot 12,2026-05-07,503.0,otzma,9,,True,2026_main,2026,2026_main:2:64
2026_20260507_midgam,2026,Midgam,HaHadashot 12,2026-05-07,503.0,raam,5,,True,2026_main,2026,2026_main:2:64
2026_20260507_midgam,2026,Midgam,HaHadashot 12,2026-05-07,503.0,rzp,0,2.9,True,2026_main,2026,2026_main:2:64
2026_20260507_midgam,2026,Midgam,HaHadashot 12,2026-05-07,503.0,shas,9,,True,2026_main,2026,2026_main:2:64
2026_20260507_midgam,2026,Midgam,HaHadashot 12,2026-05-07,503.0,together,25,,True,2026_main,2026,2026_main:2:64
2026_20260507_midgam,2026,Midgam,HaHadashot 12,2026-05-07,503.0,utj,8,,True,2026_main,2026,2026_main:2:64
2026_20260507_midgam,2026,Midgam,HaHadashot 12,2026-05-07,503.0,yashar,14,,True,2026_main,2026,2026_main:2:64
2026_20260507_midgam,2026,Midgam,HaHadashot 12,2026-05-07,503.0,yisrael_beytenu,9,,True,2026_main,2026,2026_main:2:64
2026_20260507_midgam,2026,Midgam,HaHadashot 12,2026-05-07,503.0,zionist_home,0,1.0,True,2026_main,2026,2026_main:2:64
2026_20260507_tatika,2026,Tatika,Zman Yisrael,2026-05-07,500.0,blue_white,4,,True,2026_main,2026,2026_main:2:66
2026_20260507_tatika,2026,Tatika,Zman Yisrael,2026-05-07,500.0,democrats,8,,True,2026_main,2026,2026_main:2:66
2026_20260507_tatika,2026,Tatika,Zman Yisrael,2026-05-07,500.0,hadash_taal,4,,True,2026_main,2026,2026_main:2:66
2026_20260507_tatika,2026,Tatika,Zman Yisrael,2026-05-07,500.0,likud,26,,True,2026_main,2026,2026_main:2:66
2026_20260507_tatika,2026,Tatika,Zman Yisrael,2026-05-07,500.0,otzma,7,,True,2026_main,2026,2026_main:2:66
2026_20260507_tatika,2026,Tatika,Zman Yisrael,2026-05-07,500.0,raam,5,,True,2026_main,2026,2026_main:2:66
2026_20260507_tatika,2026,Tatika,Zman Yisrael,2026-05-07,500.0,shas,9,,True,2026_main,2026,2026_main:2:66
2026_20260507_tatika,2026,Tatika,Zman Yisrael,2026-05-07,500.0,together,26,,True,2026_main,2026,2026_main:2:66
2026_20260507_tatika,2026,Tatika,Zman Yisrael,2026-05-07,500.0,utj,8,,True,2026_main,2026,2026_main:2:66
2026_20260507_tatika,2026,Tatika,Zman Yisrael,2026-05-07,500.0,yashar,14,,True,2026_main,2026,2026_main:2:66
2026_20260507_tatika,2026,Tatika,Zman Yisrael,2026-05-07,500.0,yisrael_beytenu,9,,True,2026_main,2026,2026_main:2:66
2026_20260512_kantar,2026,Kantar,Kan 11,2026-05-12,557.0,democrats,10,,True,2026_main,2026,2026_main:2:62
2026_20260512_kantar,2026,Kantar,Kan 11,2026-05-12,557.0,hadash_taal,5,,True,2026_main,2026,2026_main:2:62
2026_20260512_kantar,2026,Kantar,Kan 11,2026-05-12,557.0,likud,26,,True,2026_main,2026,2026_main:2:62
2026_20260512_kantar,2026,Kantar,Kan 11,2026-05-12,557.0,otzma,9,,True,2026_main,2026,2026_main:2:62
2026_20260512_kantar,2026,Kantar,Kan 11,2026-05-12,557.0,raam,5,,True,2026_main,2026,2026_main:2:62
2026_20260512_kantar,2026,Kantar,Kan 11,2026-05-12,557.0,shas,9,,True,2026_main,2026,2026_main:2:62
2026_20260512_kantar,2026,Kantar,Kan 11,2026-05-12,557.0,together,25,,True,2026_main,2026,2026_main:2:62
2026_20260512_kantar,2026,Kantar,Kan 11,2026-05-12,557.0,utj,7,,True,2026_main,2026,2026_main:2:62
2026_20260512_kantar,2026,Kantar,Kan 11,2026-05-12,557.0,yashar,15,,True,2026_main,2026,2026_main:2:62
2026_20260512_kantar,2026,Kantar,Kan 11,2026-05-12,557.0,yisrael_beytenu,9,,True,2026_main,2026,2026_main:2:62
2026_20260513_kantar,2026,Kantar,Israel Hayom,2026-05-13,,balad,0,1.8,True,2026_main,2026,2026_main:2:61
2026_20260513_kantar,2026,Kantar,Israel Hayom,2026-05-13,,blue_white,0,2.7,True,2026_main,2026,2026_main:2:61
2026_20260513_kantar,2026,Kantar,Israel Hayom,2026-05-13,,democrats,10,,True,2026_main,2026,2026_main:2:61
2026_20260513_kantar,2026,Kantar,Israel Hayom,2026-05-13,,hadash_taal,6,,True,2026_main,2026,2026_main:2:61
2026_20260513_kantar,2026,Kantar,Israel Hayom,2026-05-13,,likud,26,,True,2026_main,2026,2026_main:2:61
2026_20260513_kantar,2026,Kantar,Israel Hayom,2026-05-13,,otzma,9,,True,2026_main,2026,2026_main:2:61
2026_20260513_kantar,2026,Kantar,Israel Hayom,2026-05-13,,raam,5,,True,2026_main,2026,2026_main:2:61
2026_20260513_kantar,2026,Kantar,Israel Hayom,2026-05-13,,rzp,0,2.9,True,2026_main,2026,2026_main:2:61
2026_20260513_kantar,2026,Kantar,Israel Hayom,2026-05-13,,shas,9,,True,2026_main,2026,2026_main:2:61
2026_20260513_kantar,2026,Kantar,Israel Hayom,2026-05-13,,together,24,,True,2026_main,2026,2026_main:2:61
2026_20260513_kantar,2026,Kantar,Israel Hayom,2026-05-13,,utj,7,,True,2026_main,2026,2026_main:2:61
2026_20260513_kantar,2026,Kantar,Israel Hayom,2026-05-13,,yashar,16,,True,2026_main,2026,2026_main:2:61
2026_20260513_kantar,2026,Kantar,Israel Hayom,2026-05-13,,yisrael_beytenu,8,,True,2026_main,2026,2026_main:2:61
2026_20260513_kantar,2026,Kantar,Israel Hayom,2026-05-13,,zionist_home,0,3.0,True,2026_main,2026,2026_main:2:61
2026_20260513_lazar,2026,Lazar,Maariv,2026-05-13,502.0,balad,0,1.4,True,2026_main,2026,2026_main:2:63
2026_20260513_lazar,2026,Lazar,Maariv,2026-05-13,502.0,blue_white,0,2.1,True,2026_main,2026,2026_main:2:63
2026_20260513_lazar,2026,Lazar,Maariv,2026-05-13,502.0,democrats,10,,True,2026_main,2026,2026_main:2:63
2026_20260513_lazar,2026,Lazar,Maariv,2026-05-13,502.0,hadash_taal,5,,True,2026_main,2026,2026_main:2:63
2026_20260513_lazar,2026,Lazar,Maariv,2026-05-13,502.0,likud,25,,True,2026_main,2026,2026_main:2:63
2026_20260513_lazar,2026,Lazar,Maariv,2026-05-13,502.0,otzma,8,,True,2026_main,2026,2026_main:2:63
2026_20260513_lazar,2026,Lazar,Maariv,2026-05-13,502.0,raam,5,,True,2026_main,2026,2026_main:2:63
2026_20260513_lazar,2026,Lazar,Maariv,2026-05-13,502.0,rzp,0,2.1,True,2026_main,2026,2026_main:2:63
2026_20260513_lazar,2026,Lazar,Maariv,2026-05-13,502.0,shas,9,,True,2026_main,2026,2026_main:2:63
2026_20260513_lazar,2026,Lazar,Maariv,2026-05-13,502.0,together,26,,True,2026_main,2026,2026_main:2:63
2026_20260513_lazar,2026,Lazar,Maariv,2026-05-13,502.0,utj,7,,True,2026_main,2026,2026_main:2:63
2026_20260513_lazar,2026,Lazar,Maariv,2026-05-13,502.0,yashar,16,,True,2026_main,2026,2026_main:2:63
2026_20260513_lazar,2026,Lazar,Maariv,2026-05-13,502.0,yisrael_beytenu,9,,True,2026_main,2026,2026_main:2:63
2026_20260513_lazar,2026,Lazar,Maariv,2026-05-13,502.0,zionist_home,0,2.6,True,2026_main,2026,2026_main:2:63
2026_20260513_maagarmochot,2026,Maagar Mochot,Channel 13,2026-05-13,,democrats,9,,True,2026_main,2026,2026_main:2:60
2026_20260513_maagarmochot,2026,Maagar Mochot,Channel 13,2026-05-13,,hadash_taal,5,,True,2026_main,2026,2026_main:2:60
2026_20260513_maagarmochot,2026,Maagar Mochot,Channel 13,2026-05-13,,likud,25,,True,2026_main,2026,2026_main:2:60
2026_20260513_maagarmochot,2026,Maagar Mochot,Channel 13,2026-05-13,,otzma,10,,True,2026_main,2026,2026_main:2:60
2026_20260513_maagarmochot,2026,Maagar Mochot,Channel 13,2026-05-13,,raam,5,,True,2026_main,2026,2026_main:2:60
2026_20260513_maagarmochot,2026,Maagar Mochot,Channel 13,2026-05-13,,rzp,4,,True,2026_main,2026,2026_main:2:60
2026_20260513_maagarmochot,2026,Maagar Mochot,Channel 13,2026-05-13,,shas,10,,True,2026_main,2026,2026_main:2:60
2026_20260513_maagarmochot,2026,Maagar Mochot,Channel 13,2026-05-13,,together,26,,True,2026_main,2026,2026_main:2:60
2026_20260513_maagarmochot,2026,Maagar Mochot,Channel 13,2026-05-13,,utj,7,,True,2026_main,2026,2026_main:2:60
2026_20260513_maagarmochot,2026,Maagar Mochot,Channel 13,2026-05-13,,yashar,12,,True,2026_main,2026,2026_main:2:60
2026_20260513_maagarmochot,2026,Maagar Mochot,Channel 13,2026-05-13,,yisrael_beytenu,7,,True,2026_main,2026,2026_main:2:60
2026_20260514_filber,2026,Filber,Channel 14,2026-05-14,436.0,balad,0,2.1,True,2026_main,2026,2026_main:2:58
2026_20260514_filber,2026,Filber,Channel 14,2026-05-14,436.0,blue_white,0,2.3,True,2026_main,2026,2026_main:2:58
2026_20260514_filber,2026,Filber,Channel 14,2026-05-14,436.0,democrats,9,,True,2026_main,2026,2026_main:2:58
2026_20260514_filber,2026,Filber,Channel 14,2026-05-14,436.0,hadash_taal,5,,True,2026_main,2026,2026_main:2:58
2026_20260514_filber,2026,Filber,Channel 14,2026-05-14,436.0,likud,33,,True,2026_main,2026,2026_main:2:58
2026_20260514_filber,2026,Filber,Channel 14,2026-05-14,436.0,otzma,8,,True,2026_main,2026,2026_main:2:58
2026_20260514_filber,2026,Filber,Channel 14,2026-05-14,436.0,raam,6,,True,2026_main,2026,2026_main:2:58
2026_20260514_filber,2026,Filber,Channel 14,2026-05-14,436.0,rzp,5,,True,2026_main,2026,2026_main:2:58
2026_20260514_filber,2026,Filber,Channel 14,2026-05-14,436.0,shas,10,,True,2026_main,2026,2026_main:2:58
2026_20260514_filber,2026,Filber,Channel 14,2026-05-14,436.0,together,16,,True,2026_main,2026,2026_main:2:58
2026_20260514_filber,2026,Filber,Channel 14,2026-05-14,436.0,utj,7,,True,2026_main,2026,2026_main:2:58
2026_20260514_filber,2026,Filber,Channel 14,2026-05-14,436.0,yashar,14,,True,2026_main,2026,2026_main:2:58
2026_20260514_filber,2026,Filber,Channel 14,2026-05-14,436.0,yisrael_beytenu,7,,True,2026_main,2026,2026_main:2:58
2026_20260514_midgam,2026,Midgam,HaHadashot 12,2026-05-14,506.0,balad,0,1.9,True,2026_main,2026,2026_main:2:56
2026_20260514_midgam,2026,Midgam,HaHadashot 12,2026-05-14,506.0,blue_white,0,2.7,True,2026_main,2026,2026_main:2:56
2026_20260514_midgam,2026,Midgam,HaHadashot 12,2026-05-14,506.0,democrats,10,,True,2026_main,2026,2026_main:2:56
2026_20260514_midgam,2026,Midgam,HaHadashot 12,2026-05-14,506.0,hadash_taal,5,,True,2026_main,2026,2026_main:2:56
2026_20260514_midgam,2026,Midgam,HaHadashot 12,2026-05-14,506.0,likud,26,,True,2026_main,2026,2026_main:2:56
2026_20260514_midgam,2026,Midgam,HaHadashot 12,2026-05-14,506.0,otzma,9,,True,2026_main,2026,2026_main:2:56
2026_20260514_midgam,2026,Midgam,HaHadashot 12,2026-05-14,506.0,raam,5,,True,2026_main,2026,2026_main:2:56
2026_20260514_midgam,2026,Midgam,HaHadashot 12,2026-05-14,506.0,rzp,0,2.8,True,2026_main,2026,2026_main:2:56
2026_20260514_midgam,2026,Midgam,HaHadashot 12,2026-05-14,506.0,shas,9,,True,2026_main,2026,2026_main:2:56
2026_20260514_midgam,2026,Midgam,HaHadashot 12,2026-05-14,506.0,together,24,,True,2026_main,2026,2026_main:2:56
2026_20260514_midgam,2026,Midgam,HaHadashot 12,2026-05-14,506.0,utj,8,,True,2026_main,2026,2026_main:2:56
2026_20260514_midgam,2026,Midgam,HaHadashot 12,2026-05-14,506.0,yashar,15,,True,2026_main,2026,2026_main:2:56
2026_20260514_midgam,2026,Midgam,HaHadashot 12,2026-05-14,506.0,yisrael_beytenu,9,,True,2026_main,2026,2026_main:2:56
2026_20260514_midgam,2026,Midgam,HaHadashot 12,2026-05-14,506.0,zionist_home,0,1.0,True,2026_main,2026,2026_main:2:56
2026_20260514_tatika,2026,Tatika,Zman Yisrael,2026-05-14,500.0,democrats,8,,True,2026_main,2026,2026_main:2:57
2026_20260514_tatika,2026,Tatika,Zman Yisrael,2026-05-14,500.0,hadash_taal,4,,True,2026_main,2026,2026_main:2:57
2026_20260514_tatika,2026,Tatika,Zman Yisrael,2026-05-14,500.0,likud,24,,True,2026_main,2026,2026_main:2:57
2026_20260514_tatika,2026,Tatika,Zman Yisrael,2026-05-14,500.0,otzma,8,,True,2026_main,2026,2026_main:2:57
2026_20260514_tatika,2026,Tatika,Zman Yisrael,2026-05-14,500.0,raam,6,,True,2026_main,2026,2026_main:2:57
2026_20260514_tatika,2026,Tatika,Zman Yisrael,2026-05-14,500.0,rzp,4,,True,2026_main,2026,2026_main:2:57
2026_20260514_tatika,2026,Tatika,Zman Yisrael,2026-05-14,500.0,shas,9,,True,2026_main,2026,2026_main:2:57
2026_20260514_tatika,2026,Tatika,Zman Yisrael,2026-05-14,500.0,together,24,,True,2026_main,2026,2026_main:2:57
2026_20260514_tatika,2026,Tatika,Zman Yisrael,2026-05-14,500.0,utj,8,,True,2026_main,2026,2026_main:2:57
2026_20260514_tatika,2026,Tatika,Zman Yisrael,2026-05-14,500.0,yashar,15,,True,2026_main,2026,2026_main:2:57
2026_20260514_tatika,2026,Tatika,Zman Yisrael,2026-05-14,500.0,yisrael_beytenu,10,,True,2026_main,2026,2026_main:2:57
2026_20260519_directpolls,2026,Direct Polls,i24 News,2026-05-19,546.0,balad,0,1.8,True,2026_main,2026,2026_main:2:54
2026_20260519_directpolls,2026,Direct Polls,i24 News,2026-05-19,546.0,blue_white,0,1.0,True,2026_main,2026,2026_main:2:54
2026_20260519_directpolls,2026,Direct Polls,i24 News,2026-05-19,546.0,democrats,9,,True,2026_main,2026,2026_main:2:54
2026_20260519_directpolls,2026,Direct Polls,i24 News,2026-05-19,546.0,hadash_taal,5,,True,2026_main,2026,2026_main:2:54
2026_20260519_directpolls,2026,Direct Polls,i24 News,2026-05-19,546.0,likud,30,,True,2026_main,2026,2026_main:2:54
2026_20260519_directpolls,2026,Direct Polls,i24 News,2026-05-19,546.0,otzma,8,,True,2026_main,2026,2026_main:2:54
2026_20260519_directpolls,2026,Direct Polls,i24 News,2026-05-19,546.0,raam,6,,True,2026_main,2026,2026_main:2:54
2026_20260519_directpolls,2026,Direct Polls,i24 News,2026-05-19,546.0,rzp,4,,True,2026_main,2026,2026_main:2:54
2026_20260519_directpolls,2026,Direct Polls,i24 News,2026-05-19,546.0,shas,10,,True,2026_main,2026,2026_main:2:54
2026_20260519_directpolls,2026,Direct Polls,i24 News,2026-05-19,546.0,together,15,,True,2026_main,2026,2026_main:2:54
2026_20260519_directpolls,2026,Direct Polls,i24 News,2026-05-19,546.0,utj,8,,True,2026_main,2026,2026_main:2:54
2026_20260519_directpolls,2026,Direct Polls,i24 News,2026-05-19,546.0,yashar,17,,True,2026_main,2026,2026_main:2:54
2026_20260519_directpolls,2026,Direct Polls,i24 News,2026-05-19,546.0,yisrael_beytenu,8,,True,2026_main,2026,2026_main:2:54
2026_20260519_directpolls,2026,Direct Polls,i24 News,2026-05-19,546.0,zionist_home,0,1.0,True,2026_main,2026,2026_main:2:54
2026_20260520_kantara,2026,Kantar,Kan 11,2026-05-20,551.0,democrats,10,,True,2026_main,2026,2026_main:2:50
2026_20260520_kantara,2026,Kantar,Kan 11,2026-05-20,551.0,hadash_taal,5,,True,2026_main,2026,2026_main:2:50
2026_20260520_kantara,2026,Kantar,Kan 11,2026-05-20,551.0,likud,27,,True,2026_main,2026,2026_main:2:50
2026_20260520_kantara,2026,Kantar,Kan 11,2026-05-20,551.0,otzma,9,,True,2026_main,2026,2026_main:2:50
2026_20260520_kantara,2026,Kantar,Kan 11,2026-05-20,551.0,raam,5,,True,2026_main,2026,2026_main:2:50
2026_20260520_kantara,2026,Kantar,Kan 11,2026-05-20,551.0,shas,9,,True,2026_main,2026,2026_main:2:50
2026_20260520_kantara,2026,Kantar,Kan 11,2026-05-20,551.0,together,23,,True,2026_main,2026,2026_main:2:50
2026_20260520_kantara,2026,Kantar,Kan 11,2026-05-20,551.0,utj,8,,True,2026_main,2026,2026_main:2:50
2026_20260520_kantara,2026,Kantar,Kan 11,2026-05-20,551.0,yashar,16,,True,2026_main,2026,2026_main:2:50
2026_20260520_kantara,2026,Kantar,Kan 11,2026-05-20,551.0,yisrael_beytenu,8,,True,2026_main,2026,2026_main:2:50
2026_20260520_kantarb,2026,Kantar,Kan 11,2026-05-20,551.0,balad+hadash_taal+raam,13,,True,2026_main,2026,2026_main:2:51
2026_20260520_kantarb,2026,Kantar,Kan 11,2026-05-20,551.0,democrats,9,,True,2026_main,2026,2026_main:2:51
2026_20260520_kantarb,2026,Kantar,Kan 11,2026-05-20,551.0,likud,27,,True,2026_main,2026,2026_main:2:51
2026_20260520_kantarb,2026,Kantar,Kan 11,2026-05-20,551.0,otzma,9,,True,2026_main,2026,2026_main:2:51
2026_20260520_kantarb,2026,Kantar,Kan 11,2026-05-20,551.0,shas,9,,True,2026_main,2026,2026_main:2:51
2026_20260520_kantarb,2026,Kantar,Kan 11,2026-05-20,551.0,together,22,,True,2026_main,2026,2026_main:2:51
2026_20260520_kantarb,2026,Kantar,Kan 11,2026-05-20,551.0,utj,8,,True,2026_main,2026,2026_main:2:51
2026_20260520_kantarb,2026,Kantar,Kan 11,2026-05-20,551.0,yashar,15,,True,2026_main,2026,2026_main:2:51
2026_20260520_kantarb,2026,Kantar,Kan 11,2026-05-20,551.0,yisrael_beytenu,8,,True,2026_main,2026,2026_main:2:51
2026_20260520_lazar,2026,Lazar,Maariv,2026-05-20,500.0,balad,0,1.5,True,2026_main,2026,2026_main:2:53
2026_20260520_lazar,2026,Lazar,Maariv,2026-05-20,500.0,blue_white,0,1.5,True,2026_main,2026,2026_main:2:53
2026_20260520_lazar,2026,Lazar,Maariv,2026-05-20,500.0,democrats,10,,True,2026_main,2026,2026_main:2:53
2026_20260520_lazar,2026,Lazar,Maariv,2026-05-20,500.0,hadash_taal,5,,True,2026_main,2026,2026_main:2:53
2026_20260520_lazar,2026,Lazar,Maariv,2026-05-20,500.0,likud,24,,True,2026_main,2026,2026_main:2:53
2026_20260520_lazar,2026,Lazar,Maariv,2026-05-20,500.0,otzma,8,,True,2026_main,2026,2026_main:2:53
2026_20260520_lazar,2026,Lazar,Maariv,2026-05-20,500.0,raam,5,,True,2026_main,2026,2026_main:2:53
2026_20260520_lazar,2026,Lazar,Maariv,2026-05-20,500.0,rzp,4,,True,2026_main,2026,2026_main:2:53
2026_20260520_lazar,2026,Lazar,Maariv,2026-05-20,500.0,shas,8,,True,2026_main,2026,2026_main:2:53
2026_20260520_lazar,2026,Lazar,Maariv,2026-05-20,500.0,together,25,,True,2026_main,2026,2026_main:2:53
2026_20260520_lazar,2026,Lazar,Maariv,2026-05-20,500.0,utj,7,,True,2026_main,2026,2026_main:2:53
2026_20260520_lazar,2026,Lazar,Maariv,2026-05-20,500.0,yashar,15,,True,2026_main,2026,2026_main:2:53
2026_20260520_lazar,2026,Lazar,Maariv,2026-05-20,500.0,yisrael_beytenu,9,,True,2026_main,2026,2026_main:2:53
2026_20260520_lazar,2026,Lazar,Maariv,2026-05-20,500.0,zionist_home,0,1.4,True,2026_main,2026,2026_main:2:53
2026_20260520_midgam,2026,Midgam,HaHadashot 12,2026-05-20,501.0,balad,0,1.4,True,2026_main,2026,2026_main:2:49
2026_20260520_midgam,2026,Midgam,HaHadashot 12,2026-05-20,501.0,blue_white,0,1.4,True,2026_main,2026,2026_main:2:49
2026_20260520_midgam,2026,Midgam,HaHadashot 12,2026-05-20,501.0,democrats,10,,True,2026_main,2026,2026_main:2:49
2026_20260520_midgam,2026,Midgam,HaHadashot 12,2026-05-20,501.0,hadash_taal,5,,True,2026_main,2026,2026_main:2:49
2026_20260520_midgam,2026,Midgam,HaHadashot 12,2026-05-20,501.0,likud,25,,True,2026_main,2026,2026_main:2:49
2026_20260520_midgam,2026,Midgam,HaHadashot 12,2026-05-20,501.0,otzma,7,,True,2026_main,2026,2026_main:2:49
2026_20260520_midgam,2026,Midgam,HaHadashot 12,2026-05-20,501.0,raam,5,,True,2026_main,2026,2026_main:2:49
2026_20260520_midgam,2026,Midgam,HaHadashot 12,2026-05-20,501.0,rzp,4,,True,2026_main,2026,2026_main:2:49
2026_20260520_midgam,2026,Midgam,HaHadashot 12,2026-05-20,501.0,shas,9,,True,2026_main,2026,2026_main:2:49
2026_20260520_midgam,2026,Midgam,HaHadashot 12,2026-05-20,501.0,together,23,,True,2026_main,2026,2026_main:2:49
2026_20260520_midgam,2026,Midgam,HaHadashot 12,2026-05-20,501.0,utj,8,,True,2026_main,2026,2026_main:2:49
2026_20260520_midgam,2026,Midgam,HaHadashot 12,2026-05-20,501.0,yashar,16,,True,2026_main,2026,2026_main:2:49
2026_20260520_midgam,2026,Midgam,HaHadashot 12,2026-05-20,501.0,yisrael_beytenu,8,,True,2026_main,2026,2026_main:2:49
2026_20260520_midgam,2026,Midgam,HaHadashot 12,2026-05-20,501.0,zionist_home,0,2.4,True,2026_main,2026,2026_main:2:49
2026_20260520_tatika,2026,Tatika,Zman Yisrael,2026-05-20,500.0,blue_white,4,,True,2026_main,2026,2026_main:2:52
2026_20260520_tatika,2026,Tatika,Zman Yisrael,2026-05-20,500.0,democrats,8,,True,2026_main,2026,2026_main:2:52
2026_20260520_tatika,2026,Tatika,Zman Yisrael,2026-05-20,500.0,hadash_taal,4,,True,2026_main,2026,2026_main:2:52
2026_20260520_tatika,2026,Tatika,Zman Yisrael,2026-05-20,500.0,likud,24,,True,2026_main,2026,2026_main:2:52
2026_20260520_tatika,2026,Tatika,Zman Yisrael,2026-05-20,500.0,otzma,6,,True,2026_main,2026,2026_main:2:52
2026_20260520_tatika,2026,Tatika,Zman Yisrael,2026-05-20,500.0,raam,5,,True,2026_main,2026,2026_main:2:52
2026_20260520_tatika,2026,Tatika,Zman Yisrael,2026-05-20,500.0,rzp,4,,True,2026_main,2026,2026_main:2:52
2026_20260520_tatika,2026,Tatika,Zman Yisrael,2026-05-20,500.0,shas,9,,True,2026_main,2026,2026_main:2:52
2026_20260520_tatika,2026,Tatika,Zman Yisrael,2026-05-20,500.0,together,23,,True,2026_main,2026,2026_main:2:52
2026_20260520_tatika,2026,Tatika,Zman Yisrael,2026-05-20,500.0,utj,8,,True,2026_main,2026,2026_main:2:52
2026_20260520_tatika,2026,Tatika,Zman Yisrael,2026-05-20,500.0,yashar,16,,True,2026_main,2026,2026_main:2:52
2026_20260520_tatika,2026,Tatika,Zman Yisrael,2026-05-20,500.0,yisrael_beytenu,9,,True,2026_main,2026,2026_main:2:52
2026_20260521_lazar,2026,Lazar,Maariv,2026-05-21,,democrats,10,,True,2026_main,2026,2026_main:2:48
2026_20260521_lazar,2026,Lazar,Maariv,2026-05-21,,hadash_taal,5,,True,2026_main,2026,2026_main:2:48
2026_20260521_lazar,2026,Lazar,Maariv,2026-05-21,,likud,24,,True,2026_main,2026,2026_main:2:48
2026_20260521_lazar,2026,Lazar,Maariv,2026-05-21,,otzma,8,,True,2026_main,2026,2026_main:2:48
2026_20260521_lazar,2026,Lazar,Maariv,2026-05-21,,raam,5,,True,2026_main,2026,2026_main:2:48
2026_20260521_lazar,2026,Lazar,Maariv,2026-05-21,,rzp,4,,True,2026_main,2026,2026_main:2:48
2026_20260521_lazar,2026,Lazar,Maariv,2026-05-21,,shas,8,,True,2026_main,2026,2026_main:2:48
2026_20260521_lazar,2026,Lazar,Maariv,2026-05-21,,together,25,,True,2026_main,2026,2026_main:2:48
2026_20260521_lazar,2026,Lazar,Maariv,2026-05-21,,utj,7,,True,2026_main,2026,2026_main:2:48
2026_20260521_lazar,2026,Lazar,Maariv,2026-05-21,,yashar,15,,True,2026_main,2026,2026_main:2:48
2026_20260521_lazar,2026,Lazar,Maariv,2026-05-21,,yisrael_beytenu,9,,True,2026_main,2026,2026_main:2:48
2026_20260525_maagarmochota,2026,Maagar Mochot,Channel 13,2026-05-25,,democrats,9,,True,2026_main,2026,2026_main:2:46
2026_20260525_maagarmochota,2026,Maagar Mochot,Channel 13,2026-05-25,,hadash_taal,6,,True,2026_main,2026,2026_main:2:46
2026_20260525_maagarmochota,2026,Maagar Mochot,Channel 13,2026-05-25,,likud,25,,True,2026_main,2026,2026_main:2:46
2026_20260525_maagarmochota,2026,Maagar Mochot,Channel 13,2026-05-25,,otzma,10,,True,2026_main,2026,2026_main:2:46
2026_20260525_maagarmochota,2026,Maagar Mochot,Channel 13,2026-05-25,,raam,4,,True,2026_main,2026,2026_main:2:46
2026_20260525_maagarmochota,2026,Maagar Mochot,Channel 13,2026-05-25,,rzp,4,,True,2026_main,2026,2026_main:2:46
2026_20260525_maagarmochota,2026,Maagar Mochot,Channel 13,2026-05-25,,shas,10,,True,2026_main,2026,2026_main:2:46
2026_20260525_maagarmochota,2026,Maagar Mochot,Channel 13,2026-05-25,,together,23,,True,2026_main,2026,2026_main:2:46
2026_20260525_maagarmochota,2026,Maagar Mochot,Channel 13,2026-05-25,,utj,7,,True,2026_main,2026,2026_main:2:46
2026_20260525_maagarmochota,2026,Maagar Mochot,Channel 13,2026-05-25,,yashar,14,,True,2026_main,2026,2026_main:2:46
2026_20260525_maagarmochota,2026,Maagar Mochot,Channel 13,2026-05-25,,yisrael_beytenu,8,,True,2026_main,2026,2026_main:2:46
2026_20260525_maagarmochotb,2026,Maagar Mochot,Channel 13,2026-05-25,,balad+hadash_taal+raam,16,,False,2026_main,2026,2026_main:2:47
2026_20260525_maagarmochotb,2026,Maagar Mochot,Channel 13,2026-05-25,,likud,23,,False,2026_main,2026,2026_main:2:47
2026_20260525_maagarmochotb,2026,Maagar Mochot,Channel 13,2026-05-25,,rzp,4,,False,2026_main,2026,2026_main:2:47
2026_20260525_maagarmochotb,2026,Maagar Mochot,Channel 13,2026-05-25,,together,21,,False,2026_main,2026,2026_main:2:47
2026_20260527_kantar,2026,Kantar,Israel Hayom,2026-05-27,,balad,0,1.9,True,2026_main,2026,2026_main:2:45
2026_20260527_kantar,2026,Kantar,Israel Hayom,2026-05-27,,blue_white,0,2.2,True,2026_main,2026,2026_main:2:45
2026_20260527_kantar,2026,Kantar,Israel Hayom,2026-05-27,,democrats,9,,True,2026_main,2026,2026_main:2:45
2026_20260527_kantar,2026,Kantar,Israel Hayom,2026-05-27,,hadash_taal,5,,True,2026_main,2026,2026_main:2:45
2026_20260527_kantar,2026,Kantar,Israel Hayom,2026-05-27,,likud,25,,True,2026_main,2026,2026_main:2:45
2026_20260527_kantar,2026,Kantar,Israel Hayom,2026-05-27,,otzma,8,,True,2026_main,2026,2026_main:2:45
2026_20260527_kantar,2026,Kantar,Israel Hayom,2026-05-27,,raam,5,,True,2026_main,2026,2026_main:2:45
2026_20260527_kantar,2026,Kantar,Israel Hayom,2026-05-27,,rzp,4,,True,2026_main,2026,2026_main:2:45
2026_20260527_kantar,2026,Kantar,Israel Hayom,2026-05-27,,shas,9,,True,2026_main,2026,2026_main:2:45
2026_20260527_kantar,2026,Kantar,Israel Hayom,2026-05-27,,together,22,,True,2026_main,2026,2026_main:2:45
2026_20260527_kantar,2026,Kantar,Israel Hayom,2026-05-27,,utj,7,,True,2026_main,2026,2026_main:2:45
2026_20260527_kantar,2026,Kantar,Israel Hayom,2026-05-27,,yashar,17,,True,2026_main,2026,2026_main:2:45
2026_20260527_kantar,2026,Kantar,Israel Hayom,2026-05-27,,yisrael_beytenu,9,,True,2026_main,2026,2026_main:2:45
2026_20260527_kantar,2026,Kantar,Israel Hayom,2026-05-27,,zionist_home,0,2.5,True,2026_main,2026,2026_main:2:45
2026_20260528_filber,2026,Filber,Channel 14,2026-05-28,615.0,balad,0,2.1,True,2026_main,2026,2026_main:2:44
2026_20260528_filber,2026,Filber,Channel 14,2026-05-28,615.0,blue_white,0,1.2,True,2026_main,2026,2026_main:2:44
2026_20260528_filber,2026,Filber,Channel 14,2026-05-28,615.0,democrats,9,,True,2026_main,2026,2026_main:2:44
2026_20260528_filber,2026,Filber,Channel 14,2026-05-28,615.0,hadash_taal,5,,True,2026_main,2026,2026_main:2:44
2026_20260528_filber,2026,Filber,Channel 14,2026-05-28,615.0,likud,33,,True,2026_main,2026,2026_main:2:44
2026_20260528_filber,2026,Filber,Channel 14,2026-05-28,615.0,otzma,7,,True,2026_main,2026,2026_main:2:44
2026_20260528_filber,2026,Filber,Channel 14,2026-05-28,615.0,raam,5,,True,2026_main,2026,2026_main:2:44
2026_20260528_filber,2026,Filber,Channel 14,2026-05-28,615.0,rzp,5,,True,2026_main,2026,2026_main:2:44
2026_20260528_filber,2026,Filber,Channel 14,2026-05-28,615.0,shas,11,,True,2026_main,2026,2026_main:2:44
2026_20260528_filber,2026,Filber,Channel 14,2026-05-28,615.0,together,15,,True,2026_main,2026,2026_main:2:44
2026_20260528_filber,2026,Filber,Channel 14,2026-05-28,615.0,utj,7,,True,2026_main,2026,2026_main:2:44
2026_20260528_filber,2026,Filber,Channel 14,2026-05-28,615.0,yashar,15,,True,2026_main,2026,2026_main:2:44
2026_20260528_filber,2026,Filber,Channel 14,2026-05-28,615.0,yisrael_beytenu,8,,True,2026_main,2026,2026_main:2:44
2026_20260528_midgam,2026,Midgam,HaHadashot 12,2026-05-28,504.0,balad,0,1.0,True,2026_main,2026,2026_main:2:41
2026_20260528_midgam,2026,Midgam,HaHadashot 12,2026-05-28,504.0,blue_white,0,1.8,True,2026_main,2026,2026_main:2:41
2026_20260528_midgam,2026,Midgam,HaHadashot 12,2026-05-28,504.0,democrats,11,,True,2026_main,2026,2026_main:2:41
2026_20260528_midgam,2026,Midgam,HaHadashot 12,2026-05-28,504.0,hadash_taal,5,,True,2026_main,2026,2026_main:2:41
2026_20260528_midgam,2026,Midgam,HaHadashot 12,2026-05-28,504.0,likud,23,,True,2026_main,2026,2026_main:2:41
2026_20260528_midgam,2026,Midgam,HaHadashot 12,2026-05-28,504.0,otzma,8,,True,2026_main,2026,2026_main:2:41
2026_20260528_midgam,2026,Midgam,HaHadashot 12,2026-05-28,504.0,raam,5,,True,2026_main,2026,2026_main:2:41
2026_20260528_midgam,2026,Midgam,HaHadashot 12,2026-05-28,504.0,rzp,4,,True,2026_main,2026,2026_main:2:41
2026_20260528_midgam,2026,Midgam,HaHadashot 12,2026-05-28,504.0,shas,8,,True,2026_main,2026,2026_main:2:41
2026_20260528_midgam,2026,Midgam,HaHadashot 12,2026-05-28,504.0,together,22,,True,2026_main,2026,2026_main:2:41
2026_20260528_midgam,2026,Midgam,HaHadashot 12,2026-05-28,504.0,utj,8,,True,2026_main,2026,2026_main:2:41
2026_20260528_midgam,2026,Midgam,HaHadashot 12,2026-05-28,504.0,yashar,17,,True,2026_main,2026,2026_main:2:41
2026_20260528_midgam,2026,Midgam,HaHadashot 12,2026-05-28,504.0,yisrael_beytenu,9,,True,2026_main,2026,2026_main:2:41
2026_20260528_midgam,2026,Midgam,HaHadashot 12,2026-05-28,504.0,zionist_home,0,0.7,True,2026_main,2026,2026_main:2:41
2026_20260528_tatikaa,2026,Tatika,Zman Yisrael,2026-05-28,500.0,democrats,8,,True,2026_main,2026,2026_main:2:42
2026_20260528_tatikaa,2026,Tatika,Zman Yisrael,2026-05-28,500.0,hadash_taal,5,,True,2026_main,2026,2026_main:2:42
2026_20260528_tatikaa,2026,Tatika,Zman Yisrael,2026-05-28,500.0,likud,24,,True,2026_main,2026,2026_main:2:42
2026_20260528_tatikaa,2026,Tatika,Zman Yisrael,2026-05-28,500.0,otzma,6,,True,2026_main,2026,2026_main:2:42
2026_20260528_tatikaa,2026,Tatika,Zman Yisrael,2026-05-28,500.0,raam,5,,True,2026_main,2026,2026_main:2:42
2026_20260528_tatikaa,2026,Tatika,Zman Yisrael,2026-05-28,500.0,rzp,4,,True,2026_main,2026,2026_main:2:42
2026_20260528_tatikaa,2026,Tatika,Zman Yisrael,2026-05-28,500.0,shas,10,,True,2026_main,2026,2026_main:2:42
2026_20260528_tatikaa,2026,Tatika,Zman Yisrael,2026-05-28,500.0,together,22,,True,2026_main,2026,2026_main:2:42
2026_20260528_tatikaa,2026,Tatika,Zman Yisrael,2026-05-28,500.0,utj,8,,True,2026_main,2026,2026_main:2:42
2026_20260528_tatikaa,2026,Tatika,Zman Yisrael,2026-05-28,500.0,yashar,18,,True,2026_main,2026,2026_main:2:42
2026_20260528_tatikaa,2026,Tatika,Zman Yisrael,2026-05-28,500.0,yisrael_beytenu,10,,True,2026_main,2026,2026_main:2:42
2026_20260528_tatikab,2026,Tatika,Zman Yisrael,2026-05-28,500.0,balad+hadash_taal+raam,13,,True,2026_main,2026,2026_main:2:43
2026_20260528_tatikab,2026,Tatika,Zman Yisrael,2026-05-28,500.0,democrats,7,,True,2026_main,2026,2026_main:2:43
2026_20260528_tatikab,2026,Tatika,Zman Yisrael,2026-05-28,500.0,likud,23,,True,2026_main,2026,2026_main:2:43
2026_20260528_tatikab,2026,Tatika,Zman Yisrael,2026-05-28,500.0,otzma,6,,True,2026_main,2026,2026_main:2:43
2026_20260528_tatikab,2026,Tatika,Zman Yisrael,2026-05-28,500.0,rzp,4,,True,2026_main,2026,2026_main:2:43
2026_20260528_tatikab,2026,Tatika,Zman Yisrael,2026-05-28,500.0,shas,10,,True,2026_main,2026,2026_main:2:43
2026_20260528_tatikab,2026,Tatika,Zman Yisrael,2026-05-28,500.0,together,22,,True,2026_main,2026,2026_main:2:43
2026_20260528_tatikab,2026,Tatika,Zman Yisrael,2026-05-28,500.0,utj,8,,True,2026_main,2026,2026_main:2:43
2026_20260528_tatikab,2026,Tatika,Zman Yisrael,2026-05-28,500.0,yashar,17,,True,2026_main,2026,2026_main:2:43
2026_20260528_tatikab,2026,Tatika,Zman Yisrael,2026-05-28,500.0,yisrael_beytenu,10,,True,2026_main,2026,2026_main:2:43
2026_20260603_directpolls,2026,Direct Polls,i24 News,2026-06-03,515.0,balad,0,2.5,True,2026_main,2026,2026_main:2:40
2026_20260603_directpolls,2026,Direct Polls,i24 News,2026-06-03,515.0,blue_white,0,1.4,True,2026_main,2026,2026_main:2:40
2026_20260603_directpolls,2026,Direct Polls,i24 News,2026-06-03,515.0,democrats,10,,True,2026_main,2026,2026_main:2:40
2026_20260603_directpolls,2026,Direct Polls,i24 News,2026-06-03,515.0,hadash_taal,5,,True,2026_main,2026,2026_main:2:40
2026_20260603_directpolls,2026,Direct Polls,i24 News,2026-06-03,515.0,likud,30,,True,2026_main,2026,2026_main:2:40
2026_20260603_directpolls,2026,Direct Polls,i24 News,2026-06-03,515.0,otzma,8,,True,2026_main,2026,2026_main:2:40
2026_20260603_directpolls,2026,Direct Polls,i24 News,2026-06-03,515.0,raam,6,,True,2026_main,2026,2026_main:2:40
2026_20260603_directpolls,2026,Direct Polls,i24 News,2026-06-03,515.0,rzp,5,,True,2026_main,2026,2026_main:2:40
2026_20260603_directpolls,2026,Direct Polls,i24 News,2026-06-03,515.0,shas,9,,True,2026_main,2026,2026_main:2:40
2026_20260603_directpolls,2026,Direct Polls,i24 News,2026-06-03,515.0,together,14,,True,2026_main,2026,2026_main:2:40
2026_20260603_directpolls,2026,Direct Polls,i24 News,2026-06-03,515.0,utj,8,,True,2026_main,2026,2026_main:2:40
2026_20260603_directpolls,2026,Direct Polls,i24 News,2026-06-03,515.0,yashar,16,,True,2026_main,2026,2026_main:2:40
2026_20260603_directpolls,2026,Direct Polls,i24 News,2026-06-03,515.0,yisrael_beytenu,9,,True,2026_main,2026,2026_main:2:40
2026_20260603_directpolls,2026,Direct Polls,i24 News,2026-06-03,515.0,zionist_home,0,0.8,True,2026_main,2026,2026_main:2:40
2026_20260604_kantar,2026,Kantar,Kan 11,2026-06-04,551.0,balad,0,1.5,True,2026_main,2026,2026_main:2:36
2026_20260604_kantar,2026,Kantar,Kan 11,2026-06-04,551.0,blue_white,0,2.3,True,2026_main,2026,2026_main:2:36
2026_20260604_kantar,2026,Kantar,Kan 11,2026-06-04,551.0,democrats,9,,True,2026_main,2026,2026_main:2:36
2026_20260604_kantar,2026,Kantar,Kan 11,2026-06-04,551.0,hadash_taal,6,,True,2026_main,2026,2026_main:2:36
2026_20260604_kantar,2026,Kantar,Kan 11,2026-06-04,551.0,likud,24,,True,2026_main,2026,2026_main:2:36
2026_20260604_kantar,2026,Kantar,Kan 11,2026-06-04,551.0,otzma,10,,True,2026_main,2026,2026_main:2:36
2026_20260604_kantar,2026,Kantar,Kan 11,2026-06-04,551.0,raam,4,,True,2026_main,2026,2026_main:2:36
2026_20260604_kantar,2026,Kantar,Kan 11,2026-06-04,551.0,rzp,4,,True,2026_main,2026,2026_main:2:36
2026_20260604_kantar,2026,Kantar,Kan 11,2026-06-04,551.0,shas,8,,True,2026_main,2026,2026_main:2:36
2026_20260604_kantar,2026,Kantar,Kan 11,2026-06-04,551.0,together,23,,True,2026_main,2026,2026_main:2:36
2026_20260604_kantar,2026,Kantar,Kan 11,2026-06-04,551.0,utj,7,,True,2026_main,2026,2026_main:2:36
2026_20260604_kantar,2026,Kantar,Kan 11,2026-06-04,551.0,yashar,17,,True,2026_main,2026,2026_main:2:36
2026_20260604_kantar,2026,Kantar,Kan 11,2026-06-04,551.0,yisrael_beytenu,8,,True,2026_main,2026,2026_main:2:36
2026_20260604_kantar,2026,Kantar,Kan 11,2026-06-04,551.0,zionist_home,0,2.1,True,2026_main,2026,2026_main:2:36
2026_20260604_lazar,2026,Lazar,Maariv,2026-06-04,500.0,balad,0,1.8,True,2026_main,2026,2026_main:2:39
2026_20260604_lazar,2026,Lazar,Maariv,2026-06-04,500.0,blue_white,0,2.2,True,2026_main,2026,2026_main:2:39
2026_20260604_lazar,2026,Lazar,Maariv,2026-06-04,500.0,democrats,10,,True,2026_main,2026,2026_main:2:39
2026_20260604_lazar,2026,Lazar,Maariv,2026-06-04,500.0,hadash_taal,6,,True,2026_main,2026,2026_main:2:39
2026_20260604_lazar,2026,Lazar,Maariv,2026-06-04,500.0,likud,25,,True,2026_main,2026,2026_main:2:39
2026_20260604_lazar,2026,Lazar,Maariv,2026-06-04,500.0,otzma,9,,True,2026_main,2026,2026_main:2:39
2026_20260604_lazar,2026,Lazar,Maariv,2026-06-04,500.0,raam,4,,True,2026_main,2026,2026_main:2:39
2026_20260604_lazar,2026,Lazar,Maariv,2026-06-04,500.0,rzp,0,2.6,True,2026_main,2026,2026_main:2:39
2026_20260604_lazar,2026,Lazar,Maariv,2026-06-04,500.0,shas,9,,True,2026_main,2026,2026_main:2:39
2026_20260604_lazar,2026,Lazar,Maariv,2026-06-04,500.0,together,23,,True,2026_main,2026,2026_main:2:39
2026_20260604_lazar,2026,Lazar,Maariv,2026-06-04,500.0,utj,7,,True,2026_main,2026,2026_main:2:39
2026_20260604_lazar,2026,Lazar,Maariv,2026-06-04,500.0,yashar,17,,True,2026_main,2026,2026_main:2:39
2026_20260604_lazar,2026,Lazar,Maariv,2026-06-04,500.0,yisrael_beytenu,10,,True,2026_main,2026,2026_main:2:39
2026_20260604_lazar,2026,Lazar,Maariv,2026-06-04,500.0,zionist_home,0,1.7,True,2026_main,2026,2026_main:2:39
2026_20260604_midgam,2026,Midgam,HaHadashot 12,2026-06-04,505.0,balad,0,0.8,True,2026_main,2026,2026_main:2:37
2026_20260604_midgam,2026,Midgam,HaHadashot 12,2026-06-04,505.0,blue_white,0,1.8,True,2026_main,2026,2026_main:2:37
2026_20260604_midgam,2026,Midgam,HaHadashot 12,2026-06-04,505.0,democrats,10,,True,2026_main,2026,2026_main:2:37
2026_20260604_midgam,2026,Midgam,HaHadashot 12,2026-06-04,505.0,hadash_taal,5,,True,2026_main,2026,2026_main:2:37
2026_20260604_midgam,2026,Midgam,HaHadashot 12,2026-06-04,505.0,likud,23,,True,2026_main,2026,2026_main:2:37
2026_20260604_midgam,2026,Midgam,HaHadashot 12,2026-06-04,505.0,otzma,8,,True,2026_main,2026,2026_main:2:37
2026_20260604_midgam,2026,Midgam,HaHadashot 12,2026-06-04,505.0,raam,5,,True,2026_main,2026,2026_main:2:37
2026_20260604_midgam,2026,Midgam,HaHadashot 12,2026-06-04,505.0,rzp,4,,True,2026_main,2026,2026_main:2:37
2026_20260604_midgam,2026,Midgam,HaHadashot 12,2026-06-04,505.0,shas,9,,True,2026_main,2026,2026_main:2:37
2026_20260604_midgam,2026,Midgam,HaHadashot 12,2026-06-04,505.0,together,21,,True,2026_main,2026,2026_main:2:37
2026_20260604_midgam,2026,Midgam,HaHadashot 12,2026-06-04,505.0,utj,7,,True,2026_main,2026,2026_main:2:37
2026_20260604_midgam,2026,Midgam,HaHadashot 12,2026-06-04,505.0,yashar,19,,True,2026_main,2026,2026_main:2:37
2026_20260604_midgam,2026,Midgam,HaHadashot 12,2026-06-04,505.0,yisrael_beytenu,9,,True,2026_main,2026,2026_main:2:37
2026_20260604_midgam,2026,Midgam,HaHadashot 12,2026-06-04,505.0,zionist_home,0,1.3,True,2026_main,2026,2026_main:2:37
2026_20260604_tatika,2026,Tatika,Zman Yisrael,2026-06-04,500.0,blue_white,4,,True,2026_main,2026,2026_main:2:38
2026_20260604_tatika,2026,Tatika,Zman Yisrael,2026-06-04,500.0,democrats,8,,True,2026_main,2026,2026_main:2:38
2026_20260604_tatika,2026,Tatika,Zman Yisrael,2026-06-04,500.0,hadash_taal,4,,True,2026_main,2026,2026_main:2:38
2026_20260604_tatika,2026,Tatika,Zman Yisrael,2026-06-04,500.0,likud,23,,True,2026_main,2026,2026_main:2:38
2026_20260604_tatika,2026,Tatika,Zman Yisrael,2026-06-04,500.0,otzma,6,,True,2026_main,2026,2026_main:2:38
2026_20260604_tatika,2026,Tatika,Zman Yisrael,2026-06-04,500.0,raam,4,,True,2026_main,2026,2026_main:2:38
2026_20260604_tatika,2026,Tatika,Zman Yisrael,2026-06-04,500.0,rzp,4,,True,2026_main,2026,2026_main:2:38
2026_20260604_tatika,2026,Tatika,Zman Yisrael,2026-06-04,500.0,shas,9,,True,2026_main,2026,2026_main:2:38
2026_20260604_tatika,2026,Tatika,Zman Yisrael,2026-06-04,500.0,together,21,,True,2026_main,2026,2026_main:2:38
2026_20260604_tatika,2026,Tatika,Zman Yisrael,2026-06-04,500.0,utj,8,,True,2026_main,2026,2026_main:2:38
2026_20260604_tatika,2026,Tatika,Zman Yisrael,2026-06-04,500.0,yashar,19,,True,2026_main,2026,2026_main:2:38
2026_20260604_tatika,2026,Tatika,Zman Yisrael,2026-06-04,500.0,yisrael_beytenu,10,,True,2026_main,2026,2026_main:2:38
2026_20260605_filber,2026,Filber,Channel 14,2026-06-05,,balad,0,2.0,True,2026_main,2026,2026_main:2:35
2026_20260605_filber,2026,Filber,Channel 14,2026-06-05,,blue_white,0,1.3,True,2026_main,2026,2026_main:2:35
2026_20260605_filber,2026,Filber,Channel 14,2026-06-05,,democrats,9,,True,2026_main,2026,2026_main:2:35
2026_20260605_filber,2026,Filber,Channel 14,2026-06-05,,hadash_taal,5,,True,2026_main,2026,2026_main:2:35
2026_20260605_filber,2026,Filber,Channel 14,2026-06-05,,likud,32,,True,2026_main,2026,2026_main:2:35
2026_20260605_filber,2026,Filber,Channel 14,2026-06-05,,otzma,9,,True,2026_main,2026,2026_main:2:35
2026_20260605_filber,2026,Filber,Channel 14,2026-06-05,,raam,5,,True,2026_main,2026,2026_main:2:35
2026_20260605_filber,2026,Filber,Channel 14,2026-06-05,,rzp,5,,True,2026_main,2026,2026_main:2:35
2026_20260605_filber,2026,Filber,Channel 14,2026-06-05,,shas,10,,True,2026_main,2026,2026_main:2:35
2026_20260605_filber,2026,Filber,Channel 14,2026-06-05,,together,14,,True,2026_main,2026,2026_main:2:35
2026_20260605_filber,2026,Filber,Channel 14,2026-06-05,,utj,7,,True,2026_main,2026,2026_main:2:35
2026_20260605_filber,2026,Filber,Channel 14,2026-06-05,,yashar,16,,True,2026_main,2026,2026_main:2:35
2026_20260605_filber,2026,Filber,Channel 14,2026-06-05,,yisrael_beytenu,8,,True,2026_main,2026,2026_main:2:35
2026_20260611_filber,2026,Filber,Channel 14,2026-06-11,771.0,balad+hadash_taal,6,,True,2026_main,2026,2026_main:2:31
2026_20260611_filber,2026,Filber,Channel 14,2026-06-11,771.0,blue_white,0,0.8,True,2026_main,2026,2026_main:2:31
2026_20260611_filber,2026,Filber,Channel 14,2026-06-11,771.0,democrats,9,,True,2026_main,2026,2026_main:2:31
2026_20260611_filber,2026,Filber,Channel 14,2026-06-11,771.0,likud,33,,True,2026_main,2026,2026_main:2:31
2026_20260611_filber,2026,Filber,Channel 14,2026-06-11,771.0,otzma,8,,True,2026_main,2026,2026_main:2:31
2026_20260611_filber,2026,Filber,Channel 14,2026-06-11,771.0,raam,5,,True,2026_main,2026,2026_main:2:31
2026_20260611_filber,2026,Filber,Channel 14,2026-06-11,771.0,rzp,5,,True,2026_main,2026,2026_main:2:31
2026_20260611_filber,2026,Filber,Channel 14,2026-06-11,771.0,shas,10,,True,2026_main,2026,2026_main:2:31
2026_20260611_filber,2026,Filber,Channel 14,2026-06-11,771.0,together,13,,True,2026_main,2026,2026_main:2:31
2026_20260611_filber,2026,Filber,Channel 14,2026-06-11,771.0,utj,7,,True,2026_main,2026,2026_main:2:31
2026_20260611_filber,2026,Filber,Channel 14,2026-06-11,771.0,yashar,16,,True,2026_main,2026,2026_main:2:31
2026_20260611_filber,2026,Filber,Channel 14,2026-06-11,771.0,yisrael_beytenu,8,,True,2026_main,2026,2026_main:2:31
2026_20260611_kantar,2026,Kantar,Israel Hayom,2026-06-11,,balad,0,1.8,True,2026_main,2026,2026_main:2:29
2026_20260611_kantar,2026,Kantar,Israel Hayom,2026-06-11,,blue_white,0,2.2,True,2026_main,2026,2026_main:2:29
2026_20260611_kantar,2026,Kantar,Israel Hayom,2026-06-11,,democrats,9,,True,2026_main,2026,2026_main:2:29
2026_20260611_kantar,2026,Kantar,Israel Hayom,2026-06-11,,hadash_taal,6,,True,2026_main,2026,2026_main:2:29
2026_20260611_kantar,2026,Kantar,Israel Hayom,2026-06-11,,likud,24,,True,2026_main,2026,2026_main:2:29
2026_20260611_kantar,2026,Kantar,Israel Hayom,2026-06-11,,otzma,9,,True,2026_main,2026,2026_main:2:29
2026_20260611_kantar,2026,Kantar,Israel Hayom,2026-06-11,,raam,4,,True,2026_main,2026,2026_main:2:29
2026_20260611_kantar,2026,Kantar,Israel Hayom,2026-06-11,,rzp,4,,True,2026_main,2026,2026_main:2:29
2026_20260611_kantar,2026,Kantar,Israel Hayom,2026-06-11,,shas,9,,True,2026_main,2026,2026_main:2:29
2026_20260611_kantar,2026,Kantar,Israel Hayom,2026-06-11,,together,19,,True,2026_main,2026,2026_main:2:29
2026_20260611_kantar,2026,Kantar,Israel Hayom,2026-06-11,,utj,7,,True,2026_main,2026,2026_main:2:29
2026_20260611_kantar,2026,Kantar,Israel Hayom,2026-06-11,,yashar,20,,True,2026_main,2026,2026_main:2:29
2026_20260611_kantar,2026,Kantar,Israel Hayom,2026-06-11,,yisrael_beytenu,9,,True,2026_main,2026,2026_main:2:29
2026_20260611_kantar,2026,Kantar,Israel Hayom,2026-06-11,,zionist_home,0,2.5,True,2026_main,2026,2026_main:2:29
2026_20260611_lazar,2026,Lazar,Maariv,2026-06-11,500.0,balad,0,2.0,False,2026_main,2026,2026_main:2:33
2026_20260611_lazar,2026,Lazar,Maariv,2026-06-11,500.0,blue_white,0,1.9,False,2026_main,2026,2026_main:2:33
2026_20260611_lazar,2026,Lazar,Maariv,2026-06-11,500.0,democrats,10,,False,2026_main,2026,2026_main:2:33
2026_20260611_lazar,2026,Lazar,Maariv,2026-06-11,500.0,hadash_taal,6,,False,2026_main,2026,2026_main:2:33
2026_20260611_lazar,2026,Lazar,Maariv,2026-06-11,500.0,likud,22,,False,2026_main,2026,2026_main:2:33
2026_20260611_lazar,2026,Lazar,Maariv,2026-06-11,500.0,otzma,9,,False,2026_main,2026,2026_main:2:33
2026_20260611_lazar,2026,Lazar,Maariv,2026-06-11,500.0,raam,4,,False,2026_main,2026,2026_main:2:33
2026_20260611_lazar,2026,Lazar,Maariv,2026-06-11,500.0,rzp,4,,False,2026_main,2026,2026_main:2:33
2026_20260611_lazar,2026,Lazar,Maariv,2026-06-11,500.0,shas,8,,False,2026_main,2026,2026_main:2:33
2026_20260611_lazar,2026,Lazar,Maariv,2026-06-11,500.0,together,21,,False,2026_main,2026,2026_main:2:33
2026_20260611_lazar,2026,Lazar,Maariv,2026-06-11,500.0,utj,7,,False,2026_main,2026,2026_main:2:33
2026_20260611_lazar,2026,Lazar,Maariv,2026-06-11,500.0,yashar,17,,False,2026_main,2026,2026_main:2:33
2026_20260611_lazar,2026,Lazar,Maariv,2026-06-11,500.0,yisrael_beytenu,9,,False,2026_main,2026,2026_main:2:33
2026_20260611_lazar,2026,Lazar,Maariv,2026-06-11,500.0,zionist_home,0,1.7,False,2026_main,2026,2026_main:2:33
2026_20260611_midgam,2026,Midgam,HaHadashot 12,2026-06-11,501.0,balad,0,1.1,True,2026_main,2026,2026_main:2:28
2026_20260611_midgam,2026,Midgam,HaHadashot 12,2026-06-11,501.0,blue_white,0,0.7,True,2026_main,2026,2026_main:2:28
2026_20260611_midgam,2026,Midgam,HaHadashot 12,2026-06-11,501.0,democrats,11,,True,2026_main,2026,2026_main:2:28
2026_20260611_midgam,2026,Midgam,HaHadashot 12,2026-06-11,501.0,hadash_taal,5,,True,2026_main,2026,2026_main:2:28
2026_20260611_midgam,2026,Midgam,HaHadashot 12,2026-06-11,501.0,likud,22,,True,2026_main,2026,2026_main:2:28
2026_20260611_midgam,2026,Midgam,HaHadashot 12,2026-06-11,501.0,otzma,9,,True,2026_main,2026,2026_main:2:28
2026_20260611_midgam,2026,Midgam,HaHadashot 12,2026-06-11,501.0,raam,5,,True,2026_main,2026,2026_main:2:28
2026_20260611_midgam,2026,Midgam,HaHadashot 12,2026-06-11,501.0,rzp,4,,True,2026_main,2026,2026_main:2:28
2026_20260611_midgam,2026,Midgam,HaHadashot 12,2026-06-11,501.0,shas,9,,True,2026_main,2026,2026_main:2:28
2026_20260611_midgam,2026,Midgam,HaHadashot 12,2026-06-11,501.0,together,20,,True,2026_main,2026,2026_main:2:28
2026_20260611_midgam,2026,Midgam,HaHadashot 12,2026-06-11,501.0,utj,7,,True,2026_main,2026,2026_main:2:28
2026_20260611_midgam,2026,Midgam,HaHadashot 12,2026-06-11,501.0,yashar,20,,True,2026_main,2026,2026_main:2:28
2026_20260611_midgam,2026,Midgam,HaHadashot 12,2026-06-11,501.0,yisrael_beytenu,8,,True,2026_main,2026,2026_main:2:28
2026_20260611_midgam,2026,Midgam,HaHadashot 12,2026-06-11,501.0,zionist_home,0,1.6,True,2026_main,2026,2026_main:2:28
2026_20260611_tatika,2026,Tatika,Zman Yisrael,2026-06-11,500.0,democrats,8,,True,2026_main,2026,2026_main:2:32
2026_20260611_tatika,2026,Tatika,Zman Yisrael,2026-06-11,500.0,hadash_taal,5,,True,2026_main,2026,2026_main:2:32
2026_20260611_tatika,2026,Tatika,Zman Yisrael,2026-06-11,500.0,likud,24,,True,2026_main,2026,2026_main:2:32
2026_20260611_tatika,2026,Tatika,Zman Yisrael,2026-06-11,500.0,otzma,8,,True,2026_main,2026,2026_main:2:32
2026_20260611_tatika,2026,Tatika,Zman Yisrael,2026-06-11,500.0,raam,5,,True,2026_main,2026,2026_main:2:32
2026_20260611_tatika,2026,Tatika,Zman Yisrael,2026-06-11,500.0,shas,10,,True,2026_main,2026,2026_main:2:32
2026_20260611_tatika,2026,Tatika,Zman Yisrael,2026-06-11,500.0,together,21,,True,2026_main,2026,2026_main:2:32
2026_20260611_tatika,2026,Tatika,Zman Yisrael,2026-06-11,500.0,utj,8,,True,2026_main,2026,2026_main:2:32
2026_20260611_tatika,2026,Tatika,Zman Yisrael,2026-06-11,500.0,yashar,21,,True,2026_main,2026,2026_main:2:32
2026_20260611_tatika,2026,Tatika,Zman Yisrael,2026-06-11,500.0,yisrael_beytenu,10,,True,2026_main,2026,2026_main:2:32
2026_20260616_directpolls,2026,Direct Polls,i24 News,2026-06-16,,balad+hadash_taal,7,,True,2026_main,2026,2026_main:2:27
2026_20260616_directpolls,2026,Direct Polls,i24 News,2026-06-16,,democrats,11,,True,2026_main,2026,2026_main:2:27
2026_20260616_directpolls,2026,Direct Polls,i24 News,2026-06-16,,likud,28,,True,2026_main,2026,2026_main:2:27
2026_20260616_directpolls,2026,Direct Polls,i24 News,2026-06-16,,otzma,9,,True,2026_main,2026,2026_main:2:27
2026_20260616_directpolls,2026,Direct Polls,i24 News,2026-06-16,,raam,5,,True,2026_main,2026,2026_main:2:27
2026_20260616_directpolls,2026,Direct Polls,i24 News,2026-06-16,,rzp,4,,True,2026_main,2026,2026_main:2:27
2026_20260616_directpolls,2026,Direct Polls,i24 News,2026-06-16,,shas,9,,True,2026_main,2026,2026_main:2:27
2026_20260616_directpolls,2026,Direct Polls,i24 News,2026-06-16,,together,12,,True,2026_main,2026,2026_main:2:27
2026_20260616_directpolls,2026,Direct Polls,i24 News,2026-06-16,,utj,8,,True,2026_main,2026,2026_main:2:27
2026_20260616_directpolls,2026,Direct Polls,i24 News,2026-06-16,,yashar,18,,True,2026_main,2026,2026_main:2:27
2026_20260616_directpolls,2026,Direct Polls,i24 News,2026-06-16,,yisrael_beytenu,9,,True,2026_main,2026,2026_main:2:27
2026_20260616_kantar,2026,Kantar,Kan 11,2026-06-16,555.0,balad,0,1.5,True,2026_main,2026,2026_main:2:26
2026_20260616_kantar,2026,Kantar,Kan 11,2026-06-16,555.0,blue_white,0,1.6,True,2026_main,2026,2026_main:2:26
2026_20260616_kantar,2026,Kantar,Kan 11,2026-06-16,555.0,democrats,9,,True,2026_main,2026,2026_main:2:26
2026_20260616_kantar,2026,Kantar,Kan 11,2026-06-16,555.0,hadash_taal,7,,True,2026_main,2026,2026_main:2:26
2026_20260616_kantar,2026,Kantar,Kan 11,2026-06-16,555.0,likud,23,,True,2026_main,2026,2026_main:2:26
2026_20260616_kantar,2026,Kantar,Kan 11,2026-06-16,555.0,otzma,9,,True,2026_main,2026,2026_main:2:26
2026_20260616_kantar,2026,Kantar,Kan 11,2026-06-16,555.0,raam,4,,True,2026_main,2026,2026_main:2:26
2026_20260616_kantar,2026,Kantar,Kan 11,2026-06-16,555.0,rzp,4,,True,2026_main,2026,2026_main:2:26
2026_20260616_kantar,2026,Kantar,Kan 11,2026-06-16,555.0,shas,9,,True,2026_main,2026,2026_main:2:26
2026_20260616_kantar,2026,Kantar,Kan 11,2026-06-16,555.0,together,17,,True,2026_main,2026,2026_main:2:26
2026_20260616_kantar,2026,Kantar,Kan 11,2026-06-16,555.0,utj,7,,True,2026_main,2026,2026_main:2:26
2026_20260616_kantar,2026,Kantar,Kan 11,2026-06-16,555.0,yashar,21,,True,2026_main,2026,2026_main:2:26
2026_20260616_kantar,2026,Kantar,Kan 11,2026-06-16,555.0,yisrael_beytenu,10,,True,2026_main,2026,2026_main:2:26
2026_20260616_kantar,2026,Kantar,Kan 11,2026-06-16,555.0,zionist_home,0,2.6,True,2026_main,2026,2026_main:2:26
2026_20260617_midgamproject,2026,Midgam Project,Channel 13,2026-06-17,,balad,0,2.4,True,2026_main,2026,2026_main:2:24
2026_20260617_midgamproject,2026,Midgam Project,Channel 13,2026-06-17,,blue_white,0,2.0,True,2026_main,2026,2026_main:2:24
2026_20260617_midgamproject,2026,Midgam Project,Channel 13,2026-06-17,,democrats,11,,True,2026_main,2026,2026_main:2:24
2026_20260617_midgamproject,2026,Midgam Project,Channel 13,2026-06-17,,hadash_taal,6,,True,2026_main,2026,2026_main:2:24
2026_20260617_midgamproject,2026,Midgam Project,Channel 13,2026-06-17,,likud,22,,True,2026_main,2026,2026_main:2:24
2026_20260617_midgamproject,2026,Midgam Project,Channel 13,2026-06-17,,otzma,8,,True,2026_main,2026,2026_main:2:24
2026_20260617_midgamproject,2026,Midgam Project,Channel 13,2026-06-17,,raam,4,,True,2026_main,2026,2026_main:2:24
2026_20260617_midgamproject,2026,Midgam Project,Channel 13,2026-06-17,,rzp,4,,True,2026_main,2026,2026_main:2:24
2026_20260617_midgamproject,2026,Midgam Project,Channel 13,2026-06-17,,shas,9,,True,2026_main,2026,2026_main:2:24
2026_20260617_midgamproject,2026,Midgam Project,Channel 13,2026-06-17,,together,17,,True,2026_main,2026,2026_main:2:24
2026_20260617_midgamproject,2026,Midgam Project,Channel 13,2026-06-17,,utj,8,,True,2026_main,2026,2026_main:2:24
2026_20260617_midgamproject,2026,Midgam Project,Channel 13,2026-06-17,,yashar,20,,True,2026_main,2026,2026_main:2:24
2026_20260617_midgamproject,2026,Midgam Project,Channel 13,2026-06-17,,yisrael_beytenu,11,,True,2026_main,2026,2026_main:2:24
2026_20260617_midgamproject,2026,Midgam Project,Channel 13,2026-06-17,,zionist_home,0,3.0,True,2026_main,2026,2026_main:2:24
2026_20260618_filber,2026,Filber,Channel 14,2026-06-18,1552.0,balad+hadash_taal,6,,True,2026_main,2026,2026_main:2:21
2026_20260618_filber,2026,Filber,Channel 14,2026-06-18,1552.0,blue_white,0,1.8,True,2026_main,2026,2026_main:2:21
2026_20260618_filber,2026,Filber,Channel 14,2026-06-18,1552.0,democrats,9,,True,2026_main,2026,2026_main:2:21
2026_20260618_filber,2026,Filber,Channel 14,2026-06-18,1552.0,likud,33,,True,2026_main,2026,2026_main:2:21
2026_20260618_filber,2026,Filber,Channel 14,2026-06-18,1552.0,otzma,7,,True,2026_main,2026,2026_main:2:21
2026_20260618_filber,2026,Filber,Channel 14,2026-06-18,1552.0,raam,5,,True,2026_main,2026,2026_main:2:21
2026_20260618_filber,2026,Filber,Channel 14,2026-06-18,1552.0,rzp,4,,True,2026_main,2026,2026_main:2:21
2026_20260618_filber,2026,Filber,Channel 14,2026-06-18,1552.0,shas,10,,True,2026_main,2026,2026_main:2:21
2026_20260618_filber,2026,Filber,Channel 14,2026-06-18,1552.0,together,10,,True,2026_main,2026,2026_main:2:21
2026_20260618_filber,2026,Filber,Channel 14,2026-06-18,1552.0,utj,8,,True,2026_main,2026,2026_main:2:21
2026_20260618_filber,2026,Filber,Channel 14,2026-06-18,1552.0,yashar,20,,True,2026_main,2026,2026_main:2:21
2026_20260618_filber,2026,Filber,Channel 14,2026-06-18,1552.0,yisrael_beytenu,8,,True,2026_main,2026,2026_main:2:21
2026_20260618_lazar,2026,Lazar,Maariv,2026-06-18,501.0,balad,0,1.8,True,2026_main,2026,2026_main:2:22
2026_20260618_lazar,2026,Lazar,Maariv,2026-06-18,501.0,blue_white,0,1.7,True,2026_main,2026,2026_main:2:22
2026_20260618_lazar,2026,Lazar,Maariv,2026-06-18,501.0,democrats,10,,True,2026_main,2026,2026_main:2:22
2026_20260618_lazar,2026,Lazar,Maariv,2026-06-18,501.0,hadash_taal,6,,True,2026_main,2026,2026_main:2:22
2026_20260618_lazar,2026,Lazar,Maariv,2026-06-18,501.0,likud,21,,True,2026_main,2026,2026_main:2:22
2026_20260618_lazar,2026,Lazar,Maariv,2026-06-18,501.0,otzma,8,,True,2026_main,2026,2026_main:2:22
2026_20260618_lazar,2026,Lazar,Maariv,2026-06-18,501.0,raam,4,,True,2026_main,2026,2026_main:2:22
2026_20260618_lazar,2026,Lazar,Maariv,2026-06-18,501.0,rzp,4,,True,2026_main,2026,2026_main:2:22
2026_20260618_lazar,2026,Lazar,Maariv,2026-06-18,501.0,shas,9,,True,2026_main,2026,2026_main:2:22
2026_20260618_lazar,2026,Lazar,Maariv,2026-06-18,501.0,together,20,,True,2026_main,2026,2026_main:2:22
2026_20260618_lazar,2026,Lazar,Maariv,2026-06-18,501.0,utj,7,,True,2026_main,2026,2026_main:2:22
2026_20260618_lazar,2026,Lazar,Maariv,2026-06-18,501.0,yashar,21,,True,2026_main,2026,2026_main:2:22
2026_20260618_lazar,2026,Lazar,Maariv,2026-06-18,501.0,yisrael_beytenu,10,,True,2026_main,2026,2026_main:2:22
2026_20260618_lazar,2026,Lazar,Maariv,2026-06-18,501.0,zionist_home,0,1.2,True,2026_main,2026,2026_main:2:22
2026_20260618_midgam,2026,Midgam,HaHadashot 12,2026-06-18,,balad,0,1.7,True,2026_main,2026,2026_main:2:20
2026_20260618_midgam,2026,Midgam,HaHadashot 12,2026-06-18,,blue_white,0,1.9,True,2026_main,2026,2026_main:2:20
2026_20260618_midgam,2026,Midgam,HaHadashot 12,2026-06-18,,democrats,10,,True,2026_main,2026,2026_main:2:20
2026_20260618_midgam,2026,Midgam,HaHadashot 12,2026-06-18,,hadash_taal,5,,True,2026_main,2026,2026_main:2:20
2026_20260618_midgam,2026,Midgam,HaHadashot 12,2026-06-18,,likud,22,,True,2026_main,2026,2026_main:2:20
2026_20260618_midgam,2026,Midgam,HaHadashot 12,2026-06-18,,otzma,9,,True,2026_main,2026,2026_main:2:20
2026_20260618_midgam,2026,Midgam,HaHadashot 12,2026-06-18,,raam,5,,True,2026_main,2026,2026_main:2:20
2026_20260618_midgam,2026,Midgam,HaHadashot 12,2026-06-18,,rzp,4,,True,2026_main,2026,2026_main:2:20
2026_20260618_midgam,2026,Midgam,HaHadashot 12,2026-06-18,,shas,9,,True,2026_main,2026,2026_main:2:20
2026_20260618_midgam,2026,Midgam,HaHadashot 12,2026-06-18,,together,19,,True,2026_main,2026,2026_main:2:20
2026_20260618_midgam,2026,Midgam,HaHadashot 12,2026-06-18,,utj,7,,True,2026_main,2026,2026_main:2:20
2026_20260618_midgam,2026,Midgam,HaHadashot 12,2026-06-18,,yashar,21,,True,2026_main,2026,2026_main:2:20
2026_20260618_midgam,2026,Midgam,HaHadashot 12,2026-06-18,,yisrael_beytenu,9,,True,2026_main,2026,2026_main:2:20
2026_20260618_midgam,2026,Midgam,HaHadashot 12,2026-06-18,,zionist_home,0,1.9,True,2026_main,2026,2026_main:2:20
2026_20260618_tatika,2026,Tatika,Zman Yisrael,2026-06-18,500.0,democrats,8,,True,2026_main,2026,2026_main:2:23
2026_20260618_tatika,2026,Tatika,Zman Yisrael,2026-06-18,500.0,hadash_taal,5,,True,2026_main,2026,2026_main:2:23
2026_20260618_tatika,2026,Tatika,Zman Yisrael,2026-06-18,500.0,likud,23,,True,2026_main,2026,2026_main:2:23
2026_20260618_tatika,2026,Tatika,Zman Yisrael,2026-06-18,500.0,otzma,9,,True,2026_main,2026,2026_main:2:23
2026_20260618_tatika,2026,Tatika,Zman Yisrael,2026-06-18,500.0,raam,5,,True,2026_main,2026,2026_main:2:23
2026_20260618_tatika,2026,Tatika,Zman Yisrael,2026-06-18,500.0,shas,10,,True,2026_main,2026,2026_main:2:23
2026_20260618_tatika,2026,Tatika,Zman Yisrael,2026-06-18,500.0,together,19,,True,2026_main,2026,2026_main:2:23
2026_20260618_tatika,2026,Tatika,Zman Yisrael,2026-06-18,500.0,utj,8,,True,2026_main,2026,2026_main:2:23
2026_20260618_tatika,2026,Tatika,Zman Yisrael,2026-06-18,500.0,yashar,23,,True,2026_main,2026,2026_main:2:23
2026_20260618_tatika,2026,Tatika,Zman Yisrael,2026-06-18,500.0,yisrael_beytenu,10,,True,2026_main,2026,2026_main:2:23
2026_20260624_kantar,2026,Kantar,Kan 11,2026-06-24,553.0,balad,0,1.4,True,2026_main,2026,2026_main:2:19
2026_20260624_kantar,2026,Kantar,Kan 11,2026-06-24,553.0,blue_white,0,2.2,True,2026_main,2026,2026_main:2:19
2026_20260624_kantar,2026,Kantar,Kan 11,2026-06-24,553.0,democrats,9,,True,2026_main,2026,2026_main:2:19
2026_20260624_kantar,2026,Kantar,Kan 11,2026-06-24,553.0,hadash_taal,6,,True,2026_main,2026,2026_main:2:19
2026_20260624_kantar,2026,Kantar,Kan 11,2026-06-24,553.0,likud,24,,True,2026_main,2026,2026_main:2:19
2026_20260624_kantar,2026,Kantar,Kan 11,2026-06-24,553.0,otzma,9,,True,2026_main,2026,2026_main:2:19
2026_20260624_kantar,2026,Kantar,Kan 11,2026-06-24,553.0,raam,4,,True,2026_main,2026,2026_main:2:19
2026_20260624_kantar,2026,Kantar,Kan 11,2026-06-24,553.0,rzp,5,,True,2026_main,2026,2026_main:2:19
2026_20260624_kantar,2026,Kantar,Kan 11,2026-06-24,553.0,shas,8,,True,2026_main,2026,2026_main:2:19
2026_20260624_kantar,2026,Kantar,Kan 11,2026-06-24,553.0,together,16,,True,2026_main,2026,2026_main:2:19
2026_20260624_kantar,2026,Kantar,Kan 11,2026-06-24,553.0,utj,7,,True,2026_main,2026,2026_main:2:19
2026_20260624_kantar,2026,Kantar,Kan 11,2026-06-24,553.0,yashar,22,,True,2026_main,2026,2026_main:2:19
2026_20260624_kantar,2026,Kantar,Kan 11,2026-06-24,553.0,yisrael_beytenu,10,,True,2026_main,2026,2026_main:2:19
2026_20260624_kantar,2026,Kantar,Kan 11,2026-06-24,553.0,zionist_home,0,2.4,True,2026_main,2026,2026_main:2:19
2026_20260624_midgamproject,2026,Midgam Project,Channel 13,2026-06-24,,balad,0,1.5,True,2026_main,2026,2026_main:2:18
2026_20260624_midgamproject,2026,Midgam Project,Channel 13,2026-06-24,,blue_white,0,1.8,True,2026_main,2026,2026_main:2:18
2026_20260624_midgamproject,2026,Midgam Project,Channel 13,2026-06-24,,democrats,10,,True,2026_main,2026,2026_main:2:18
2026_20260624_midgamproject,2026,Midgam Project,Channel 13,2026-06-24,,hadash_taal,6,,True,2026_main,2026,2026_main:2:18
2026_20260624_midgamproject,2026,Midgam Project,Channel 13,2026-06-24,,likud,23,,True,2026_main,2026,2026_main:2:18
2026_20260624_midgamproject,2026,Midgam Project,Channel 13,2026-06-24,,otzma,9,,True,2026_main,2026,2026_main:2:18
2026_20260624_midgamproject,2026,Midgam Project,Channel 13,2026-06-24,,raam,4,,True,2026_main,2026,2026_main:2:18
2026_20260624_midgamproject,2026,Midgam Project,Channel 13,2026-06-24,,rzp,5,,True,2026_main,2026,2026_main:2:18
2026_20260624_midgamproject,2026,Midgam Project,Channel 13,2026-06-24,,shas,8,,True,2026_main,2026,2026_main:2:18
2026_20260624_midgamproject,2026,Midgam Project,Channel 13,2026-06-24,,together,15,,True,2026_main,2026,2026_main:2:18
2026_20260624_midgamproject,2026,Midgam Project,Channel 13,2026-06-24,,utj,8,,True,2026_main,2026,2026_main:2:18
2026_20260624_midgamproject,2026,Midgam Project,Channel 13,2026-06-24,,yashar,20,,True,2026_main,2026,2026_main:2:18
2026_20260624_midgamproject,2026,Midgam Project,Channel 13,2026-06-24,,yisrael_beytenu,12,,True,2026_main,2026,2026_main:2:18
2026_20260624_midgamproject,2026,Midgam Project,Channel 13,2026-06-24,,zionist_home,0,1.3,True,2026_main,2026,2026_main:2:18
2026_20260625_directpolls,2026,Direct Polls,i24 News,2026-06-25,530.0,balad+hadash_taal,7,,True,2026_main,2026,2026_main:2:15
2026_20260625_directpolls,2026,Direct Polls,i24 News,2026-06-25,530.0,blue_white,0,1.2,True,2026_main,2026,2026_main:2:15
2026_20260625_directpolls,2026,Direct Polls,i24 News,2026-06-25,530.0,democrats,10,,True,2026_main,2026,2026_main:2:15
2026_20260625_directpolls,2026,Direct Polls,i24 News,2026-06-25,530.0,likud,27,,True,2026_main,2026,2026_main:2:15
2026_20260625_directpolls,2026,Direct Polls,i24 News,2026-06-25,530.0,otzma,8,,True,2026_main,2026,2026_main:2:15
2026_20260625_directpolls,2026,Direct Polls,i24 News,2026-06-25,530.0,raam,5,,True,2026_main,2026,2026_main:2:15
2026_20260625_directpolls,2026,Direct Polls,i24 News,2026-06-25,530.0,rzp,5,,True,2026_main,2026,2026_main:2:15
2026_20260625_directpolls,2026,Direct Polls,i24 News,2026-06-25,530.0,shas,9,,True,2026_main,2026,2026_main:2:15
2026_20260625_directpolls,2026,Direct Polls,i24 News,2026-06-25,530.0,together,11,,True,2026_main,2026,2026_main:2:15
2026_20260625_directpolls,2026,Direct Polls,i24 News,2026-06-25,530.0,utj,8,,True,2026_main,2026,2026_main:2:15
2026_20260625_directpolls,2026,Direct Polls,i24 News,2026-06-25,530.0,yashar,20,,True,2026_main,2026,2026_main:2:15
2026_20260625_directpolls,2026,Direct Polls,i24 News,2026-06-25,530.0,yisrael_beytenu,10,,True,2026_main,2026,2026_main:2:15
2026_20260625_directpolls,2026,Direct Polls,i24 News,2026-06-25,530.0,zionist_home,0,1.7,True,2026_main,2026,2026_main:2:15
2026_20260625_filber,2026,Filber,Channel 14,2026-06-25,654.0,balad+hadash_taal,5,,True,2026_main,2026,2026_main:2:14
2026_20260625_filber,2026,Filber,Channel 14,2026-06-25,654.0,blue_white,0,1.8,True,2026_main,2026,2026_main:2:14
2026_20260625_filber,2026,Filber,Channel 14,2026-06-25,654.0,democrats,9,,True,2026_main,2026,2026_main:2:14
2026_20260625_filber,2026,Filber,Channel 14,2026-06-25,654.0,likud,33,,True,2026_main,2026,2026_main:2:14
2026_20260625_filber,2026,Filber,Channel 14,2026-06-25,654.0,otzma,7,,True,2026_main,2026,2026_main:2:14
2026_20260625_filber,2026,Filber,Channel 14,2026-06-25,654.0,raam,5,,True,2026_main,2026,2026_main:2:14
2026_20260625_filber,2026,Filber,Channel 14,2026-06-25,654.0,rzp,4,,True,2026_main,2026,2026_main:2:14
2026_20260625_filber,2026,Filber,Channel 14,2026-06-25,654.0,shas,11,,True,2026_main,2026,2026_main:2:14
2026_20260625_filber,2026,Filber,Channel 14,2026-06-25,654.0,together,9,,True,2026_main,2026,2026_main:2:14
2026_20260625_filber,2026,Filber,Channel 14,2026-06-25,654.0,utj,8,,True,2026_main,2026,2026_main:2:14
2026_20260625_filber,2026,Filber,Channel 14,2026-06-25,654.0,yashar,20,,True,2026_main,2026,2026_main:2:14
2026_20260625_filber,2026,Filber,Channel 14,2026-06-25,654.0,yisrael_beytenu,9,,True,2026_main,2026,2026_main:2:14
2026_20260625_kantar,2026,Kantar,Israel Hayom,2026-06-25,,balad,0,1.7,True,2026_main,2026,2026_main:2:12
2026_20260625_kantar,2026,Kantar,Israel Hayom,2026-06-25,,blue_white,0,1.8,True,2026_main,2026,2026_main:2:12
2026_20260625_kantar,2026,Kantar,Israel Hayom,2026-06-25,,democrats,10,,True,2026_main,2026,2026_main:2:12
2026_20260625_kantar,2026,Kantar,Israel Hayom,2026-06-25,,hadash_taal,7,,True,2026_main,2026,2026_main:2:12
2026_20260625_kantar,2026,Kantar,Israel Hayom,2026-06-25,,likud,24,,True,2026_main,2026,2026_main:2:12
2026_20260625_kantar,2026,Kantar,Israel Hayom,2026-06-25,,otzma,9,,True,2026_main,2026,2026_main:2:12
2026_20260625_kantar,2026,Kantar,Israel Hayom,2026-06-25,,raam,4,,True,2026_main,2026,2026_main:2:12
2026_20260625_kantar,2026,Kantar,Israel Hayom,2026-06-25,,rzp,4,,True,2026_main,2026,2026_main:2:12
2026_20260625_kantar,2026,Kantar,Israel Hayom,2026-06-25,,shas,8,,True,2026_main,2026,2026_main:2:12
2026_20260625_kantar,2026,Kantar,Israel Hayom,2026-06-25,,together,16,,True,2026_main,2026,2026_main:2:12
2026_20260625_kantar,2026,Kantar,Israel Hayom,2026-06-25,,utj,8,,True,2026_main,2026,2026_main:2:12
2026_20260625_kantar,2026,Kantar,Israel Hayom,2026-06-25,,yashar,21,,True,2026_main,2026,2026_main:2:12
2026_20260625_kantar,2026,Kantar,Israel Hayom,2026-06-25,,yisrael_beytenu,9,,True,2026_main,2026,2026_main:2:12
2026_20260625_kantar,2026,Kantar,Israel Hayom,2026-06-25,,zionist_home,0,2.7,True,2026_main,2026,2026_main:2:12
2026_20260625_lazar,2026,Lazar,Maariv,2026-06-25,500.0,balad,0,1.6,True,2026_main,2026,2026_main:2:16
2026_20260625_lazar,2026,Lazar,Maariv,2026-06-25,500.0,blue_white,0,1.7,True,2026_main,2026,2026_main:2:16
2026_20260625_lazar,2026,Lazar,Maariv,2026-06-25,500.0,democrats,10,,True,2026_main,2026,2026_main:2:16
2026_20260625_lazar,2026,Lazar,Maariv,2026-06-25,500.0,hadash_taal,6,,True,2026_main,2026,2026_main:2:16
2026_20260625_lazar,2026,Lazar,Maariv,2026-06-25,500.0,likud,22,,True,2026_main,2026,2026_main:2:16
2026_20260625_lazar,2026,Lazar,Maariv,2026-06-25,500.0,otzma,9,,True,2026_main,2026,2026_main:2:16
2026_20260625_lazar,2026,Lazar,Maariv,2026-06-25,500.0,raam,4,,True,2026_main,2026,2026_main:2:16
2026_20260625_lazar,2026,Lazar,Maariv,2026-06-25,500.0,rzp,4,,True,2026_main,2026,2026_main:2:16
2026_20260625_lazar,2026,Lazar,Maariv,2026-06-25,500.0,shas,8,,True,2026_main,2026,2026_main:2:16
2026_20260625_lazar,2026,Lazar,Maariv,2026-06-25,500.0,together,18,,True,2026_main,2026,2026_main:2:16
2026_20260625_lazar,2026,Lazar,Maariv,2026-06-25,500.0,utj,7,,True,2026_main,2026,2026_main:2:16
2026_20260625_lazar,2026,Lazar,Maariv,2026-06-25,500.0,yashar,21,,True,2026_main,2026,2026_main:2:16
2026_20260625_lazar,2026,Lazar,Maariv,2026-06-25,500.0,yisrael_beytenu,11,,True,2026_main,2026,2026_main:2:16
2026_20260625_lazar,2026,Lazar,Maariv,2026-06-25,500.0,zionist_home,0,1.2,True,2026_main,2026,2026_main:2:16
2026_20260625_midgam,2026,Midgam,HaHadashot 12,2026-06-25,504.0,balad,0,1.7,True,2026_main,2026,2026_main:2:13
2026_20260625_midgam,2026,Midgam,HaHadashot 12,2026-06-25,504.0,blue_white,0,1.8,True,2026_main,2026,2026_main:2:13
2026_20260625_midgam,2026,Midgam,HaHadashot 12,2026-06-25,504.0,democrats,10,,True,2026_main,2026,2026_main:2:13
2026_20260625_midgam,2026,Midgam,HaHadashot 12,2026-06-25,504.0,hadash_taal,6,,True,2026_main,2026,2026_main:2:13
2026_20260625_midgam,2026,Midgam,HaHadashot 12,2026-06-25,504.0,likud,23,,True,2026_main,2026,2026_main:2:13
2026_20260625_midgam,2026,Midgam,HaHadashot 12,2026-06-25,504.0,otzma,9,,True,2026_main,2026,2026_main:2:13
2026_20260625_midgam,2026,Midgam,HaHadashot 12,2026-06-25,504.0,raam,4,,True,2026_main,2026,2026_main:2:13
2026_20260625_midgam,2026,Midgam,HaHadashot 12,2026-06-25,504.0,rzp,4,,True,2026_main,2026,2026_main:2:13
2026_20260625_midgam,2026,Midgam,HaHadashot 12,2026-06-25,504.0,shas,9,,True,2026_main,2026,2026_main:2:13
2026_20260625_midgam,2026,Midgam,HaHadashot 12,2026-06-25,504.0,together,18,,True,2026_main,2026,2026_main:2:13
2026_20260625_midgam,2026,Midgam,HaHadashot 12,2026-06-25,504.0,utj,7,,True,2026_main,2026,2026_main:2:13
2026_20260625_midgam,2026,Midgam,HaHadashot 12,2026-06-25,504.0,yashar,21,,True,2026_main,2026,2026_main:2:13
2026_20260625_midgam,2026,Midgam,HaHadashot 12,2026-06-25,504.0,yisrael_beytenu,9,,True,2026_main,2026,2026_main:2:13
2026_20260625_midgam,2026,Midgam,HaHadashot 12,2026-06-25,504.0,zionist_home,0,1.6,True,2026_main,2026,2026_main:2:13
2026_20260625_tatika,2026,Tatika,Zman Yisrael,2026-06-25,500.0,blue_white,4,,True,2026_main,2026,2026_main:2:17
2026_20260625_tatika,2026,Tatika,Zman Yisrael,2026-06-25,500.0,democrats,7,,True,2026_main,2026,2026_main:2:17
2026_20260625_tatika,2026,Tatika,Zman Yisrael,2026-06-25,500.0,hadash_taal,4,,True,2026_main,2026,2026_main:2:17
2026_20260625_tatika,2026,Tatika,Zman Yisrael,2026-06-25,500.0,likud,21,,True,2026_main,2026,2026_main:2:17
2026_20260625_tatika,2026,Tatika,Zman Yisrael,2026-06-25,500.0,otzma,8,,True,2026_main,2026,2026_main:2:17
2026_20260625_tatika,2026,Tatika,Zman Yisrael,2026-06-25,500.0,raam,4,,True,2026_main,2026,2026_main:2:17
2026_20260625_tatika,2026,Tatika,Zman Yisrael,2026-06-25,500.0,rzp,4,,True,2026_main,2026,2026_main:2:17
2026_20260625_tatika,2026,Tatika,Zman Yisrael,2026-06-25,500.0,shas,10,,True,2026_main,2026,2026_main:2:17
2026_20260625_tatika,2026,Tatika,Zman Yisrael,2026-06-25,500.0,together,17,,True,2026_main,2026,2026_main:2:17
2026_20260625_tatika,2026,Tatika,Zman Yisrael,2026-06-25,500.0,utj,7,,True,2026_main,2026,2026_main:2:17
2026_20260625_tatika,2026,Tatika,Zman Yisrael,2026-06-25,500.0,yashar,23,,True,2026_main,2026,2026_main:2:17
2026_20260625_tatika,2026,Tatika,Zman Yisrael,2026-06-25,500.0,yisrael_beytenu,11,,True,2026_main,2026,2026_main:2:17
2026_20260629_midgam,2026,Midgam,HaHadashot 12,2026-06-29,,balad,0,1.4,True,2026_main,2026,2026_main:2:11
2026_20260629_midgam,2026,Midgam,HaHadashot 12,2026-06-29,,blue_white,0,2.5,True,2026_main,2026,2026_main:2:11
2026_20260629_midgam,2026,Midgam,HaHadashot 12,2026-06-29,,democrats,10,,True,2026_main,2026,2026_main:2:11
2026_20260629_midgam,2026,Midgam,HaHadashot 12,2026-06-29,,hadash_taal,5,,True,2026_main,2026,2026_main:2:11
2026_20260629_midgam,2026,Midgam,HaHadashot 12,2026-06-29,,likud,24,,True,2026_main,2026,2026_main:2:11
2026_20260629_midgam,2026,Midgam,HaHadashot 12,2026-06-29,,otzma,8,,True,2026_main,2026,2026_main:2:11
2026_20260629_midgam,2026,Midgam,HaHadashot 12,2026-06-29,,raam,5,,True,2026_main,2026,2026_main:2:11
2026_20260629_midgam,2026,Midgam,HaHadashot 12,2026-06-29,,rzp,4,,True,2026_main,2026,2026_main:2:11
2026_20260629_midgam,2026,Midgam,HaHadashot 12,2026-06-29,,shas,9,,True,2026_main,2026,2026_main:2:11
2026_20260629_midgam,2026,Midgam,HaHadashot 12,2026-06-29,,together,17,,True,2026_main,2026,2026_main:2:11
2026_20260629_midgam,2026,Midgam,HaHadashot 12,2026-06-29,,utj,7,,True,2026_main,2026,2026_main:2:11
2026_20260629_midgam,2026,Midgam,HaHadashot 12,2026-06-29,,yashar,22,,True,2026_main,2026,2026_main:2:11
2026_20260629_midgam,2026,Midgam,HaHadashot 12,2026-06-29,,yisrael_beytenu,9,,True,2026_main,2026,2026_main:2:11
2026_20260629_midgam,2026,Midgam,HaHadashot 12,2026-06-29,,zionist_home,0,2.2,True,2026_main,2026,2026_main:2:11
2026_20260630_directpolls,2026,Direct Polls,i24 News,2026-06-30,,balad+hadash_taal,7,,True,2026_main,2026,2026_main:2:10
2026_20260630_directpolls,2026,Direct Polls,i24 News,2026-06-30,,democrats,11,,True,2026_main,2026,2026_main:2:10
2026_20260630_directpolls,2026,Direct Polls,i24 News,2026-06-30,,likud,29,,True,2026_main,2026,2026_main:2:10
2026_20260630_directpolls,2026,Direct Polls,i24 News,2026-06-30,,otzma,8,,True,2026_main,2026,2026_main:2:10
2026_20260630_directpolls,2026,Direct Polls,i24 News,2026-06-30,,raam,5,,True,2026_main,2026,2026_main:2:10
2026_20260630_directpolls,2026,Direct Polls,i24 News,2026-06-30,,rzp,4,,True,2026_main,2026,2026_main:2:10
2026_20260630_directpolls,2026,Direct Polls,i24 News,2026-06-30,,shas,9,,True,2026_main,2026,2026_main:2:10
2026_20260630_directpolls,2026,Direct Polls,i24 News,2026-06-30,,together,11,,True,2026_main,2026,2026_main:2:10
2026_20260630_directpolls,2026,Direct Polls,i24 News,2026-06-30,,utj,8,,True,2026_main,2026,2026_main:2:10
2026_20260630_directpolls,2026,Direct Polls,i24 News,2026-06-30,,yashar,19,,True,2026_main,2026,2026_main:2:10
2026_20260630_directpolls,2026,Direct Polls,i24 News,2026-06-30,,yisrael_beytenu,9,,True,2026_main,2026,2026_main:2:10
2026_20260701_midgamproject,2026,Midgam Project,Channel 13,2026-07-01,1108.0,balad,0,1.3,True,2026_main,2026,2026_main:2:9
2026_20260701_midgamproject,2026,Midgam Project,Channel 13,2026-07-01,1108.0,blue_white,0,1.8,True,2026_main,2026,2026_main:2:9
2026_20260701_midgamproject,2026,Midgam Project,Channel 13,2026-07-01,1108.0,democrats,11,,True,2026_main,2026,2026_main:2:9
2026_20260701_midgamproject,2026,Midgam Project,Channel 13,2026-07-01,1108.0,hadash_taal,6,,True,2026_main,2026,2026_main:2:9
2026_20260701_midgamproject,2026,Midgam Project,Channel 13,2026-07-01,1108.0,likud,21,,True,2026_main,2026,2026_main:2:9
2026_20260701_midgamproject,2026,Midgam Project,Channel 13,2026-07-01,1108.0,otzma,8,,True,2026_main,2026,2026_main:2:9
2026_20260701_midgamproject,2026,Midgam Project,Channel 13,2026-07-01,1108.0,raam,5,,True,2026_main,2026,2026_main:2:9
2026_20260701_midgamproject,2026,Midgam Project,Channel 13,2026-07-01,1108.0,rzp,5,,True,2026_main,2026,2026_main:2:9
2026_20260701_midgamproject,2026,Midgam Project,Channel 13,2026-07-01,1108.0,shas,9,,True,2026_main,2026,2026_main:2:9
2026_20260701_midgamproject,2026,Midgam Project,Channel 13,2026-07-01,1108.0,together,17,,True,2026_main,2026,2026_main:2:9
2026_20260701_midgamproject,2026,Midgam Project,Channel 13,2026-07-01,1108.0,utj,8,,True,2026_main,2026,2026_main:2:9
2026_20260701_midgamproject,2026,Midgam Project,Channel 13,2026-07-01,1108.0,yashar,20,,True,2026_main,2026,2026_main:2:9
2026_20260701_midgamproject,2026,Midgam Project,Channel 13,2026-07-01,1108.0,yisrael_beytenu,10,,True,2026_main,2026,2026_main:2:9
2026_20260701_midgamproject,2026,Midgam Project,Channel 13,2026-07-01,1108.0,zionist_home,0,1.4,True,2026_main,2026,2026_main:2:9
2026_20260702_filber,2026,Filber,Channel 14,2026-07-02,,balad+hadash_taal,6,,True,2026_main,2026,2026_main:2:6
2026_20260702_filber,2026,Filber,Channel 14,2026-07-02,,blue_white,0,1.9,True,2026_main,2026,2026_main:2:6
2026_20260702_filber,2026,Filber,Channel 14,2026-07-02,,democrats,9,,True,2026_main,2026,2026_main:2:6
2026_20260702_filber,2026,Filber,Channel 14,2026-07-02,,likud,33,,True,2026_main,2026,2026_main:2:6
2026_20260702_filber,2026,Filber,Channel 14,2026-07-02,,otzma,7,,True,2026_main,2026,2026_main:2:6
2026_20260702_filber,2026,Filber,Channel 14,2026-07-02,,raam,5,,True,2026_main,2026,2026_main:2:6
2026_20260702_filber,2026,Filber,Channel 14,2026-07-02,,rzp,5,,True,2026_main,2026,2026_main:2:6
2026_20260702_filber,2026,Filber,Channel 14,2026-07-02,,shas,11,,True,2026_main,2026,2026_main:2:6
2026_20260702_filber,2026,Filber,Channel 14,2026-07-02,,together,9,,True,2026_main,2026,2026_main:2:6
2026_20260702_filber,2026,Filber,Channel 14,2026-07-02,,utj,7,,True,2026_main,2026,2026_main:2:6
2026_20260702_filber,2026,Filber,Channel 14,2026-07-02,,yashar,20,,True,2026_main,2026,2026_main:2:6
2026_20260702_filber,2026,Filber,Channel 14,2026-07-02,,yisrael_beytenu,8,,True,2026_main,2026,2026_main:2:6
2026_20260702_lazar,2026,Lazar,Maariv,2026-07-02,606.0,balad,0,1.6,True,2026_main,2026,2026_main:2:7
2026_20260702_lazar,2026,Lazar,Maariv,2026-07-02,606.0,blue_white,0,0.8,True,2026_main,2026,2026_main:2:7
2026_20260702_lazar,2026,Lazar,Maariv,2026-07-02,606.0,democrats,10,,True,2026_main,2026,2026_main:2:7
2026_20260702_lazar,2026,Lazar,Maariv,2026-07-02,606.0,hadash_taal,6,,True,2026_main,2026,2026_main:2:7
2026_20260702_lazar,2026,Lazar,Maariv,2026-07-02,606.0,likud,21,,True,2026_main,2026,2026_main:2:7
2026_20260702_lazar,2026,Lazar,Maariv,2026-07-02,606.0,otzma,8,,True,2026_main,2026,2026_main:2:7
2026_20260702_lazar,2026,Lazar,Maariv,2026-07-02,606.0,raam,5,,True,2026_main,2026,2026_main:2:7
2026_20260702_lazar,2026,Lazar,Maariv,2026-07-02,606.0,rzp,5,,True,2026_main,2026,2026_main:2:7
2026_20260702_lazar,2026,Lazar,Maariv,2026-07-02,606.0,shas,8,,True,2026_main,2026,2026_main:2:7
2026_20260702_lazar,2026,Lazar,Maariv,2026-07-02,606.0,together,19,,True,2026_main,2026,2026_main:2:7
2026_20260702_lazar,2026,Lazar,Maariv,2026-07-02,606.0,utj,8,,True,2026_main,2026,2026_main:2:7
2026_20260702_lazar,2026,Lazar,Maariv,2026-07-02,606.0,yashar,20,,True,2026_main,2026,2026_main:2:7
2026_20260702_lazar,2026,Lazar,Maariv,2026-07-02,606.0,yisrael_beytenu,10,,True,2026_main,2026,2026_main:2:7
2026_20260702_lazar,2026,Lazar,Maariv,2026-07-02,606.0,zionist_home,0,1.4,True,2026_main,2026,2026_main:2:7
2026_20260702_tatika,2026,Tatika,Zman Yisrael,2026-07-02,500.0,democrats,8,,True,2026_main,2026,2026_main:2:8
2026_20260702_tatika,2026,Tatika,Zman Yisrael,2026-07-02,500.0,hadash_taal,5,,True,2026_main,2026,2026_main:2:8
2026_20260702_tatika,2026,Tatika,Zman Yisrael,2026-07-02,500.0,likud,22,,True,2026_main,2026,2026_main:2:8
2026_20260702_tatika,2026,Tatika,Zman Yisrael,2026-07-02,500.0,otzma,8,,True,2026_main,2026,2026_main:2:8
2026_20260702_tatika,2026,Tatika,Zman Yisrael,2026-07-02,500.0,raam,4,,True,2026_main,2026,2026_main:2:8
2026_20260702_tatika,2026,Tatika,Zman Yisrael,2026-07-02,500.0,rzp,5,,True,2026_main,2026,2026_main:2:8
2026_20260702_tatika,2026,Tatika,Zman Yisrael,2026-07-02,500.0,shas,10,,True,2026_main,2026,2026_main:2:8
2026_20260702_tatika,2026,Tatika,Zman Yisrael,2026-07-02,500.0,together,16,,True,2026_main,2026,2026_main:2:8
2026_20260702_tatika,2026,Tatika,Zman Yisrael,2026-07-02,500.0,utj,8,,True,2026_main,2026,2026_main:2:8
2026_20260702_tatika,2026,Tatika,Zman Yisrael,2026-07-02,500.0,yashar,23,,True,2026_main,2026,2026_main:2:8
2026_20260702_tatika,2026,Tatika,Zman Yisrael,2026-07-02,500.0,yisrael_beytenu,11,,True,2026_main,2026,2026_main:2:8
2026_20260705_kantar,2026,Kantar,Kan 11,2026-07-05,553.0,blue_white,0,1.9,True,2026_main,2026,2026_main:2:5
2026_20260705_kantar,2026,Kantar,Kan 11,2026-07-05,553.0,democrats,9,,True,2026_main,2026,2026_main:2:5
2026_20260705_kantar,2026,Kantar,Kan 11,2026-07-05,553.0,hadash_taal,6,,True,2026_main,2026,2026_main:2:5
2026_20260705_kantar,2026,Kantar,Kan 11,2026-07-05,553.0,likud,23,,True,2026_main,2026,2026_main:2:5
2026_20260705_kantar,2026,Kantar,Kan 11,2026-07-05,553.0,otzma,9,,True,2026_main,2026,2026_main:2:5
2026_20260705_kantar,2026,Kantar,Kan 11,2026-07-05,553.0,raam,4,,True,2026_main,2026,2026_main:2:5
2026_20260705_kantar,2026,Kantar,Kan 11,2026-07-05,553.0,rzp,5,,True,2026_main,2026,2026_main:2:5
2026_20260705_kantar,2026,Kantar,Kan 11,2026-07-05,553.0,shas,8,,True,2026_main,2026,2026_main:2:5
2026_20260705_kantar,2026,Kantar,Kan 11,2026-07-05,553.0,together,16,,True,2026_main,2026,2026_main:2:5
2026_20260705_kantar,2026,Kantar,Kan 11,2026-07-05,553.0,utj,8,,True,2026_main,2026,2026_main:2:5
2026_20260705_kantar,2026,Kantar,Kan 11,2026-07-05,553.0,yashar,23,,True,2026_main,2026,2026_main:2:5
2026_20260705_kantar,2026,Kantar,Kan 11,2026-07-05,553.0,yisrael_beytenu,9,,True,2026_main,2026,2026_main:2:5
2026_20260705_kantar,2026,Kantar,Kan 11,2026-07-05,553.0,zionist_home,0,2.3,True,2026_main,2026,2026_main:2:5
2026_20260706_midgam,2026,Midgam,HaHadashot 12,2026-07-06,503.0,balad,0,0.7,True,2026_main,2026,2026_main:2:4
2026_20260706_midgam,2026,Midgam,HaHadashot 12,2026-07-06,503.0,blue_white,0,1.0,True,2026_main,2026,2026_main:2:4
2026_20260706_midgam,2026,Midgam,HaHadashot 12,2026-07-06,503.0,democrats,10,,True,2026_main,2026,2026_main:2:4
2026_20260706_midgam,2026,Midgam,HaHadashot 12,2026-07-06,503.0,hadash_taal,6,,True,2026_main,2026,2026_main:2:4
2026_20260706_midgam,2026,Midgam,HaHadashot 12,2026-07-06,503.0,likud,23,,True,2026_main,2026,2026_main:2:4
2026_20260706_midgam,2026,Midgam,HaHadashot 12,2026-07-06,503.0,otzma,9,,True,2026_main,2026,2026_main:2:4
2026_20260706_midgam,2026,Midgam,HaHadashot 12,2026-07-06,503.0,raam,4,,True,2026_main,2026,2026_main:2:4
2026_20260706_midgam,2026,Midgam,HaHadashot 12,2026-07-06,503.0,rzp,4,,True,2026_main,2026,2026_main:2:4
2026_20260706_midgam,2026,Midgam,HaHadashot 12,2026-07-06,503.0,shas,8,,True,2026_main,2026,2026_main:2:4
2026_20260706_midgam,2026,Midgam,HaHadashot 12,2026-07-06,503.0,together,16,,True,2026_main,2026,2026_main:2:4
2026_20260706_midgam,2026,Midgam,HaHadashot 12,2026-07-06,503.0,utj,8,,True,2026_main,2026,2026_main:2:4
2026_20260706_midgam,2026,Midgam,HaHadashot 12,2026-07-06,503.0,yashar,23,,True,2026_main,2026,2026_main:2:4
2026_20260706_midgam,2026,Midgam,HaHadashot 12,2026-07-06,503.0,yisrael_beytenu,9,,True,2026_main,2026,2026_main:2:4
2026_20260706_midgam,2026,Midgam,HaHadashot 12,2026-07-06,503.0,zionist_home,0,1.0,True,2026_main,2026,2026_main:2:4
2026_20260708_midgamproject,2026,Midgam Project,Channel 13,2026-07-08,,blue_white,0,2.1,True,2026_main,2026,2026_main:1:40
2026_20260708_midgamproject,2026,Midgam Project,Channel 13,2026-07-08,,democrats,10,,True,2026_main,2026,2026_main:1:40
2026_20260708_midgamproject,2026,Midgam Project,Channel 13,2026-07-08,,hadash_taal,6,,True,2026_main,2026,2026_main:1:40
2026_20260708_midgamproject,2026,Midgam Project,Channel 13,2026-07-08,,likud,22,,True,2026_main,2026,2026_main:1:40
2026_20260708_midgamproject,2026,Midgam Project,Channel 13,2026-07-08,,otzma,8,,True,2026_main,2026,2026_main:1:40
2026_20260708_midgamproject,2026,Midgam Project,Channel 13,2026-07-08,,raam,5,,True,2026_main,2026,2026_main:1:40
2026_20260708_midgamproject,2026,Midgam Project,Channel 13,2026-07-08,,rzp,5,,True,2026_main,2026,2026_main:1:40
2026_20260708_midgamproject,2026,Midgam Project,Channel 13,2026-07-08,,shas,8,,True,2026_main,2026,2026_main:1:40
2026_20260708_midgamproject,2026,Midgam Project,Channel 13,2026-07-08,,together,15,,True,2026_main,2026,2026_main:1:40
2026_20260708_midgamproject,2026,Midgam Project,Channel 13,2026-07-08,,utj,8,,True,2026_main,2026,2026_main:1:40
2026_20260708_midgamproject,2026,Midgam Project,Channel 13,2026-07-08,,yashar,23,,True,2026_main,2026,2026_main:1:40
2026_20260708_midgamproject,2026,Midgam Project,Channel 13,2026-07-08,,yisrael_beytenu,10,,True,2026_main,2026,2026_main:1:40
2026_20260708_midgamproject,2026,Midgam Project,Channel 13,2026-07-08,,zionist_home,0,2.2,True,2026_main,2026,2026_main:1:40
2026_20260709_directpolls,2026,Direct Polls,i24 News,2026-07-09,527.0,balad+hadash_taal,7,,True,2026_main,2026,2026_main:1:38
2026_20260709_directpolls,2026,Direct Polls,i24 News,2026-07-09,527.0,democrats,10,,True,2026_main,2026,2026_main:1:38
2026_20260709_directpolls,2026,Direct Polls,i24 News,2026-07-09,527.0,likud,29,,True,2026_main,2026,2026_main:1:38
2026_20260709_directpolls,2026,Direct Polls,i24 News,2026-07-09,527.0,otzma,8,,True,2026_main,2026,2026_main:1:38
2026_20260709_directpolls,2026,Direct Polls,i24 News,2026-07-09,527.0,raam,5,,True,2026_main,2026,2026_main:1:38
2026_20260709_directpolls,2026,Direct Polls,i24 News,2026-07-09,527.0,rzp,5,,True,2026_main,2026,2026_main:1:38
2026_20260709_directpolls,2026,Direct Polls,i24 News,2026-07-09,527.0,shas,9,,True,2026_main,2026,2026_main:1:38
2026_20260709_directpolls,2026,Direct Polls,i24 News,2026-07-09,527.0,together,9,,True,2026_main,2026,2026_main:1:38
2026_20260709_directpolls,2026,Direct Polls,i24 News,2026-07-09,527.0,utj,8,,True,2026_main,2026,2026_main:1:38
2026_20260709_directpolls,2026,Direct Polls,i24 News,2026-07-09,527.0,yashar,21,,True,2026_main,2026,2026_main:1:38
2026_20260709_directpolls,2026,Direct Polls,i24 News,2026-07-09,527.0,yisrael_beytenu,9,,True,2026_main,2026,2026_main:1:38
2026_20260709_filber,2026,Filber,Channel 14,2026-07-09,752.0,balad+hadash_taal,5,,True,2026_main,2026,2026_main:1:37
2026_20260709_filber,2026,Filber,Channel 14,2026-07-09,752.0,blue_white,0,0.8,True,2026_main,2026,2026_main:1:37
2026_20260709_filber,2026,Filber,Channel 14,2026-07-09,752.0,democrats,10,,True,2026_main,2026,2026_main:1:37
2026_20260709_filber,2026,Filber,Channel 14,2026-07-09,752.0,likud,33,,True,2026_main,2026,2026_main:1:37
2026_20260709_filber,2026,Filber,Channel 14,2026-07-09,752.0,otzma,7,,True,2026_main,2026,2026_main:1:37
2026_20260709_filber,2026,Filber,Channel 14,2026-07-09,752.0,raam,5,,True,2026_main,2026,2026_main:1:37
2026_20260709_filber,2026,Filber,Channel 14,2026-07-09,752.0,rzp,5,,True,2026_main,2026,2026_main:1:37
2026_20260709_filber,2026,Filber,Channel 14,2026-07-09,752.0,shas,10,,True,2026_main,2026,2026_main:1:37
2026_20260709_filber,2026,Filber,Channel 14,2026-07-09,752.0,together,8,,True,2026_main,2026,2026_main:1:37
2026_20260709_filber,2026,Filber,Channel 14,2026-07-09,752.0,utj,8,,True,2026_main,2026,2026_main:1:37
2026_20260709_filber,2026,Filber,Channel 14,2026-07-09,752.0,yashar,21,,True,2026_main,2026,2026_main:1:37
2026_20260709_filber,2026,Filber,Channel 14,2026-07-09,752.0,yisrael_beytenu,8,,True,2026_main,2026,2026_main:1:37
2026_20260709_filber,2026,Filber,Channel 14,2026-07-09,752.0,zionist_home,0,1.6,True,2026_main,2026,2026_main:1:37
2026_20260709_kantar,2026,Kantar,Israel Hayom,2026-07-09,,balad,0,2.2,True,2026_main,2026,2026_main:1:36
2026_20260709_kantar,2026,Kantar,Israel Hayom,2026-07-09,,blue_white,0,2.1,True,2026_main,2026,2026_main:1:36
2026_20260709_kantar,2026,Kantar,Israel Hayom,2026-07-09,,democrats,8,,True,2026_main,2026,2026_main:1:36
2026_20260709_kantar,2026,Kantar,Israel Hayom,2026-07-09,,hadash_taal,5,,True,2026_main,2026,2026_main:1:36
2026_20260709_kantar,2026,Kantar,Israel Hayom,2026-07-09,,likud,24,,True,2026_main,2026,2026_main:1:36
2026_20260709_kantar,2026,Kantar,Israel Hayom,2026-07-09,,otzma,8,,True,2026_main,2026,2026_main:1:36
2026_20260709_kantar,2026,Kantar,Israel Hayom,2026-07-09,,raam,5,,True,2026_main,2026,2026_main:1:36
2026_20260709_kantar,2026,Kantar,Israel Hayom,2026-07-09,,rzp,4,,True,2026_main,2026,2026_main:1:36
2026_20260709_kantar,2026,Kantar,Israel Hayom,2026-07-09,,shas,8,,True,2026_main,2026,2026_main:1:36
2026_20260709_kantar,2026,Kantar,Israel Hayom,2026-07-09,,together,14,,True,2026_main,2026,2026_main:1:36
2026_20260709_kantar,2026,Kantar,Israel Hayom,2026-07-09,,utj,9,,True,2026_main,2026,2026_main:1:36
2026_20260709_kantar,2026,Kantar,Israel Hayom,2026-07-09,,yashar,23,,True,2026_main,2026,2026_main:1:36
2026_20260709_kantar,2026,Kantar,Israel Hayom,2026-07-09,,yisrael_beytenu,8,,True,2026_main,2026,2026_main:1:36
2026_20260709_kantar,2026,Kantar,Israel Hayom,2026-07-09,,zionist_home,4,,True,2026_main,2026,2026_main:1:36
2026_20260709_lazar,2026,Lazar,Maariv,2026-07-09,500.0,balad,0,1.8,True,2026_main,2026,2026_main:1:39
2026_20260709_lazar,2026,Lazar,Maariv,2026-07-09,500.0,blue_white,0,1.4,True,2026_main,2026,2026_main:1:39
2026_20260709_lazar,2026,Lazar,Maariv,2026-07-09,500.0,democrats,10,,True,2026_main,2026,2026_main:1:39
2026_20260709_lazar,2026,Lazar,Maariv,2026-07-09,500.0,hadash_taal,6,,True,2026_main,2026,2026_main:1:39
2026_20260709_lazar,2026,Lazar,Maariv,2026-07-09,500.0,likud,21,,True,2026_main,2026,2026_main:1:39
2026_20260709_lazar,2026,Lazar,Maariv,2026-07-09,500.0,otzma,8,,True,2026_main,2026,2026_main:1:39
2026_20260709_lazar,2026,Lazar,Maariv,2026-07-09,500.0,raam,5,,True,2026_main,2026,2026_main:1:39
2026_20260709_lazar,2026,Lazar,Maariv,2026-07-09,500.0,rzp,4,,True,2026_main,2026,2026_main:1:39
2026_20260709_lazar,2026,Lazar,Maariv,2026-07-09,500.0,shas,8,,True,2026_main,2026,2026_main:1:39
2026_20260709_lazar,2026,Lazar,Maariv,2026-07-09,500.0,together,18,,True,2026_main,2026,2026_main:1:39
2026_20260709_lazar,2026,Lazar,Maariv,2026-07-09,500.0,utj,8,,True,2026_main,2026,2026_main:1:39
2026_20260709_lazar,2026,Lazar,Maariv,2026-07-09,500.0,yashar,22,,True,2026_main,2026,2026_main:1:39
2026_20260709_lazar,2026,Lazar,Maariv,2026-07-09,500.0,yisrael_beytenu,10,,True,2026_main,2026,2026_main:1:39
2026_20260709_lazar,2026,Lazar,Maariv,2026-07-09,500.0,zionist_home,0,2.9,True,2026_main,2026,2026_main:1:39
2026_20260712_kantar,2026,Kantar,Kan 11,2026-07-12,551.0,balad,0,2.0,True,2026_main,2026,2026_main:1:35
2026_20260712_kantar,2026,Kantar,Kan 11,2026-07-12,551.0,blue_white,0,2.7,True,2026_main,2026,2026_main:1:35
2026_20260712_kantar,2026,Kantar,Kan 11,2026-07-12,551.0,democrats,9,,True,2026_main,2026,2026_main:1:35
2026_20260712_kantar,2026,Kantar,Kan 11,2026-07-12,551.0,hadash_taal,5,,True,2026_main,2026,2026_main:1:35
2026_20260712_kantar,2026,Kantar,Kan 11,2026-07-12,551.0,likud,23,,True,2026_main,2026,2026_main:1:35
2026_20260712_kantar,2026,Kantar,Kan 11,2026-07-12,551.0,otzma,8,,True,2026_main,2026,2026_main:1:35
2026_20260712_kantar,2026,Kantar,Kan 11,2026-07-12,551.0,raam,5,,True,2026_main,2026,2026_main:1:35
2026_20260712_kantar,2026,Kantar,Kan 11,2026-07-12,551.0,rzp,5,,True,2026_main,2026,2026_main:1:35
2026_20260712_kantar,2026,Kantar,Kan 11,2026-07-12,551.0,shas,8,,True,2026_main,2026,2026_main:1:35
2026_20260712_kantar,2026,Kantar,Kan 11,2026-07-12,551.0,together,15,,True,2026_main,2026,2026_main:1:35
2026_20260712_kantar,2026,Kantar,Kan 11,2026-07-12,551.0,utj,8,,True,2026_main,2026,2026_main:1:35
2026_20260712_kantar,2026,Kantar,Kan 11,2026-07-12,551.0,yashar,24,,True,2026_main,2026,2026_main:1:35
2026_20260712_kantar,2026,Kantar,Kan 11,2026-07-12,551.0,yisrael_beytenu,10,,True,2026_main,2026,2026_main:1:35
2026_20260712_kantar,2026,Kantar,Kan 11,2026-07-12,551.0,zionist_home,0,3.1,True,2026_main,2026,2026_main:1:35
2026_20260713_midgam,2026,Midgam,HaHadashot 12,2026-07-13,509.0,balad,0,0.9,True,2026_main,2026,2026_main:1:34
2026_20260713_midgam,2026,Midgam,HaHadashot 12,2026-07-13,509.0,blue_white,0,1.4,True,2026_main,2026,2026_main:1:34
2026_20260713_midgam,2026,Midgam,HaHadashot 12,2026-07-13,509.0,democrats,10,,True,2026_main,2026,2026_main:1:34
2026_20260713_midgam,2026,Midgam,HaHadashot 12,2026-07-13,509.0,hadash_taal,5,,True,2026_main,2026,2026_main:1:34
2026_20260713_midgam,2026,Midgam,HaHadashot 12,2026-07-13,509.0,likud,22,,True,2026_main,2026,2026_main:1:34
2026_20260713_midgam,2026,Midgam,HaHadashot 12,2026-07-13,509.0,otzma,8,,True,2026_main,2026,2026_main:1:34
2026_20260713_midgam,2026,Midgam,HaHadashot 12,2026-07-13,509.0,raam,5,,True,2026_main,2026,2026_main:1:34
2026_20260713_midgam,2026,Midgam,HaHadashot 12,2026-07-13,509.0,rzp,5,,True,2026_main,2026,2026_main:1:34
2026_20260713_midgam,2026,Midgam,HaHadashot 12,2026-07-13,509.0,shas,8,,True,2026_main,2026,2026_main:1:34
2026_20260713_midgam,2026,Midgam,HaHadashot 12,2026-07-13,509.0,together,16,,True,2026_main,2026,2026_main:1:34
2026_20260713_midgam,2026,Midgam,HaHadashot 12,2026-07-13,509.0,utj,8,,True,2026_main,2026,2026_main:1:34
2026_20260713_midgam,2026,Midgam,HaHadashot 12,2026-07-13,509.0,yashar,23,,True,2026_main,2026,2026_main:1:34
2026_20260713_midgam,2026,Midgam,HaHadashot 12,2026-07-13,509.0,yisrael_beytenu,10,,True,2026_main,2026,2026_main:1:34
2026_20260713_midgam,2026,Midgam,HaHadashot 12,2026-07-13,509.0,zionist_home,0,2.9,True,2026_main,2026,2026_main:1:34
2026_20260715_midgamproject,2026,Midgam Project,Channel 13,2026-07-15,,balad,0,2.0,True,2026_main,2026,2026_main:1:33
2026_20260715_midgamproject,2026,Midgam Project,Channel 13,2026-07-15,,blue_white,0,0.8,True,2026_main,2026,2026_main:1:33
2026_20260715_midgamproject,2026,Midgam Project,Channel 13,2026-07-15,,democrats,11,,True,2026_main,2026,2026_main:1:33
2026_20260715_midgamproject,2026,Midgam Project,Channel 13,2026-07-15,,hadash_taal,5,,True,2026_main,2026,2026_main:1:33
2026_20260715_midgamproject,2026,Midgam Project,Channel 13,2026-07-15,,likud,22,,True,2026_main,2026,2026_main:1:33
2026_20260715_midgamproject,2026,Midgam Project,Channel 13,2026-07-15,,otzma,7,,True,2026_main,2026,2026_main:1:33
2026_20260715_midgamproject,2026,Midgam Project,Channel 13,2026-07-15,,raam,4,,True,2026_main,2026,2026_main:1:33
2026_20260715_midgamproject,2026,Midgam Project,Channel 13,2026-07-15,,rzp,6,,True,2026_main,2026,2026_main:1:33
2026_20260715_midgamproject,2026,Midgam Project,Channel 13,2026-07-15,,shas,7,,True,2026_main,2026,2026_main:1:33
2026_20260715_midgamproject,2026,Midgam Project,Channel 13,2026-07-15,,together,15,,True,2026_main,2026,2026_main:1:33
2026_20260715_midgamproject,2026,Midgam Project,Channel 13,2026-07-15,,utj,8,,True,2026_main,2026,2026_main:1:33
2026_20260715_midgamproject,2026,Midgam Project,Channel 13,2026-07-15,,yashar,21,,True,2026_main,2026,2026_main:1:33
2026_20260715_midgamproject,2026,Midgam Project,Channel 13,2026-07-15,,yisrael_beytenu,10,,True,2026_main,2026,2026_main:1:33
2026_20260715_midgamproject,2026,Midgam Project,Channel 13,2026-07-15,,zionist_home,4,,True,2026_main,2026,2026_main:1:33
2026_20260716_directpolls,2026,Direct Polls,i24 News,2026-07-16,550.0,balad+hadash_taal,7,,True,2026_main,2026,2026_main:1:31
2026_20260716_directpolls,2026,Direct Polls,i24 News,2026-07-16,550.0,blue_white,0,1.9,True,2026_main,2026,2026_main:1:31
2026_20260716_directpolls,2026,Direct Polls,i24 News,2026-07-16,550.0,democrats,11,,True,2026_main,2026,2026_main:1:31
2026_20260716_directpolls,2026,Direct Polls,i24 News,2026-07-16,550.0,likud,28,,True,2026_main,2026,2026_main:1:31
2026_20260716_directpolls,2026,Direct Polls,i24 News,2026-07-16,550.0,otzma,7,,True,2026_main,2026,2026_main:1:31
2026_20260716_directpolls,2026,Direct Polls,i24 News,2026-07-16,550.0,raam,5,,True,2026_main,2026,2026_main:1:31
2026_20260716_directpolls,2026,Direct Polls,i24 News,2026-07-16,550.0,rzp,6,,True,2026_main,2026,2026_main:1:31
2026_20260716_directpolls,2026,Direct Polls,i24 News,2026-07-16,550.0,shas,9,,True,2026_main,2026,2026_main:1:31
2026_20260716_directpolls,2026,Direct Polls,i24 News,2026-07-16,550.0,together,9,,True,2026_main,2026,2026_main:1:31
2026_20260716_directpolls,2026,Direct Polls,i24 News,2026-07-16,550.0,utj,8,,True,2026_main,2026,2026_main:1:31
2026_20260716_directpolls,2026,Direct Polls,i24 News,2026-07-16,550.0,yashar,22,,True,2026_main,2026,2026_main:1:31
2026_20260716_directpolls,2026,Direct Polls,i24 News,2026-07-16,550.0,yisrael_beytenu,8,,True,2026_main,2026,2026_main:1:31
2026_20260716_directpolls,2026,Direct Polls,i24 News,2026-07-16,550.0,zionist_home,0,2.1,True,2026_main,2026,2026_main:1:31
2026_20260716_filber,2026,Filber,Channel 14,2026-07-16,,balad,0,2.1,True,2026_main,2026,2026_main:1:30
2026_20260716_filber,2026,Filber,Channel 14,2026-07-16,,blue_white,0,0.9,True,2026_main,2026,2026_main:1:30
2026_20260716_filber,2026,Filber,Channel 14,2026-07-16,,democrats,11,,True,2026_main,2026,2026_main:1:30
2026_20260716_filber,2026,Filber,Channel 14,2026-07-16,,hadash_taal,5,,True,2026_main,2026,2026_main:1:30
2026_20260716_filber,2026,Filber,Channel 14,2026-07-16,,likud,32,,True,2026_main,2026,2026_main:1:30
2026_20260716_filber,2026,Filber,Channel 14,2026-07-16,,otzma,7,,True,2026_main,2026,2026_main:1:30
2026_20260716_filber,2026,Filber,Channel 14,2026-07-16,,raam,5,,True,2026_main,2026,2026_main:1:30
2026_20260716_filber,2026,Filber,Channel 14,2026-07-16,,rzp,6,,True,2026_main,2026,2026_main:1:30
2026_20260716_filber,2026,Filber,Channel 14,2026-07-16,,shas,10,,True,2026_main,2026,2026_main:1:30
2026_20260716_filber,2026,Filber,Channel 14,2026-07-16,,together,8,,True,2026_main,2026,2026_main:1:30
2026_20260716_filber,2026,Filber,Channel 14,2026-07-16,,utj,8,,True,2026_main,2026,2026_main:1:30
2026_20260716_filber,2026,Filber,Channel 14,2026-07-16,,yashar,21,,True,2026_main,2026,2026_main:1:30
2026_20260716_filber,2026,Filber,Channel 14,2026-07-16,,yisrael_beytenu,7,,True,2026_main,2026,2026_main:1:30
2026_20260716_filber,2026,Filber,Channel 14,2026-07-16,,zionist_home,0,2.5,True,2026_main,2026,2026_main:1:30
2026_20260716_tatika,2026,Tatika,Zman Yisrael,2026-07-16,500.0,balad+hadash_taal,6,,True,2026_main,2026,2026_main:1:32
2026_20260716_tatika,2026,Tatika,Zman Yisrael,2026-07-16,500.0,blue_white,4,,True,2026_main,2026,2026_main:1:32
2026_20260716_tatika,2026,Tatika,Zman Yisrael,2026-07-16,500.0,democrats,8,,True,2026_main,2026,2026_main:1:32
2026_20260716_tatika,2026,Tatika,Zman Yisrael,2026-07-16,500.0,likud,21,,True,2026_main,2026,2026_main:1:32
2026_20260716_tatika,2026,Tatika,Zman Yisrael,2026-07-16,500.0,otzma,7,,True,2026_main,2026,2026_main:1:32
2026_20260716_tatika,2026,Tatika,Zman Yisrael,2026-07-16,500.0,raam,4,,True,2026_main,2026,2026_main:1:32
2026_20260716_tatika,2026,Tatika,Zman Yisrael,2026-07-16,500.0,rzp,5,,True,2026_main,2026,2026_main:1:32
2026_20260716_tatika,2026,Tatika,Zman Yisrael,2026-07-16,500.0,shas,9,,True,2026_main,2026,2026_main:1:32
2026_20260716_tatika,2026,Tatika,Zman Yisrael,2026-07-16,500.0,together,15,,True,2026_main,2026,2026_main:1:32
2026_20260716_tatika,2026,Tatika,Zman Yisrael,2026-07-16,500.0,utj,8,,True,2026_main,2026,2026_main:1:32
2026_20260716_tatika,2026,Tatika,Zman Yisrael,2026-07-16,500.0,yashar,23,,True,2026_main,2026,2026_main:1:32
2026_20260716_tatika,2026,Tatika,Zman Yisrael,2026-07-16,500.0,yisrael_beytenu,10,,True,2026_main,2026,2026_main:1:32
2026_20260716_tatika,2026,Tatika,Zman Yisrael,2026-07-16,500.0,zionist_home,0,2.4,True,2026_main,2026,2026_main:1:32
2026_20260717_lazar,2026,Lazar,Maariv,2026-07-17,500.0,balad,0,2.0,True,2026_main,2026,2026_main:1:29
2026_20260717_lazar,2026,Lazar,Maariv,2026-07-17,500.0,blue_white,0,1.7,True,2026_main,2026,2026_main:1:29
2026_20260717_lazar,2026,Lazar,Maariv,2026-07-17,500.0,democrats,11,,True,2026_main,2026,2026_main:1:29
2026_20260717_lazar,2026,Lazar,Maariv,2026-07-17,500.0,hadash_taal,5,,True,2026_main,2026,2026_main:1:29
2026_20260717_lazar,2026,Lazar,Maariv,2026-07-17,500.0,likud,22,,True,2026_main,2026,2026_main:1:29
2026_20260717_lazar,2026,Lazar,Maariv,2026-07-17,500.0,otzma,7,,True,2026_main,2026,2026_main:1:29
2026_20260717_lazar,2026,Lazar,Maariv,2026-07-17,500.0,raam,5,,True,2026_main,2026,2026_main:1:29
2026_20260717_lazar,2026,Lazar,Maariv,2026-07-17,500.0,rzp,4,,True,2026_main,2026,2026_main:1:29
2026_20260717_lazar,2026,Lazar,Maariv,2026-07-17,500.0,shas,7,,True,2026_main,2026,2026_main:1:29
2026_20260717_lazar,2026,Lazar,Maariv,2026-07-17,500.0,together,16,,True,2026_main,2026,2026_main:1:29
2026_20260717_lazar,2026,Lazar,Maariv,2026-07-17,500.0,utj,8,,True,2026_main,2026,2026_main:1:29
2026_20260717_lazar,2026,Lazar,Maariv,2026-07-17,500.0,yashar,22,,True,2026_main,2026,2026_main:1:29
2026_20260717_lazar,2026,Lazar,Maariv,2026-07-17,500.0,yisrael_beytenu,9,,True,2026_main,2026,2026_main:1:29
2026_20260717_lazar,2026,Lazar,Maariv,2026-07-17,500.0,zionist_home,4,,True,2026_main,2026,2026_main:1:29
2026_20260719_kantar,2026,Kantar,Kan 11,2026-07-19,551.0,balad,0,1.9,True,2026_main,2026,2026_main:1:27
2026_20260719_kantar,2026,Kantar,Kan 11,2026-07-19,551.0,blue_white,0,2.2,True,2026_main,2026,2026_main:1:27
2026_20260719_kantar,2026,Kantar,Kan 11,2026-07-19,551.0,democrats,9,,True,2026_main,2026,2026_main:1:27
2026_20260719_kantar,2026,Kantar,Kan 11,2026-07-19,551.0,hadash_taal,5,,True,2026_main,2026,2026_main:1:27
2026_20260719_kantar,2026,Kantar,Kan 11,2026-07-19,551.0,likud,21,,True,2026_main,2026,2026_main:1:27
2026_20260719_kantar,2026,Kantar,Kan 11,2026-07-19,551.0,otzma,10,,True,2026_main,2026,2026_main:1:27
2026_20260719_kantar,2026,Kantar,Kan 11,2026-07-19,551.0,raam,5,,True,2026_main,2026,2026_main:1:27
2026_20260719_kantar,2026,Kantar,Kan 11,2026-07-19,551.0,rzp,4,,True,2026_main,2026,2026_main:1:27
2026_20260719_kantar,2026,Kantar,Kan 11,2026-07-19,551.0,shas,8,,True,2026_main,2026,2026_main:1:27
2026_20260719_kantar,2026,Kantar,Kan 11,2026-07-19,551.0,together,15,,True,2026_main,2026,2026_main:1:27
2026_20260719_kantar,2026,Kantar,Kan 11,2026-07-19,551.0,utj,8,,True,2026_main,2026,2026_main:1:27
2026_20260719_kantar,2026,Kantar,Kan 11,2026-07-19,551.0,yashar,22,,True,2026_main,2026,2026_main:1:27
2026_20260719_kantar,2026,Kantar,Kan 11,2026-07-19,551.0,yisrael_beytenu,9,,True,2026_main,2026,2026_main:1:27
2026_20260719_kantar,2026,Kantar,Kan 11,2026-07-19,551.0,zionist_home,4,,True,2026_main,2026,2026_main:1:27
2026_20260720_midgam,2026,Midgam,HaHadashot 12,2026-07-20,507.0,balad,0,1.7,True,2026_main,2026,2026_main:1:26
2026_20260720_midgam,2026,Midgam,HaHadashot 12,2026-07-20,507.0,blue_white,0,1.3,True,2026_main,2026,2026_main:1:26
2026_20260720_midgam,2026,Midgam,HaHadashot 12,2026-07-20,507.0,democrats,11,,True,2026_main,2026,2026_main:1:26
2026_20260720_midgam,2026,Midgam,HaHadashot 12,2026-07-20,507.0,hadash_taal,5,,True,2026_main,2026,2026_main:1:26
2026_20260720_midgam,2026,Midgam,HaHadashot 12,2026-07-20,507.0,likud,23,,True,2026_main,2026,2026_main:1:26
2026_20260720_midgam,2026,Midgam,HaHadashot 12,2026-07-20,507.0,otzma,8,,True,2026_main,2026,2026_main:1:26
2026_20260720_midgam,2026,Midgam,HaHadashot 12,2026-07-20,507.0,raam,5,,True,2026_main,2026,2026_main:1:26
2026_20260720_midgam,2026,Midgam,HaHadashot 12,2026-07-20,507.0,rzp,4,,True,2026_main,2026,2026_main:1:26
2026_20260720_midgam,2026,Midgam,HaHadashot 12,2026-07-20,507.0,shas,8,,True,2026_main,2026,2026_main:1:26
2026_20260720_midgam,2026,Midgam,HaHadashot 12,2026-07-20,507.0,together,15,,True,2026_main,2026,2026_main:1:26
2026_20260720_midgam,2026,Midgam,HaHadashot 12,2026-07-20,507.0,utj,8,,True,2026_main,2026,2026_main:1:26
2026_20260720_midgam,2026,Midgam,HaHadashot 12,2026-07-20,507.0,yashar,24,,True,2026_main,2026,2026_main:1:26
2026_20260720_midgam,2026,Midgam,HaHadashot 12,2026-07-20,507.0,yisrael_beytenu,9,,True,2026_main,2026,2026_main:1:26
2026_20260720_midgam,2026,Midgam,HaHadashot 12,2026-07-20,507.0,zionist_home,0,2.7,True,2026_main,2026,2026_main:1:26
2026_20260721_midgamproject,2026,Midgam Project,Channel 13,2026-07-21,988.0,balad,0,1.9,True,2026_main,2026,2026_main:1:24
2026_20260721_midgamproject,2026,Midgam Project,Channel 13,2026-07-21,988.0,blue_white,0,1.0,True,2026_main,2026,2026_main:1:24
2026_20260721_midgamproject,2026,Midgam Project,Channel 13,2026-07-21,988.0,democrats,11,,True,2026_main,2026,2026_main:1:24
2026_20260721_midgamproject,2026,Midgam Project,Channel 13,2026-07-21,988.0,hadash_taal,6,,True,2026_main,2026,2026_main:1:24
2026_20260721_midgamproject,2026,Midgam Project,Channel 13,2026-07-21,988.0,likud,21,,True,2026_main,2026,2026_main:1:24
2026_20260721_midgamproject,2026,Midgam Project,Channel 13,2026-07-21,988.0,otzma,7,,True,2026_main,2026,2026_main:1:24
2026_20260721_midgamproject,2026,Midgam Project,Channel 13,2026-07-21,988.0,raam,5,,True,2026_main,2026,2026_main:1:24
2026_20260721_midgamproject,2026,Midgam Project,Channel 13,2026-07-21,988.0,rzp,5,,True,2026_main,2026,2026_main:1:24
2026_20260721_midgamproject,2026,Midgam Project,Channel 13,2026-07-21,988.0,shas,8,,True,2026_main,2026,2026_main:1:24
2026_20260721_midgamproject,2026,Midgam Project,Channel 13,2026-07-21,988.0,together,14,,True,2026_main,2026,2026_main:1:24
2026_20260721_midgamproject,2026,Midgam Project,Channel 13,2026-07-21,988.0,utj,8,,True,2026_main,2026,2026_main:1:24
2026_20260721_midgamproject,2026,Midgam Project,Channel 13,2026-07-21,988.0,yashar,21,,True,2026_main,2026,2026_main:1:24
2026_20260721_midgamproject,2026,Midgam Project,Channel 13,2026-07-21,988.0,yisrael_beytenu,10,,True,2026_main,2026,2026_main:1:24
2026_20260721_midgamproject,2026,Midgam Project,Channel 13,2026-07-21,988.0,zionist_home,4,,True,2026_main,2026,2026_main:1:24
2026_20260723_kantar,2026,Kantar,Israel Hayom,2026-07-23,,balad,0,2.0,False,2026_main,2026,2026_main:1:21
2026_20260723_kantar,2026,Kantar,Israel Hayom,2026-07-23,,blue_white,0,2.4,False,2026_main,2026,2026_main:1:21
2026_20260723_kantar,2026,Kantar,Israel Hayom,2026-07-23,,democrats,10,,False,2026_main,2026,2026_main:1:21
2026_20260723_kantar,2026,Kantar,Israel Hayom,2026-07-23,,hadash_taal,5,,False,2026_main,2026,2026_main:1:21
2026_20260723_kantar,2026,Kantar,Israel Hayom,2026-07-23,,likud,23,,False,2026_main,2026,2026_main:1:21
2026_20260723_kantar,2026,Kantar,Israel Hayom,2026-07-23,,otzma,9,,False,2026_main,2026,2026_main:1:21
2026_20260723_kantar,2026,Kantar,Israel Hayom,2026-07-23,,raam,5,,False,2026_main,2026,2026_main:1:21
2026_20260723_kantar,2026,Kantar,Israel Hayom,2026-07-23,,rzp,5,,False,2026_main,2026,2026_main:1:21
2026_20260723_kantar,2026,Kantar,Israel Hayom,2026-07-23,,shas,8,,False,2026_main,2026,2026_main:1:21
2026_20260723_kantar,2026,Kantar,Israel Hayom,2026-07-23,,together,14,,False,2026_main,2026,2026_main:1:21
2026_20260723_kantar,2026,Kantar,Israel Hayom,2026-07-23,,utj,8,,False,2026_main,2026,2026_main:1:21
2026_20260723_kantar,2026,Kantar,Israel Hayom,2026-07-23,,yashar,23,,False,2026_main,2026,2026_main:1:21
2026_20260723_kantar,2026,Kantar,Israel Hayom,2026-07-23,,yisrael_beytenu,9,,False,2026_main,2026,2026_main:1:21
2026_20260723_kantar,2026,Kantar,Israel Hayom,2026-07-23,,zionist_home,0,3.0,False,2026_main,2026,2026_main:1:21
2026_20260723_lazar,2026,Lazar,Maariv,2026-07-23,500.0,balad,0,1.7,True,2026_main,2026,2026_main:1:22
2026_20260723_lazar,2026,Lazar,Maariv,2026-07-23,500.0,blue_white,0,1.6,True,2026_main,2026,2026_main:1:22
2026_20260723_lazar,2026,Lazar,Maariv,2026-07-23,500.0,democrats,11,,True,2026_main,2026,2026_main:1:22
2026_20260723_lazar,2026,Lazar,Maariv,2026-07-23,500.0,hadash_taal,5,,True,2026_main,2026,2026_main:1:22
2026_20260723_lazar,2026,Lazar,Maariv,2026-07-23,500.0,likud,20,,True,2026_main,2026,2026_main:1:22
2026_20260723_lazar,2026,Lazar,Maariv,2026-07-23,500.0,otzma,8,,True,2026_main,2026,2026_main:1:22
2026_20260723_lazar,2026,Lazar,Maariv,2026-07-23,500.0,raam,5,,True,2026_main,2026,2026_main:1:22
2026_20260723_lazar,2026,Lazar,Maariv,2026-07-23,500.0,rzp,5,,True,2026_main,2026,2026_main:1:22
2026_20260723_lazar,2026,Lazar,Maariv,2026-07-23,500.0,shas,8,,True,2026_main,2026,2026_main:1:22
2026_20260723_lazar,2026,Lazar,Maariv,2026-07-23,500.0,together,17,,True,2026_main,2026,2026_main:1:22
2026_20260723_lazar,2026,Lazar,Maariv,2026-07-23,500.0,utj,8,,True,2026_main,2026,2026_main:1:22
2026_20260723_lazar,2026,Lazar,Maariv,2026-07-23,500.0,yashar,23,,True,2026_main,2026,2026_main:1:22
2026_20260723_lazar,2026,Lazar,Maariv,2026-07-23,500.0,yisrael_beytenu,10,,True,2026_main,2026,2026_main:1:22
2026_20260723_lazar,2026,Lazar,Maariv,2026-07-23,500.0,zionist_home,0,2.9,True,2026_main,2026,2026_main:1:22
2026_20260723_tatika,2026,Tatika,Zman Yisrael,2026-07-23,500.0,balad+hadash_taal,6,,True,2026_main,2026,2026_main:1:23
2026_20260723_tatika,2026,Tatika,Zman Yisrael,2026-07-23,500.0,blue_white,0,2.0,True,2026_main,2026,2026_main:1:23
2026_20260723_tatika,2026,Tatika,Zman Yisrael,2026-07-23,500.0,democrats,10,,True,2026_main,2026,2026_main:1:23
2026_20260723_tatika,2026,Tatika,Zman Yisrael,2026-07-23,500.0,likud,21,,True,2026_main,2026,2026_main:1:23
2026_20260723_tatika,2026,Tatika,Zman Yisrael,2026-07-23,500.0,otzma,8,,True,2026_main,2026,2026_main:1:23
2026_20260723_tatika,2026,Tatika,Zman Yisrael,2026-07-23,500.0,raam,5,,True,2026_main,2026,2026_main:1:23
2026_20260723_tatika,2026,Tatika,Zman Yisrael,2026-07-23,500.0,rzp,5,,True,2026_main,2026,2026_main:1:23
2026_20260723_tatika,2026,Tatika,Zman Yisrael,2026-07-23,500.0,shas,9,,True,2026_main,2026,2026_main:1:23
2026_20260723_tatika,2026,Tatika,Zman Yisrael,2026-07-23,500.0,together,13,,True,2026_main,2026,2026_main:1:23
2026_20260723_tatika,2026,Tatika,Zman Yisrael,2026-07-23,500.0,utj,8,,True,2026_main,2026,2026_main:1:23
2026_20260723_tatika,2026,Tatika,Zman Yisrael,2026-07-23,500.0,yashar,25,,True,2026_main,2026,2026_main:1:23
2026_20260723_tatika,2026,Tatika,Zman Yisrael,2026-07-23,500.0,yisrael_beytenu,10,,True,2026_main,2026,2026_main:1:23
2026_20260723_tatika,2026,Tatika,Zman Yisrael,2026-07-23,500.0,zionist_home,0,2.6,True,2026_main,2026,2026_main:1:23
2026_20260726_filber,2026,Filber,Channel 14,2026-07-26,878.0,balad,0,1.9,False,2026_main,2026,2026_main:1:20
2026_20260726_filber,2026,Filber,Channel 14,2026-07-26,878.0,blue_white,0,0.9,False,2026_main,2026,2026_main:1:20
2026_20260726_filber,2026,Filber,Channel 14,2026-07-26,878.0,democrats,12,,False,2026_main,2026,2026_main:1:20
2026_20260726_filber,2026,Filber,Channel 14,2026-07-26,878.0,hadash_taal,5,,False,2026_main,2026,2026_main:1:20
2026_20260726_filber,2026,Filber,Channel 14,2026-07-26,878.0,likud,32,,False,2026_main,2026,2026_main:1:20
2026_20260726_filber,2026,Filber,Channel 14,2026-07-26,878.0,otzma,8,,False,2026_main,2026,2026_main:1:20
2026_20260726_filber,2026,Filber,Channel 14,2026-07-26,878.0,raam,5,,False,2026_main,2026,2026_main:1:20
2026_20260726_filber,2026,Filber,Channel 14,2026-07-26,878.0,rzp,6,,False,2026_main,2026,2026_main:1:20
2026_20260726_filber,2026,Filber,Channel 14,2026-07-26,878.0,shas,10,,False,2026_main,2026,2026_main:1:20
2026_20260726_filber,2026,Filber,Channel 14,2026-07-26,878.0,together,7,,False,2026_main,2026,2026_main:1:20
2026_20260726_filber,2026,Filber,Channel 14,2026-07-26,878.0,utj,7,,False,2026_main,2026,2026_main:1:20
2026_20260726_filber,2026,Filber,Channel 14,2026-07-26,878.0,yashar,23,,False,2026_main,2026,2026_main:1:20
2026_20260726_filber,2026,Filber,Channel 14,2026-07-26,878.0,yisrael_beytenu,6,,False,2026_main,2026,2026_main:1:20
2026_20260726_filber,2026,Filber,Channel 14,2026-07-26,878.0,zionist_home,0,2.1,False,2026_main,2026,2026_main:1:20
2026_20260726_kantar,2026,Kantar,Kan 11,2026-07-26,551.0,balad,0,2.1,True,2026_main,2026,2026_main:1:19
2026_20260726_kantar,2026,Kantar,Kan 11,2026-07-26,551.0,blue_white,0,2.6,True,2026_main,2026,2026_main:1:19
2026_20260726_kantar,2026,Kantar,Kan 11,2026-07-26,551.0,democrats,10,,True,2026_main,2026,2026_main:1:19
2026_20260726_kantar,2026,Kantar,Kan 11,2026-07-26,551.0,hadash_taal,5,,True,2026_main,2026,2026_main:1:19
2026_20260726_kantar,2026,Kantar,Kan 11,2026-07-26,551.0,likud,22,,True,2026_main,2026,2026_main:1:19
2026_20260726_kantar,2026,Kantar,Kan 11,2026-07-26,551.0,otzma,9,,True,2026_main,2026,2026_main:1:19
2026_20260726_kantar,2026,Kantar,Kan 11,2026-07-26,551.0,raam,5,,True,2026_main,2026,2026_main:1:19
2026_20260726_kantar,2026,Kantar,Kan 11,2026-07-26,551.0,rzp,5,,True,2026_main,2026,2026_main:1:19
2026_20260726_kantar,2026,Kantar,Kan 11,2026-07-26,551.0,shas,8,,True,2026_main,2026,2026_main:1:19
2026_20260726_kantar,2026,Kantar,Kan 11,2026-07-26,551.0,together,14,,True,2026_main,2026,2026_main:1:19
2026_20260726_kantar,2026,Kantar,Kan 11,2026-07-26,551.0,utj,8,,True,2026_main,2026,2026_main:1:19
2026_20260726_kantar,2026,Kantar,Kan 11,2026-07-26,551.0,yashar,21,,True,2026_main,2026,2026_main:1:19
2026_20260726_kantar,2026,Kantar,Kan 11,2026-07-26,551.0,yisrael_beytenu,9,,True,2026_main,2026,2026_main:1:19
2026_20260726_kantar,2026,Kantar,Kan 11,2026-07-26,551.0,zionist_home,4,,True,2026_main,2026,2026_main:1:19
2026_20260727_directpolls,2026,Direct Polls,i24 News,2026-07-27,525.0,balad+hadash_taal,7,,True,2026_main,2026,2026_main:1:18
2026_20260727_directpolls,2026,Direct Polls,i24 News,2026-07-27,525.0,democrats,10,,True,2026_main,2026,2026_main:1:18
2026_20260727_directpolls,2026,Direct Polls,i24 News,2026-07-27,525.0,likud,29,,True,2026_main,2026,2026_main:1:18
2026_20260727_directpolls,2026,Direct Polls,i24 News,2026-07-27,525.0,otzma,8,,True,2026_main,2026,2026_main:1:18
2026_20260727_directpolls,2026,Direct Polls,i24 News,2026-07-27,525.0,raam,5,,True,2026_main,2026,2026_main:1:18
2026_20260727_directpolls,2026,Direct Polls,i24 News,2026-07-27,525.0,rzp,5,,True,2026_main,2026,2026_main:1:18
2026_20260727_directpolls,2026,Direct Polls,i24 News,2026-07-27,525.0,shas,9,,True,2026_main,2026,2026_main:1:18
2026_20260727_directpolls,2026,Direct Polls,i24 News,2026-07-27,525.0,together,9,,True,2026_main,2026,2026_main:1:18
2026_20260727_directpolls,2026,Direct Polls,i24 News,2026-07-27,525.0,utj,8,,True,2026_main,2026,2026_main:1:18
2026_20260727_directpolls,2026,Direct Polls,i24 News,2026-07-27,525.0,yashar,21,,True,2026_main,2026,2026_main:1:18
2026_20260727_directpolls,2026,Direct Polls,i24 News,2026-07-27,525.0,yisrael_beytenu,9,,True,2026_main,2026,2026_main:1:18
2026_20260727_midgama,2026,Midgam,HaHadashot 12,2026-07-27,509.0,balad,0,1.2,True,2026_main,2026,2026_main:1:16
2026_20260727_midgama,2026,Midgam,HaHadashot 12,2026-07-27,509.0,blue_white,0,1.6,True,2026_main,2026,2026_main:1:16
2026_20260727_midgama,2026,Midgam,HaHadashot 12,2026-07-27,509.0,democrats,10,,True,2026_main,2026,2026_main:1:16
2026_20260727_midgama,2026,Midgam,HaHadashot 12,2026-07-27,509.0,hadash_taal,5,,True,2026_main,2026,2026_main:1:16
2026_20260727_midgama,2026,Midgam,HaHadashot 12,2026-07-27,509.0,likud,22,,True,2026_main,2026,2026_main:1:16
2026_20260727_midgama,2026,Midgam,HaHadashot 12,2026-07-27,509.0,otzma,8,,True,2026_main,2026,2026_main:1:16
2026_20260727_midgama,2026,Midgam,HaHadashot 12,2026-07-27,509.0,raam,5,,True,2026_main,2026,2026_main:1:16
2026_20260727_midgama,2026,Midgam,HaHadashot 12,2026-07-27,509.0,rzp,4,,True,2026_main,2026,2026_main:1:16
2026_20260727_midgama,2026,Midgam,HaHadashot 12,2026-07-27,509.0,shas,8,,True,2026_main,2026,2026_main:1:16
2026_20260727_midgama,2026,Midgam,HaHadashot 12,2026-07-27,509.0,together,14,,True,2026_main,2026,2026_main:1:16
2026_20260727_midgama,2026,Midgam,HaHadashot 12,2026-07-27,509.0,utj,8,,True,2026_main,2026,2026_main:1:16
2026_20260727_midgama,2026,Midgam,HaHadashot 12,2026-07-27,509.0,yashar,23,,True,2026_main,2026,2026_main:1:16
2026_20260727_midgama,2026,Midgam,HaHadashot 12,2026-07-27,509.0,yisrael_beytenu,9,,True,2026_main,2026,2026_main:1:16
2026_20260727_midgama,2026,Midgam,HaHadashot 12,2026-07-27,509.0,zionist_home,4,,True,2026_main,2026,2026_main:1:16
2026_20260727_midgamb,2026,Midgam,HaHadashot 12,2026-07-27,509.0,balad+hadash_taal,6,,True,2026_main,2026,2026_main:1:17
2026_20260727_midgamb,2026,Midgam,HaHadashot 12,2026-07-27,509.0,democrats,10,,True,2026_main,2026,2026_main:1:17
2026_20260727_midgamb,2026,Midgam,HaHadashot 12,2026-07-27,509.0,likud,21,,True,2026_main,2026,2026_main:1:17
2026_20260727_midgamb,2026,Midgam,HaHadashot 12,2026-07-27,509.0,otzma,9,,True,2026_main,2026,2026_main:1:17
2026_20260727_midgamb,2026,Midgam,HaHadashot 12,2026-07-27,509.0,raam,4,,True,2026_main,2026,2026_main:1:17
2026_20260727_midgamb,2026,Midgam,HaHadashot 12,2026-07-27,509.0,rzp,4,,True,2026_main,2026,2026_main:1:17
2026_20260727_midgamb,2026,Midgam,HaHadashot 12,2026-07-27,509.0,shas,8,,True,2026_main,2026,2026_main:1:17
2026_20260727_midgamb,2026,Midgam,HaHadashot 12,2026-07-27,509.0,together,14,,True,2026_main,2026,2026_main:1:17
2026_20260727_midgamb,2026,Midgam,HaHadashot 12,2026-07-27,509.0,utj,8,,True,2026_main,2026,2026_main:1:17
2026_20260727_midgamb,2026,Midgam,HaHadashot 12,2026-07-27,509.0,yashar,23,,True,2026_main,2026,2026_main:1:17
2026_20260727_midgamb,2026,Midgam,HaHadashot 12,2026-07-27,509.0,yisrael_beytenu,9,,True,2026_main,2026,2026_main:1:17
2026_20260727_midgamb,2026,Midgam,HaHadashot 12,2026-07-27,509.0,zionist_home,4,,True,2026_main,2026,2026_main:1:17
2026_20260729_filber,2026,Filber,Channel 14,2026-07-29,539.0,balad,0,2.1,True,2026_main,2026,2026_main:1:15
2026_20260729_filber,2026,Filber,Channel 14,2026-07-29,539.0,blue_white,0,1.1,True,2026_main,2026,2026_main:1:15
2026_20260729_filber,2026,Filber,Channel 14,2026-07-29,539.0,democrats,10,,True,2026_main,2026,2026_main:1:15
2026_20260729_filber,2026,Filber,Channel 14,2026-07-29,539.0,hadash_taal,6,,True,2026_main,2026,2026_main:1:15
2026_20260729_filber,2026,Filber,Channel 14,2026-07-29,539.0,likud,32,,True,2026_main,2026,2026_main:1:15
2026_20260729_filber,2026,Filber,Channel 14,2026-07-29,539.0,otzma,7,,True,2026_main,2026,2026_main:1:15
2026_20260729_filber,2026,Filber,Channel 14,2026-07-29,539.0,raam,5,,True,2026_main,2026,2026_main:1:15
2026_20260729_filber,2026,Filber,Channel 14,2026-07-29,539.0,rzp,5,,True,2026_main,2026,2026_main:1:15
2026_20260729_filber,2026,Filber,Channel 14,2026-07-29,539.0,shas,10,,True,2026_main,2026,2026_main:1:15
2026_20260729_filber,2026,Filber,Channel 14,2026-07-29,539.0,together,7,,True,2026_main,2026,2026_main:1:15
2026_20260729_filber,2026,Filber,Channel 14,2026-07-29,539.0,utj,8,,True,2026_main,2026,2026_main:1:15
2026_20260729_filber,2026,Filber,Channel 14,2026-07-29,539.0,yashar,22,,True,2026_main,2026,2026_main:1:15
2026_20260729_filber,2026,Filber,Channel 14,2026-07-29,539.0,yisrael_beytenu,8,,True,2026_main,2026,2026_main:1:15
2026_20260729_filber,2026,Filber,Channel 14,2026-07-29,539.0,zionist_home,0,2.1,True,2026_main,2026,2026_main:1:15
2026_20260729_midgamproject,2026,Midgam Project,Channel 13,2026-07-29,956.0,balad,0,1.8,True,2026_main,2026,2026_main:1:14
2026_20260729_midgamproject,2026,Midgam Project,Channel 13,2026-07-29,956.0,blue_white,0,2.3,True,2026_main,2026,2026_main:1:14
2026_20260729_midgamproject,2026,Midgam Project,Channel 13,2026-07-29,956.0,democrats,9,,True,2026_main,2026,2026_main:1:14
2026_20260729_midgamproject,2026,Midgam Project,Channel 13,2026-07-29,956.0,hadash_taal,4,,True,2026_main,2026,2026_main:1:14
2026_20260729_midgamproject,2026,Midgam Project,Channel 13,2026-07-29,956.0,likud,23,,True,2026_main,2026,2026_main:1:14
2026_20260729_midgamproject,2026,Midgam Project,Channel 13,2026-07-29,956.0,otzma,8,,True,2026_main,2026,2026_main:1:14
2026_20260729_midgamproject,2026,Midgam Project,Channel 13,2026-07-29,956.0,raam,5,,True,2026_main,2026,2026_main:1:14
2026_20260729_midgamproject,2026,Midgam Project,Channel 13,2026-07-29,956.0,rzp,4,,True,2026_main,2026,2026_main:1:14
2026_20260729_midgamproject,2026,Midgam Project,Channel 13,2026-07-29,956.0,shas,7,,True,2026_main,2026,2026_main:1:14
2026_20260729_midgamproject,2026,Midgam Project,Channel 13,2026-07-29,956.0,together,13,,True,2026_main,2026,2026_main:1:14
2026_20260729_midgamproject,2026,Midgam Project,Channel 13,2026-07-29,956.0,utj,9,,True,2026_main,2026,2026_main:1:14
2026_20260729_midgamproject,2026,Midgam Project,Channel 13,2026-07-29,956.0,yashar,23,,True,2026_main,2026,2026_main:1:14
2026_20260729_midgamproject,2026,Midgam Project,Channel 13,2026-07-29,956.0,yisrael_beytenu,10,,True,2026_main,2026,2026_main:1:14
2026_20260729_midgamproject,2026,Midgam Project,Channel 13,2026-07-29,956.0,zionist_home,5,,True,2026_main,2026,2026_main:1:14
2026_20260730_lazar,2026,Lazar,Maariv,2026-07-30,501.0,balad,0,1.8,True,2026_main,2026,2026_main:1:12
2026_20260730_lazar,2026,Lazar,Maariv,2026-07-30,501.0,blue_white,0,1.2,True,2026_main,2026,2026_main:1:12
2026_20260730_lazar,2026,Lazar,Maariv,2026-07-30,501.0,democrats,9,,True,2026_main,2026,2026_main:1:12
2026_20260730_lazar,2026,Lazar,Maariv,2026-07-30,501.0,hadash_taal,5,,True,2026_main,2026,2026_main:1:12
2026_20260730_lazar,2026,Lazar,Maariv,2026-07-30,501.0,likud,22,,True,2026_main,2026,2026_main:1:12
2026_20260730_lazar,2026,Lazar,Maariv,2026-07-30,501.0,otzma,7,,True,2026_main,2026,2026_main:1:12
2026_20260730_lazar,2026,Lazar,Maariv,2026-07-30,501.0,raam,5,,True,2026_main,2026,2026_main:1:12
2026_20260730_lazar,2026,Lazar,Maariv,2026-07-30,501.0,rzp,5,,True,2026_main,2026,2026_main:1:12
2026_20260730_lazar,2026,Lazar,Maariv,2026-07-30,501.0,shas,7,,True,2026_main,2026,2026_main:1:12
2026_20260730_lazar,2026,Lazar,Maariv,2026-07-30,501.0,together,15,,True,2026_main,2026,2026_main:1:12
2026_20260730_lazar,2026,Lazar,Maariv,2026-07-30,501.0,utj,8,,True,2026_main,2026,2026_main:1:12
2026_20260730_lazar,2026,Lazar,Maariv,2026-07-30,501.0,yashar,23,,True,2026_main,2026,2026_main:1:12
2026_20260730_lazar,2026,Lazar,Maariv,2026-07-30,501.0,yisrael_beytenu,10,,True,2026_main,2026,2026_main:1:12
2026_20260730_lazar,2026,Lazar,Maariv,2026-07-30,501.0,zionist_home,4,,True,2026_main,2026,2026_main:1:12
2026_20260730_tatika,2026,Tatika,Zman Yisrael,2026-07-30,500.0,balad+hadash_taal,6,,True,2026_main,2026,2026_main:1:13
2026_20260730_tatika,2026,Tatika,Zman Yisrael,2026-07-30,500.0,blue_white,4,,True,2026_main,2026,2026_main:1:13
2026_20260730_tatika,2026,Tatika,Zman Yisrael,2026-07-30,500.0,democrats,8,,True,2026_main,2026,2026_main:1:13
2026_20260730_tatika,2026,Tatika,Zman Yisrael,2026-07-30,500.0,likud,20,,True,2026_main,2026,2026_main:1:13
2026_20260730_tatika,2026,Tatika,Zman Yisrael,2026-07-30,500.0,otzma,7,,True,2026_main,2026,2026_main:1:13
2026_20260730_tatika,2026,Tatika,Zman Yisrael,2026-07-30,500.0,raam,5,,True,2026_main,2026,2026_main:1:13
2026_20260730_tatika,2026,Tatika,Zman Yisrael,2026-07-30,500.0,rzp,6,,True,2026_main,2026,2026_main:1:13
2026_20260730_tatika,2026,Tatika,Zman Yisrael,2026-07-30,500.0,shas,8,,True,2026_main,2026,2026_main:1:13
2026_20260730_tatika,2026,Tatika,Zman Yisrael,2026-07-30,500.0,together,13,,True,2026_main,2026,2026_main:1:13
2026_20260730_tatika,2026,Tatika,Zman Yisrael,2026-07-30,500.0,utj,8,,True,2026_main,2026,2026_main:1:13
2026_20260730_tatika,2026,Tatika,Zman Yisrael,2026-07-30,500.0,yashar,21,,True,2026_main,2026,2026_main:1:13
2026_20260730_tatika,2026,Tatika,Zman Yisrael,2026-07-30,500.0,yisrael_beytenu,10,,True,2026_main,2026,2026_main:1:13
2026_20260730_tatika,2026,Tatika,Zman Yisrael,2026-07-30,500.0,zionist_home,4,,True,2026_main,2026,2026_main:1:13
2026_20260802_kantar,2026,Kantar,Kan 11,2026-08-02,551.0,balad,0,2.2,True,2026_main,2026,2026_main:1:11
2026_20260802_kantar,2026,Kantar,Kan 11,2026-08-02,551.0,blue_white,0,1.4,True,2026_main,2026,2026_main:1:11
2026_20260802_kantar,2026,Kantar,Kan 11,2026-08-02,551.0,democrats,8,,True,2026_main,2026,2026_main:1:11
2026_20260802_kantar,2026,Kantar,Kan 11,2026-08-02,551.0,hadash_taal,6,,True,2026_main,2026,2026_main:1:11
2026_20260802_kantar,2026,Kantar,Kan 11,2026-08-02,551.0,likud,23,,True,2026_main,2026,2026_main:1:11
2026_20260802_kantar,2026,Kantar,Kan 11,2026-08-02,551.0,otzma,9,,True,2026_main,2026,2026_main:1:11
2026_20260802_kantar,2026,Kantar,Kan 11,2026-08-02,551.0,raam,5,,True,2026_main,2026,2026_main:1:11
2026_20260802_kantar,2026,Kantar,Kan 11,2026-08-02,551.0,rzp,4,,True,2026_main,2026,2026_main:1:11
2026_20260802_kantar,2026,Kantar,Kan 11,2026-08-02,551.0,shas,8,,True,2026_main,2026,2026_main:1:11
2026_20260802_kantar,2026,Kantar,Kan 11,2026-08-02,551.0,together,13,,True,2026_main,2026,2026_main:1:11
2026_20260802_kantar,2026,Kantar,Kan 11,2026-08-02,551.0,utj,8,,True,2026_main,2026,2026_main:1:11
2026_20260802_kantar,2026,Kantar,Kan 11,2026-08-02,551.0,yashar,23,,True,2026_main,2026,2026_main:1:11
2026_20260802_kantar,2026,Kantar,Kan 11,2026-08-02,551.0,yisrael_beytenu,9,,True,2026_main,2026,2026_main:1:11
2026_20260802_kantar,2026,Kantar,Kan 11,2026-08-02,551.0,zionist_home,4,,True,2026_main,2026,2026_main:1:11
2026_20260803_midgam,2026,Midgam,HaHadashot 12,2026-08-03,503.0,balad,0,1.0,True,2026_main,2026,2026_main:1:10
2026_20260803_midgam,2026,Midgam,HaHadashot 12,2026-08-03,503.0,blue_white,0,1.4,True,2026_main,2026,2026_main:1:10
2026_20260803_midgam,2026,Midgam,HaHadashot 12,2026-08-03,503.0,democrats,10,,True,2026_main,2026,2026_main:1:10
2026_20260803_midgam,2026,Midgam,HaHadashot 12,2026-08-03,503.0,hadash_taal,5,,True,2026_main,2026,2026_main:1:10
2026_20260803_midgam,2026,Midgam,HaHadashot 12,2026-08-03,503.0,likud,23,,True,2026_main,2026,2026_main:1:10
2026_20260803_midgam,2026,Midgam,HaHadashot 12,2026-08-03,503.0,otzma,7,,True,2026_main,2026,2026_main:1:10
2026_20260803_midgam,2026,Midgam,HaHadashot 12,2026-08-03,503.0,raam,5,,True,2026_main,2026,2026_main:1:10
2026_20260803_midgam,2026,Midgam,HaHadashot 12,2026-08-03,503.0,rzp,5,,True,2026_main,2026,2026_main:1:10
2026_20260803_midgam,2026,Midgam,HaHadashot 12,2026-08-03,503.0,shas,7,,True,2026_main,2026,2026_main:1:10
2026_20260803_midgam,2026,Midgam,HaHadashot 12,2026-08-03,503.0,together,14,,True,2026_main,2026,2026_main:1:10
2026_20260803_midgam,2026,Midgam,HaHadashot 12,2026-08-03,503.0,utj,8,,True,2026_main,2026,2026_main:1:10
2026_20260803_midgam,2026,Midgam,HaHadashot 12,2026-08-03,503.0,yashar,23,,True,2026_main,2026,2026_main:1:10
2026_20260803_midgam,2026,Midgam,HaHadashot 12,2026-08-03,503.0,yisrael_beytenu,9,,True,2026_main,2026,2026_main:1:10
2026_20260803_midgam,2026,Midgam,HaHadashot 12,2026-08-03,503.0,zionist_home,4,,True,2026_main,2026,2026_main:1:10
2026_20260804_filber,2026,Filber,Channel 14,2026-08-04,588.0,balad,0,2.9,True,2026_main,2026,2026_main:1:8
2026_20260804_filber,2026,Filber,Channel 14,2026-08-04,588.0,blue_white,0,0.5,True,2026_main,2026,2026_main:1:8
2026_20260804_filber,2026,Filber,Channel 14,2026-08-04,588.0,democrats,10,,True,2026_main,2026,2026_main:1:8
2026_20260804_filber,2026,Filber,Channel 14,2026-08-04,588.0,hadash_taal,5,,True,2026_main,2026,2026_main:1:8
2026_20260804_filber,2026,Filber,Channel 14,2026-08-04,588.0,likud,31,,True,2026_main,2026,2026_main:1:8
2026_20260804_filber,2026,Filber,Channel 14,2026-08-04,588.0,otzma,6,,True,2026_main,2026,2026_main:1:8
2026_20260804_filber,2026,Filber,Channel 14,2026-08-04,588.0,raam,5,,True,2026_main,2026,2026_main:1:8
2026_20260804_filber,2026,Filber,Channel 14,2026-08-04,588.0,rzp,6,,True,2026_main,2026,2026_main:1:8
2026_20260804_filber,2026,Filber,Channel 14,2026-08-04,588.0,shas,11,,True,2026_main,2026,2026_main:1:8
2026_20260804_filber,2026,Filber,Channel 14,2026-08-04,588.0,together,8,,True,2026_main,2026,2026_main:1:8
2026_20260804_filber,2026,Filber,Channel 14,2026-08-04,588.0,utj,8,,True,2026_main,2026,2026_main:1:8
2026_20260804_filber,2026,Filber,Channel 14,2026-08-04,588.0,yashar,22,,True,2026_main,2026,2026_main:1:8
2026_20260804_filber,2026,Filber,Channel 14,2026-08-04,588.0,yisrael_beytenu,8,,True,2026_main,2026,2026_main:1:8
2026_20260804_filber,2026,Filber,Channel 14,2026-08-04,588.0,zionist_home,0,1.9,True,2026_main,2026,2026_main:1:8
2026_20260804_maagarmochot,2026,Maagar Mochot,Channel 16,2026-08-04,,democrats,11,,True,2026_main,2026,2026_main:1:9
2026_20260804_maagarmochot,2026,Maagar Mochot,Channel 16,2026-08-04,,hadash_taal,5,,True,2026_main,2026,2026_main:1:9
2026_20260804_maagarmochot,2026,Maagar Mochot,Channel 16,2026-08-04,,likud,21,,True,2026_main,2026,2026_main:1:9
2026_20260804_maagarmochot,2026,Maagar Mochot,Channel 16,2026-08-04,,otzma,9,,True,2026_main,2026,2026_main:1:9
2026_20260804_maagarmochot,2026,Maagar Mochot,Channel 16,2026-08-04,,raam,4,,True,2026_main,2026,2026_main:1:9
2026_20260804_maagarmochot,2026,Maagar Mochot,Channel 16,2026-08-04,,rzp,4,,True,2026_main,2026,2026_main:1:9
2026_20260804_maagarmochot,2026,Maagar Mochot,Channel 16,2026-08-04,,shas,9,,True,2026_main,2026,2026_main:1:9
2026_20260804_maagarmochot,2026,Maagar Mochot,Channel 16,2026-08-04,,together,14,,True,2026_main,2026,2026_main:1:9
2026_20260804_maagarmochot,2026,Maagar Mochot,Channel 16,2026-08-04,,utj,8,,True,2026_main,2026,2026_main:1:9
2026_20260804_maagarmochot,2026,Maagar Mochot,Channel 16,2026-08-04,,yashar,22,,True,2026_main,2026,2026_main:1:9
2026_20260804_maagarmochot,2026,Maagar Mochot,Channel 16,2026-08-04,,yisrael_beytenu,9,,True,2026_main,2026,2026_main:1:9
2026_20260804_maagarmochot,2026,Maagar Mochot,Channel 16,2026-08-04,,zionist_home,4,,True,2026_main,2026,2026_main:1:9
2026_20260805_midgamproject,2026,Midgam Project,Channel 13,2026-08-05,961.0,balad,0,1.2,True,2026_main,2026,2026_main:1:7
2026_20260805_midgamproject,2026,Midgam Project,Channel 13,2026-08-05,961.0,blue_white,0,1.4,True,2026_main,2026,2026_main:1:7
2026_20260805_midgamproject,2026,Midgam Project,Channel 13,2026-08-05,961.0,democrats,11,,True,2026_main,2026,2026_main:1:7
2026_20260805_midgamproject,2026,Midgam Project,Channel 13,2026-08-05,961.0,hadash_taal,6,,True,2026_main,2026,2026_main:1:7
2026_20260805_midgamproject,2026,Midgam Project,Channel 13,2026-08-05,961.0,likud,22,,True,2026_main,2026,2026_main:1:7
2026_20260805_midgamproject,2026,Midgam Project,Channel 13,2026-08-05,961.0,otzma,9,,True,2026_main,2026,2026_main:1:7
2026_20260805_midgamproject,2026,Midgam Project,Channel 13,2026-08-05,961.0,raam,5,,True,2026_main,2026,2026_main:1:7
2026_20260805_midgamproject,2026,Midgam Project,Channel 13,2026-08-05,961.0,rzp,5,,True,2026_main,2026,2026_main:1:7
2026_20260805_midgamproject,2026,Midgam Project,Channel 13,2026-08-05,961.0,shas,7,,True,2026_main,2026,2026_main:1:7
2026_20260805_midgamproject,2026,Midgam Project,Channel 13,2026-08-05,961.0,together,13,,True,2026_main,2026,2026_main:1:7
2026_20260805_midgamproject,2026,Midgam Project,Channel 13,2026-08-05,961.0,utj,8,,True,2026_main,2026,2026_main:1:7
2026_20260805_midgamproject,2026,Midgam Project,Channel 13,2026-08-05,961.0,yashar,23,,True,2026_main,2026,2026_main:1:7
2026_20260805_midgamproject,2026,Midgam Project,Channel 13,2026-08-05,961.0,yisrael_beytenu,11,,True,2026_main,2026,2026_main:1:7
2026_20260805_midgamproject,2026,Midgam Project,Channel 13,2026-08-05,961.0,zionist_home,0,3.0,True,2026_main,2026,2026_main:1:7
2026_20260806_directpolls,2026,Direct Polls,i24 News,2026-08-06,535.0,balad+hadash_taal,8,,False,2026_main,2026,2026_main:0:29
2026_20260806_directpolls,2026,Direct Polls,i24 News,2026-08-06,535.0,blue_white,0,1.1,False,2026_main,2026,2026_main:0:29
2026_20260806_directpolls,2026,Direct Polls,i24 News,2026-08-06,535.0,democrats,10,,False,2026_main,2026,2026_main:0:29
2026_20260806_directpolls,2026,Direct Polls,i24 News,2026-08-06,535.0,likud,28,,False,2026_main,2026,2026_main:0:29
2026_20260806_directpolls,2026,Direct Polls,i24 News,2026-08-06,535.0,otzma,8,,False,2026_main,2026,2026_main:0:29
2026_20260806_directpolls,2026,Direct Polls,i24 News,2026-08-06,535.0,raam,5,,False,2026_main,2026,2026_main:0:29
2026_20260806_directpolls,2026,Direct Polls,i24 News,2026-08-06,535.0,rzp,5,,False,2026_main,2026,2026_main:0:29
2026_20260806_directpolls,2026,Direct Polls,i24 News,2026-08-06,535.0,shas,8,,False,2026_main,2026,2026_main:0:29
2026_20260806_directpolls,2026,Direct Polls,i24 News,2026-08-06,535.0,together,7,,False,2026_main,2026,2026_main:0:29
2026_20260806_directpolls,2026,Direct Polls,i24 News,2026-08-06,535.0,unity,0,1.6,False,2026_main,2026,2026_main:0:29
2026_20260806_directpolls,2026,Direct Polls,i24 News,2026-08-06,535.0,utj,9,,False,2026_main,2026,2026_main:0:29
2026_20260806_directpolls,2026,Direct Polls,i24 News,2026-08-06,535.0,yashar,23,,False,2026_main,2026,2026_main:0:29
2026_20260806_directpolls,2026,Direct Polls,i24 News,2026-08-06,535.0,yisrael_beytenu,8,,False,2026_main,2026,2026_main:0:29
2026_20260806_directpolls,2026,Direct Polls,i24 News,2026-08-06,535.0,zionist_home,0,2.1,False,2026_main,2026,2026_main:0:29
2026_20260806_kantar,2026,Kantar,Israel Hayom,2026-08-06,552.0,balad,0,1.6,False,2026_main,2026,2026_main:1:4
2026_20260806_kantar,2026,Kantar,Israel Hayom,2026-08-06,552.0,blue_white,0,0.7,False,2026_main,2026,2026_main:1:4
2026_20260806_kantar,2026,Kantar,Israel Hayom,2026-08-06,552.0,democrats,10,,False,2026_main,2026,2026_main:1:4
2026_20260806_kantar,2026,Kantar,Israel Hayom,2026-08-06,552.0,hadash_taal,5,,False,2026_main,2026,2026_main:1:4
2026_20260806_kantar,2026,Kantar,Israel Hayom,2026-08-06,552.0,likud,23,,False,2026_main,2026,2026_main:1:4
2026_20260806_kantar,2026,Kantar,Israel Hayom,2026-08-06,552.0,otzma,9,,False,2026_main,2026,2026_main:1:4
2026_20260806_kantar,2026,Kantar,Israel Hayom,2026-08-06,552.0,raam,6,,False,2026_main,2026,2026_main:1:4
2026_20260806_kantar,2026,Kantar,Israel Hayom,2026-08-06,552.0,rzp,4,,False,2026_main,2026,2026_main:1:4
2026_20260806_kantar,2026,Kantar,Israel Hayom,2026-08-06,552.0,shas,7,,False,2026_main,2026,2026_main:1:4
2026_20260806_kantar,2026,Kantar,Israel Hayom,2026-08-06,552.0,together,13,,False,2026_main,2026,2026_main:1:4
2026_20260806_kantar,2026,Kantar,Israel Hayom,2026-08-06,552.0,utj,8,,False,2026_main,2026,2026_main:1:4
2026_20260806_kantar,2026,Kantar,Israel Hayom,2026-08-06,552.0,yashar,23,,False,2026_main,2026,2026_main:1:4
2026_20260806_kantar,2026,Kantar,Israel Hayom,2026-08-06,552.0,yisrael_beytenu,9,,False,2026_main,2026,2026_main:1:4
2026_20260806_kantar,2026,Kantar,Israel Hayom,2026-08-06,552.0,zionist_home,4,,False,2026_main,2026,2026_main:1:4
2026_20260806_lazar,2026,Lazar,Maariv,2026-08-06,502.0,balad,0,1.4,True,2026_main,2026,2026_main:1:5
2026_20260806_lazar,2026,Lazar,Maariv,2026-08-06,502.0,blue_white,0,1.2,True,2026_main,2026,2026_main:1:5
2026_20260806_lazar,2026,Lazar,Maariv,2026-08-06,502.0,democrats,9,,True,2026_main,2026,2026_main:1:5
2026_20260806_lazar,2026,Lazar,Maariv,2026-08-06,502.0,hadash_taal,5,,True,2026_main,2026,2026_main:1:5
2026_20260806_lazar,2026,Lazar,Maariv,2026-08-06,502.0,likud,22,,True,2026_main,2026,2026_main:1:5
2026_20260806_lazar,2026,Lazar,Maariv,2026-08-06,502.0,otzma,8,,True,2026_main,2026,2026_main:1:5
2026_20260806_lazar,2026,Lazar,Maariv,2026-08-06,502.0,raam,5,,True,2026_main,2026,2026_main:1:5
2026_20260806_lazar,2026,Lazar,Maariv,2026-08-06,502.0,rzp,4,,True,2026_main,2026,2026_main:1:5
2026_20260806_lazar,2026,Lazar,Maariv,2026-08-06,502.0,shas,7,,True,2026_main,2026,2026_main:1:5
2026_20260806_lazar,2026,Lazar,Maariv,2026-08-06,502.0,together,15,,True,2026_main,2026,2026_main:1:5
2026_20260806_lazar,2026,Lazar,Maariv,2026-08-06,502.0,utj,8,,True,2026_main,2026,2026_main:1:5
2026_20260806_lazar,2026,Lazar,Maariv,2026-08-06,502.0,yashar,23,,True,2026_main,2026,2026_main:1:5
2026_20260806_lazar,2026,Lazar,Maariv,2026-08-06,502.0,yisrael_beytenu,10,,True,2026_main,2026,2026_main:1:5
2026_20260806_lazar,2026,Lazar,Maariv,2026-08-06,502.0,zionist_home,4,,True,2026_main,2026,2026_main:1:5
2026_20260806_tatika,2026,Tatika,Zman Yisrael,2026-08-06,500.0,balad+hadash_taal,6,,True,2026_main,2026,2026_main:1:6
2026_20260806_tatika,2026,Tatika,Zman Yisrael,2026-08-06,500.0,democrats,8,,True,2026_main,2026,2026_main:1:6
2026_20260806_tatika,2026,Tatika,Zman Yisrael,2026-08-06,500.0,likud,21,,True,2026_main,2026,2026_main:1:6
2026_20260806_tatika,2026,Tatika,Zman Yisrael,2026-08-06,500.0,otzma,8,,True,2026_main,2026,2026_main:1:6
2026_20260806_tatika,2026,Tatika,Zman Yisrael,2026-08-06,500.0,raam,6,,True,2026_main,2026,2026_main:1:6
2026_20260806_tatika,2026,Tatika,Zman Yisrael,2026-08-06,500.0,rzp,6,,True,2026_main,2026,2026_main:1:6
2026_20260806_tatika,2026,Tatika,Zman Yisrael,2026-08-06,500.0,shas,8,,True,2026_main,2026,2026_main:1:6
2026_20260806_tatika,2026,Tatika,Zman Yisrael,2026-08-06,500.0,together,15,,True,2026_main,2026,2026_main:1:6
2026_20260806_tatika,2026,Tatika,Zman Yisrael,2026-08-06,500.0,utj,8,,True,2026_main,2026,2026_main:1:6
2026_20260806_tatika,2026,Tatika,Zman Yisrael,2026-08-06,500.0,yashar,23,,True,2026_main,2026,2026_main:1:6
2026_20260806_tatika,2026,Tatika,Zman Yisrael,2026-08-06,500.0,yisrael_beytenu,11,,True,2026_main,2026,2026_main:1:6
2026_20260809_filber,2026,Filber,Channel 14,2026-08-09,741.0,balad,0,2.3,True,2026_main,2026,2026_main:0:25
2026_20260809_filber,2026,Filber,Channel 14,2026-08-09,741.0,blue_white,0,0.4,True,2026_main,2026,2026_main:0:25
2026_20260809_filber,2026,Filber,Channel 14,2026-08-09,741.0,democrats,10,,True,2026_main,2026,2026_main:0:25
2026_20260809_filber,2026,Filber,Channel 14,2026-08-09,741.0,hadash_taal,5,,True,2026_main,2026,2026_main:0:25
2026_20260809_filber,2026,Filber,Channel 14,2026-08-09,741.0,likud,33,,True,2026_main,2026,2026_main:0:25
2026_20260809_filber,2026,Filber,Channel 14,2026-08-09,741.0,otzma,6,,True,2026_main,2026,2026_main:0:25
2026_20260809_filber,2026,Filber,Channel 14,2026-08-09,741.0,raam,5,,True,2026_main,2026,2026_main:0:25
2026_20260809_filber,2026,Filber,Channel 14,2026-08-09,741.0,rzp,6,,True,2026_main,2026,2026_main:0:25
2026_20260809_filber,2026,Filber,Channel 14,2026-08-09,741.0,shas,10,,True,2026_main,2026,2026_main:0:25
2026_20260809_filber,2026,Filber,Channel 14,2026-08-09,741.0,together,7,,True,2026_main,2026,2026_main:0:25
2026_20260809_filber,2026,Filber,Channel 14,2026-08-09,741.0,unity,0,0.9,True,2026_main,2026,2026_main:0:25
2026_20260809_filber,2026,Filber,Channel 14,2026-08-09,741.0,utj,7,,True,2026_main,2026,2026_main:0:25
2026_20260809_filber,2026,Filber,Channel 14,2026-08-09,741.0,yashar,23,,True,2026_main,2026,2026_main:0:25
2026_20260809_filber,2026,Filber,Channel 14,2026-08-09,741.0,yisrael_beytenu,8,,True,2026_main,2026,2026_main:0:25
2026_20260809_filber,2026,Filber,Channel 14,2026-08-09,741.0,zionist_home,0,1.2,True,2026_main,2026,2026_main:0:25
2026_20260809_kantar,2026,Kantar,Kan 11,2026-08-09,551.0,balad,0,2.1,True,2026_main,2026,2026_main:0:26
2026_20260809_kantar,2026,Kantar,Kan 11,2026-08-09,551.0,blue_white,0,1.3,True,2026_main,2026,2026_main:0:26
2026_20260809_kantar,2026,Kantar,Kan 11,2026-08-09,551.0,democrats,10,,True,2026_main,2026,2026_main:0:26
2026_20260809_kantar,2026,Kantar,Kan 11,2026-08-09,551.0,hadash_taal,5,,True,2026_main,2026,2026_main:0:26
2026_20260809_kantar,2026,Kantar,Kan 11,2026-08-09,551.0,likud,24,,True,2026_main,2026,2026_main:0:26
2026_20260809_kantar,2026,Kantar,Kan 11,2026-08-09,551.0,otzma,8,,True,2026_main,2026,2026_main:0:26
2026_20260809_kantar,2026,Kantar,Kan 11,2026-08-09,551.0,raam,6,,True,2026_main,2026,2026_main:0:26
2026_20260809_kantar,2026,Kantar,Kan 11,2026-08-09,551.0,rzp,5,,True,2026_main,2026,2026_main:0:26
2026_20260809_kantar,2026,Kantar,Kan 11,2026-08-09,551.0,shas,8,,True,2026_main,2026,2026_main:0:26
2026_20260809_kantar,2026,Kantar,Kan 11,2026-08-09,551.0,together,13,,True,2026_main,2026,2026_main:0:26
2026_20260809_kantar,2026,Kantar,Kan 11,2026-08-09,551.0,unity,0,1.9,True,2026_main,2026,2026_main:0:26
2026_20260809_kantar,2026,Kantar,Kan 11,2026-08-09,551.0,utj,8,,True,2026_main,2026,2026_main:0:26
2026_20260809_kantar,2026,Kantar,Kan 11,2026-08-09,551.0,yashar,23,,True,2026_main,2026,2026_main:0:26
2026_20260809_kantar,2026,Kantar,Kan 11,2026-08-09,551.0,yisrael_beytenu,10,,True,2026_main,2026,2026_main:0:26
2026_20260809_kantar,2026,Kantar,Kan 11,2026-08-09,551.0,zionist_home,0,3.0,True,2026_main,2026,2026_main:0:26
2026_20260810_maagarmochot,2026,Maagar Mochot,Channel 16,2026-08-10,,balad,0,3.0,True,2026_main,2026,2026_main:0:23
2026_20260810_maagarmochot,2026,Maagar Mochot,Channel 16,2026-08-10,,blue_white,0,2.2,True,2026_main,2026,2026_main:0:23
2026_20260810_maagarmochot,2026,Maagar Mochot,Channel 16,2026-08-10,,democrats,12,,True,2026_main,2026,2026_main:0:23
2026_20260810_maagarmochot,2026,Maagar Mochot,Channel 16,2026-08-10,,hadash_taal,5,,True,2026_main,2026,2026_main:0:23
2026_20260810_maagarmochot,2026,Maagar Mochot,Channel 16,2026-08-10,,likud,22,,True,2026_main,2026,2026_main:0:23
2026_20260810_maagarmochot,2026,Maagar Mochot,Channel 16,2026-08-10,,otzma,9,,True,2026_main,2026,2026_main:0:23
2026_20260810_maagarmochot,2026,Maagar Mochot,Channel 16,2026-08-10,,raam,4,,True,2026_main,2026,2026_main:0:23
2026_20260810_maagarmochot,2026,Maagar Mochot,Channel 16,2026-08-10,,rzp,4,,True,2026_main,2026,2026_main:0:23
2026_20260810_maagarmochot,2026,Maagar Mochot,Channel 16,2026-08-10,,shas,10,,True,2026_main,2026,2026_main:0:23
2026_20260810_maagarmochot,2026,Maagar Mochot,Channel 16,2026-08-10,,together,16,,True,2026_main,2026,2026_main:0:23
2026_20260810_maagarmochot,2026,Maagar Mochot,Channel 16,2026-08-10,,unity,0,2.7,True,2026_main,2026,2026_main:0:23
2026_20260810_maagarmochot,2026,Maagar Mochot,Channel 16,2026-08-10,,utj,7,,True,2026_main,2026,2026_main:0:23
2026_20260810_maagarmochot,2026,Maagar Mochot,Channel 16,2026-08-10,,yashar,22,,True,2026_main,2026,2026_main:0:23
2026_20260810_maagarmochot,2026,Maagar Mochot,Channel 16,2026-08-10,,yisrael_beytenu,9,,True,2026_main,2026,2026_main:0:23
2026_20260810_maagarmochot,2026,Maagar Mochot,Channel 16,2026-08-10,,zionist_home,0,2.6,True,2026_main,2026,2026_main:0:23
2026_20260810_midgam,2026,Midgam,HaHadashot 12,2026-08-10,502.0,balad,0,1.6,True,2026_main,2026,2026_main:0:24
2026_20260810_midgam,2026,Midgam,HaHadashot 12,2026-08-10,502.0,blue_white,0,0.8,True,2026_main,2026,2026_main:0:24
2026_20260810_midgam,2026,Midgam,HaHadashot 12,2026-08-10,502.0,democrats,11,,True,2026_main,2026,2026_main:0:24
2026_20260810_midgam,2026,Midgam,HaHadashot 12,2026-08-10,502.0,hadash_taal,5,,True,2026_main,2026,2026_main:0:24
2026_20260810_midgam,2026,Midgam,HaHadashot 12,2026-08-10,502.0,likud,22,,True,2026_main,2026,2026_main:0:24
2026_20260810_midgam,2026,Midgam,HaHadashot 12,2026-08-10,502.0,otzma,8,,True,2026_main,2026,2026_main:0:24
2026_20260810_midgam,2026,Midgam,HaHadashot 12,2026-08-10,502.0,raam,5,,True,2026_main,2026,2026_main:0:24
2026_20260810_midgam,2026,Midgam,HaHadashot 12,2026-08-10,502.0,rzp,5,,True,2026_main,2026,2026_main:0:24
2026_20260810_midgam,2026,Midgam,HaHadashot 12,2026-08-10,502.0,shas,7,,True,2026_main,2026,2026_main:0:24
2026_20260810_midgam,2026,Midgam,HaHadashot 12,2026-08-10,502.0,together,15,,True,2026_main,2026,2026_main:0:24
2026_20260810_midgam,2026,Midgam,HaHadashot 12,2026-08-10,502.0,unity,0,1.3,True,2026_main,2026,2026_main:0:24
2026_20260810_midgam,2026,Midgam,HaHadashot 12,2026-08-10,502.0,utj,8,,True,2026_main,2026,2026_main:0:24
2026_20260810_midgam,2026,Midgam,HaHadashot 12,2026-08-10,502.0,yashar,24,,True,2026_main,2026,2026_main:0:24
2026_20260810_midgam,2026,Midgam,HaHadashot 12,2026-08-10,502.0,yisrael_beytenu,10,,True,2026_main,2026,2026_main:0:24
2026_20260810_midgam,2026,Midgam,HaHadashot 12,2026-08-10,502.0,zionist_home,0,2.7,True,2026_main,2026,2026_main:0:24
2026_20260812_midgamproject,2026,Midgam Project,Channel 13,2026-08-12,1240.0,balad,0,1.2,True,2026_main,2026,2026_main:0:22
2026_20260812_midgamproject,2026,Midgam Project,Channel 13,2026-08-12,1240.0,blue_white,0,1.0,True,2026_main,2026,2026_main:0:22
2026_20260812_midgamproject,2026,Midgam Project,Channel 13,2026-08-12,1240.0,democrats,11,,True,2026_main,2026,2026_main:0:22
2026_20260812_midgamproject,2026,Midgam Project,Channel 13,2026-08-12,1240.0,hadash_taal,6,,True,2026_main,2026,2026_main:0:22
2026_20260812_midgamproject,2026,Midgam Project,Channel 13,2026-08-12,1240.0,likud,21,,True,2026_main,2026,2026_main:0:22
2026_20260812_midgamproject,2026,Midgam Project,Channel 13,2026-08-12,1240.0,otzma,8,,True,2026_main,2026,2026_main:0:22
2026_20260812_midgamproject,2026,Midgam Project,Channel 13,2026-08-12,1240.0,raam,5,,True,2026_main,2026,2026_main:0:22
2026_20260812_midgamproject,2026,Midgam Project,Channel 13,2026-08-12,1240.0,rzp,5,,True,2026_main,2026,2026_main:0:22
2026_20260812_midgamproject,2026,Midgam Project,Channel 13,2026-08-12,1240.0,shas,7,,True,2026_main,2026,2026_main:0:22
2026_20260812_midgamproject,2026,Midgam Project,Channel 13,2026-08-12,1240.0,together,12,,True,2026_main,2026,2026_main:0:22
2026_20260812_midgamproject,2026,Midgam Project,Channel 13,2026-08-12,1240.0,unity,0,1.0,True,2026_main,2026,2026_main:0:22
2026_20260812_midgamproject,2026,Midgam Project,Channel 13,2026-08-12,1240.0,utj,8,,True,2026_main,2026,2026_main:0:22
2026_20260812_midgamproject,2026,Midgam Project,Channel 13,2026-08-12,1240.0,yashar,23,,True,2026_main,2026,2026_main:0:22
2026_20260812_midgamproject,2026,Midgam Project,Channel 13,2026-08-12,1240.0,yisrael_beytenu,10,,True,2026_main,2026,2026_main:0:22
2026_20260812_midgamproject,2026,Midgam Project,Channel 13,2026-08-12,1240.0,zionist_home,4,,True,2026_main,2026,2026_main:0:22
2026_20260813_directpolls,2026,Direct Polls,i24 News,2026-08-13,512.0,balad,0,1.1,True,2026_main,2026,2026_main:0:19
2026_20260813_directpolls,2026,Direct Polls,i24 News,2026-08-13,512.0,blue_white,0,1.0,True,2026_main,2026,2026_main:0:19
2026_20260813_directpolls,2026,Direct Polls,i24 News,2026-08-13,512.0,democrats,10,,True,2026_main,2026,2026_main:0:19
2026_20260813_directpolls,2026,Direct Polls,i24 News,2026-08-13,512.0,hadash_taal,6,,True,2026_main,2026,2026_main:0:19
2026_20260813_directpolls,2026,Direct Polls,i24 News,2026-08-13,512.0,likud,30,,True,2026_main,2026,2026_main:0:19
2026_20260813_directpolls,2026,Direct Polls,i24 News,2026-08-13,512.0,otzma,7,,True,2026_main,2026,2026_main:0:19
2026_20260813_directpolls,2026,Direct Polls,i24 News,2026-08-13,512.0,raam,5,,True,2026_main,2026,2026_main:0:19
2026_20260813_directpolls,2026,Direct Polls,i24 News,2026-08-13,512.0,rzp,5,,True,2026_main,2026,2026_main:0:19
2026_20260813_directpolls,2026,Direct Polls,i24 News,2026-08-13,512.0,shas,8,,True,2026_main,2026,2026_main:0:19
2026_20260813_directpolls,2026,Direct Polls,i24 News,2026-08-13,512.0,together,8,,True,2026_main,2026,2026_main:0:19
2026_20260813_directpolls,2026,Direct Polls,i24 News,2026-08-13,512.0,unity,0,1.1,True,2026_main,2026,2026_main:0:19
2026_20260813_directpolls,2026,Direct Polls,i24 News,2026-08-13,512.0,utj,9,,True,2026_main,2026,2026_main:0:19
2026_20260813_directpolls,2026,Direct Polls,i24 News,2026-08-13,512.0,yashar,23,,True,2026_main,2026,2026_main:0:19
2026_20260813_directpolls,2026,Direct Polls,i24 News,2026-08-13,512.0,yisrael_beytenu,9,,True,2026_main,2026,2026_main:0:19
2026_20260813_directpolls,2026,Direct Polls,i24 News,2026-08-13,512.0,zionist_home,0,2.0,True,2026_main,2026,2026_main:0:19
2026_20260813_lazar,2026,Lazar,Maariv,2026-08-13,506.0,balad,0,1.5,True,2026_main,2026,2026_main:0:20
2026_20260813_lazar,2026,Lazar,Maariv,2026-08-13,506.0,blue_white,0,1.9,True,2026_main,2026,2026_main:0:20
2026_20260813_lazar,2026,Lazar,Maariv,2026-08-13,506.0,democrats,10,,True,2026_main,2026,2026_main:0:20
2026_20260813_lazar,2026,Lazar,Maariv,2026-08-13,506.0,hadash_taal,6,,True,2026_main,2026,2026_main:0:20
2026_20260813_lazar,2026,Lazar,Maariv,2026-08-13,506.0,likud,21,,True,2026_main,2026,2026_main:0:20
2026_20260813_lazar,2026,Lazar,Maariv,2026-08-13,506.0,otzma,8,,True,2026_main,2026,2026_main:0:20
2026_20260813_lazar,2026,Lazar,Maariv,2026-08-13,506.0,raam,5,,True,2026_main,2026,2026_main:0:20
2026_20260813_lazar,2026,Lazar,Maariv,2026-08-13,506.0,rzp,4,,True,2026_main,2026,2026_main:0:20
2026_20260813_lazar,2026,Lazar,Maariv,2026-08-13,506.0,shas,7,,True,2026_main,2026,2026_main:0:20
2026_20260813_lazar,2026,Lazar,Maariv,2026-08-13,506.0,together,14,,True,2026_main,2026,2026_main:0:20
2026_20260813_lazar,2026,Lazar,Maariv,2026-08-13,506.0,unity,0,1.9,True,2026_main,2026,2026_main:0:20
2026_20260813_lazar,2026,Lazar,Maariv,2026-08-13,506.0,utj,8,,True,2026_main,2026,2026_main:0:20
2026_20260813_lazar,2026,Lazar,Maariv,2026-08-13,506.0,yashar,23,,True,2026_main,2026,2026_main:0:20
2026_20260813_lazar,2026,Lazar,Maariv,2026-08-13,506.0,yisrael_beytenu,10,,True,2026_main,2026,2026_main:0:20
2026_20260813_lazar,2026,Lazar,Maariv,2026-08-13,506.0,zionist_home,4,,True,2026_main,2026,2026_main:0:20
2026_20260813_tatika,2026,Tatika,Zman Yisrael,2026-08-13,500.0,balad+hadash_taal,6,,True,2026_main,2026,2026_main:0:21
2026_20260813_tatika,2026,Tatika,Zman Yisrael,2026-08-13,500.0,blue_white,0,2.0,True,2026_main,2026,2026_main:0:21
2026_20260813_tatika,2026,Tatika,Zman Yisrael,2026-08-13,500.0,democrats,9,,True,2026_main,2026,2026_main:0:21
2026_20260813_tatika,2026,Tatika,Zman Yisrael,2026-08-13,500.0,likud,21,,True,2026_main,2026,2026_main:0:21
2026_20260813_tatika,2026,Tatika,Zman Yisrael,2026-08-13,500.0,otzma,7,,True,2026_main,2026,2026_main:0:21
2026_20260813_tatika,2026,Tatika,Zman Yisrael,2026-08-13,500.0,raam,6,,True,2026_main,2026,2026_main:0:21
2026_20260813_tatika,2026,Tatika,Zman Yisrael,2026-08-13,500.0,rzp,6,,True,2026_main,2026,2026_main:0:21
2026_20260813_tatika,2026,Tatika,Zman Yisrael,2026-08-13,500.0,shas,8,,True,2026_main,2026,2026_main:0:21
2026_20260813_tatika,2026,Tatika,Zman Yisrael,2026-08-13,500.0,together,13,,True,2026_main,2026,2026_main:0:21
2026_20260813_tatika,2026,Tatika,Zman Yisrael,2026-08-13,500.0,unity,0,1.0,True,2026_main,2026,2026_main:0:21
2026_20260813_tatika,2026,Tatika,Zman Yisrael,2026-08-13,500.0,utj,8,,True,2026_main,2026,2026_main:0:21
2026_20260813_tatika,2026,Tatika,Zman Yisrael,2026-08-13,500.0,yashar,25,,True,2026_main,2026,2026_main:0:21
2026_20260813_tatika,2026,Tatika,Zman Yisrael,2026-08-13,500.0,yisrael_beytenu,11,,True,2026_main,2026,2026_main:0:21
2026_20260813_tatika,2026,Tatika,Zman Yisrael,2026-08-13,500.0,zionist_home,0,3.0,True,2026_main,2026,2026_main:0:21
2026_20260816_kantar,2026,Kantar,Kan 11,2026-08-16,1103.0,balad,0,1.9,True,2026_main,2026,2026_main:0:18
2026_20260816_kantar,2026,Kantar,Kan 11,2026-08-16,1103.0,blue_white,0,1.4,True,2026_main,2026,2026_main:0:18
2026_20260816_kantar,2026,Kantar,Kan 11,2026-08-16,1103.0,democrats,10,,True,2026_main,2026,2026_main:0:18
2026_20260816_kantar,2026,Kantar,Kan 11,2026-08-16,1103.0,hadash_taal,6,,True,2026_main,2026,2026_main:0:18
2026_20260816_kantar,2026,Kantar,Kan 11,2026-08-16,1103.0,likud,23,,True,2026_main,2026,2026_main:0:18
2026_20260816_kantar,2026,Kantar,Kan 11,2026-08-16,1103.0,otzma,10,,True,2026_main,2026,2026_main:0:18
2026_20260816_kantar,2026,Kantar,Kan 11,2026-08-16,1103.0,raam,5,,True,2026_main,2026,2026_main:0:18
2026_20260816_kantar,2026,Kantar,Kan 11,2026-08-16,1103.0,rzp,4,,True,2026_main,2026,2026_main:0:18
2026_20260816_kantar,2026,Kantar,Kan 11,2026-08-16,1103.0,shas,7,,True,2026_main,2026,2026_main:0:18
2026_20260816_kantar,2026,Kantar,Kan 11,2026-08-16,1103.0,together,14,,True,2026_main,2026,2026_main:0:18
2026_20260816_kantar,2026,Kantar,Kan 11,2026-08-16,1103.0,unity,0,1.3,True,2026_main,2026,2026_main:0:18
2026_20260816_kantar,2026,Kantar,Kan 11,2026-08-16,1103.0,utj,8,,True,2026_main,2026,2026_main:0:18
2026_20260816_kantar,2026,Kantar,Kan 11,2026-08-16,1103.0,yashar,23,,True,2026_main,2026,2026_main:0:18
2026_20260816_kantar,2026,Kantar,Kan 11,2026-08-16,1103.0,yisrael_beytenu,10,,True,2026_main,2026,2026_main:0:18
2026_20260816_kantar,2026,Kantar,Kan 11,2026-08-16,1103.0,zionist_home,0,3.0,True,2026_main,2026,2026_main:0:18
2026_20260817_midgam,2026,Midgam,HaHadashot 12,2026-08-17,501.0,balad,0,1.8,True,2026_main,2026,2026_main:0:17
2026_20260817_midgam,2026,Midgam,HaHadashot 12,2026-08-17,501.0,blue_white,0,1.4,True,2026_main,2026,2026_main:0:17
2026_20260817_midgam,2026,Midgam,HaHadashot 12,2026-08-17,501.0,democrats,11,,True,2026_main,2026,2026_main:0:17
2026_20260817_midgam,2026,Midgam,HaHadashot 12,2026-08-17,501.0,hadash_taal,5,,True,2026_main,2026,2026_main:0:17
2026_20260817_midgam,2026,Midgam,HaHadashot 12,2026-08-17,501.0,likud,22,,True,2026_main,2026,2026_main:0:17
2026_20260817_midgam,2026,Midgam,HaHadashot 12,2026-08-17,501.0,otzma,8,,True,2026_main,2026,2026_main:0:17
2026_20260817_midgam,2026,Midgam,HaHadashot 12,2026-08-17,501.0,raam,5,,True,2026_main,2026,2026_main:0:17
2026_20260817_midgam,2026,Midgam,HaHadashot 12,2026-08-17,501.0,rzp,5,,True,2026_main,2026,2026_main:0:17
2026_20260817_midgam,2026,Midgam,HaHadashot 12,2026-08-17,501.0,shas,7,,True,2026_main,2026,2026_main:0:17
2026_20260817_midgam,2026,Midgam,HaHadashot 12,2026-08-17,501.0,together,15,,True,2026_main,2026,2026_main:0:17
2026_20260817_midgam,2026,Midgam,HaHadashot 12,2026-08-17,501.0,unity,0,1.7,True,2026_main,2026,2026_main:0:17
2026_20260817_midgam,2026,Midgam,HaHadashot 12,2026-08-17,501.0,utj,8,,True,2026_main,2026,2026_main:0:17
2026_20260817_midgam,2026,Midgam,HaHadashot 12,2026-08-17,501.0,yashar,24,,True,2026_main,2026,2026_main:0:17
2026_20260817_midgam,2026,Midgam,HaHadashot 12,2026-08-17,501.0,yisrael_beytenu,10,,True,2026_main,2026,2026_main:0:17
2026_20260817_midgam,2026,Midgam,HaHadashot 12,2026-08-17,501.0,zionist_home,0,1.5,True,2026_main,2026,2026_main:0:17
2026_20260818_directpolls,2026,Direct Polls,i24 News,2026-08-18,522.0,balad,0,1.4,True,2026_main,2026,2026_main:0:15
2026_20260818_directpolls,2026,Direct Polls,i24 News,2026-08-18,522.0,blue_white,0,1.0,True,2026_main,2026,2026_main:0:15
2026_20260818_directpolls,2026,Direct Polls,i24 News,2026-08-18,522.0,democrats,11,,True,2026_main,2026,2026_main:0:15
2026_20260818_directpolls,2026,Direct Polls,i24 News,2026-08-18,522.0,hadash_taal,5,,True,2026_main,2026,2026_main:0:15
2026_20260818_directpolls,2026,Direct Polls,i24 News,2026-08-18,522.0,likud,31,,True,2026_main,2026,2026_main:0:15
2026_20260818_directpolls,2026,Direct Polls,i24 News,2026-08-18,522.0,otzma,6,,True,2026_main,2026,2026_main:0:15
2026_20260818_directpolls,2026,Direct Polls,i24 News,2026-08-18,522.0,raam,5,,True,2026_main,2026,2026_main:0:15
2026_20260818_directpolls,2026,Direct Polls,i24 News,2026-08-18,522.0,rzp,5,,True,2026_main,2026,2026_main:0:15
2026_20260818_directpolls,2026,Direct Polls,i24 News,2026-08-18,522.0,shas,8,,True,2026_main,2026,2026_main:0:15
2026_20260818_directpolls,2026,Direct Polls,i24 News,2026-08-18,522.0,together,9,,True,2026_main,2026,2026_main:0:15
2026_20260818_directpolls,2026,Direct Polls,i24 News,2026-08-18,522.0,unity,0,1.0,True,2026_main,2026,2026_main:0:15
2026_20260818_directpolls,2026,Direct Polls,i24 News,2026-08-18,522.0,utj,8,,True,2026_main,2026,2026_main:0:15
2026_20260818_directpolls,2026,Direct Polls,i24 News,2026-08-18,522.0,yashar,24,,True,2026_main,2026,2026_main:0:15
2026_20260818_directpolls,2026,Direct Polls,i24 News,2026-08-18,522.0,yisrael_beytenu,8,,True,2026_main,2026,2026_main:0:15
2026_20260818_directpolls,2026,Direct Polls,i24 News,2026-08-18,522.0,zionist_home,0,1.1,True,2026_main,2026,2026_main:0:15
2026_20260818_filber,2026,Filber,Channel 14,2026-08-18,636.0,balad,0,2.1,True,2026_main,2026,2026_main:0:14
2026_20260818_filber,2026,Filber,Channel 14,2026-08-18,636.0,blue_white,0,0.4,True,2026_main,2026,2026_main:0:14
2026_20260818_filber,2026,Filber,Channel 14,2026-08-18,636.0,democrats,9,,True,2026_main,2026,2026_main:0:14
2026_20260818_filber,2026,Filber,Channel 14,2026-08-18,636.0,hadash_taal,5,,True,2026_main,2026,2026_main:0:14
2026_20260818_filber,2026,Filber,Channel 14,2026-08-18,636.0,likud,32,,True,2026_main,2026,2026_main:0:14
2026_20260818_filber,2026,Filber,Channel 14,2026-08-18,636.0,otzma,8,,True,2026_main,2026,2026_main:0:14
2026_20260818_filber,2026,Filber,Channel 14,2026-08-18,636.0,raam,6,,True,2026_main,2026,2026_main:0:14
2026_20260818_filber,2026,Filber,Channel 14,2026-08-18,636.0,rzp,6,,True,2026_main,2026,2026_main:0:14
2026_20260818_filber,2026,Filber,Channel 14,2026-08-18,636.0,shas,10,,True,2026_main,2026,2026_main:0:14
2026_20260818_filber,2026,Filber,Channel 14,2026-08-18,636.0,together,6,,True,2026_main,2026,2026_main:0:14
2026_20260818_filber,2026,Filber,Channel 14,2026-08-18,636.0,unity,0,0.1,True,2026_main,2026,2026_main:0:14
2026_20260818_filber,2026,Filber,Channel 14,2026-08-18,636.0,utj,7,,True,2026_main,2026,2026_main:0:14
2026_20260818_filber,2026,Filber,Channel 14,2026-08-18,636.0,yashar,24,,True,2026_main,2026,2026_main:0:14
2026_20260818_filber,2026,Filber,Channel 14,2026-08-18,636.0,yisrael_beytenu,7,,True,2026_main,2026,2026_main:0:14
2026_20260818_filber,2026,Filber,Channel 14,2026-08-18,636.0,zionist_home,0,1.2,True,2026_main,2026,2026_main:0:14
2026_20260819_kantar,2026,Kantar,Kan 11,2026-08-19,558.0,balad,0,2.1,True,2026_main,2026,2026_main:0:13
2026_20260819_kantar,2026,Kantar,Kan 11,2026-08-19,558.0,blue_white,0,1.4,True,2026_main,2026,2026_main:0:13
2026_20260819_kantar,2026,Kantar,Kan 11,2026-08-19,558.0,democrats,10,,True,2026_main,2026,2026_main:0:13
2026_20260819_kantar,2026,Kantar,Kan 11,2026-08-19,558.0,hadash_taal,6,,True,2026_main,2026,2026_main:0:13
2026_20260819_kantar,2026,Kantar,Kan 11,2026-08-19,558.0,likud,23,,True,2026_main,2026,2026_main:0:13
2026_20260819_kantar,2026,Kantar,Kan 11,2026-08-19,558.0,otzma,9,,True,2026_main,2026,2026_main:0:13
2026_20260819_kantar,2026,Kantar,Kan 11,2026-08-19,558.0,raam,5,,True,2026_main,2026,2026_main:0:13
2026_20260819_kantar,2026,Kantar,Kan 11,2026-08-19,558.0,rzp,5,,True,2026_main,2026,2026_main:0:13
2026_20260819_kantar,2026,Kantar,Kan 11,2026-08-19,558.0,shas,7,,True,2026_main,2026,2026_main:0:13
2026_20260819_kantar,2026,Kantar,Kan 11,2026-08-19,558.0,together,14,,True,2026_main,2026,2026_main:0:13
2026_20260819_kantar,2026,Kantar,Kan 11,2026-08-19,558.0,unity,0,1.6,True,2026_main,2026,2026_main:0:13
2026_20260819_kantar,2026,Kantar,Kan 11,2026-08-19,558.0,utj,8,,True,2026_main,2026,2026_main:0:13
2026_20260819_kantar,2026,Kantar,Kan 11,2026-08-19,558.0,yashar,24,,True,2026_main,2026,2026_main:0:13
2026_20260819_kantar,2026,Kantar,Kan 11,2026-08-19,558.0,yisrael_beytenu,9,,True,2026_main,2026,2026_main:0:13
2026_20260819_kantar,2026,Kantar,Kan 11,2026-08-19,558.0,zionist_home,0,2.9,True,2026_main,2026,2026_main:0:13
2026_20260819_maagarmochot,2026,Maagar Mochot,Channel 16,2026-08-19,551.0,democrats,10,,True,2026_main,2026,2026_main:0:12
2026_20260819_maagarmochot,2026,Maagar Mochot,Channel 16,2026-08-19,551.0,hadash_taal,5,,True,2026_main,2026,2026_main:0:12
2026_20260819_maagarmochot,2026,Maagar Mochot,Channel 16,2026-08-19,551.0,likud,22,,True,2026_main,2026,2026_main:0:12
2026_20260819_maagarmochot,2026,Maagar Mochot,Channel 16,2026-08-19,551.0,otzma,9,,True,2026_main,2026,2026_main:0:12
2026_20260819_maagarmochot,2026,Maagar Mochot,Channel 16,2026-08-19,551.0,raam,4,,True,2026_main,2026,2026_main:0:12
2026_20260819_maagarmochot,2026,Maagar Mochot,Channel 16,2026-08-19,551.0,rzp,4,,True,2026_main,2026,2026_main:0:12
2026_20260819_maagarmochot,2026,Maagar Mochot,Channel 16,2026-08-19,551.0,shas,9,,True,2026_main,2026,2026_main:0:12
2026_20260819_maagarmochot,2026,Maagar Mochot,Channel 16,2026-08-19,551.0,together,16,,True,2026_main,2026,2026_main:0:12
2026_20260819_maagarmochot,2026,Maagar Mochot,Channel 16,2026-08-19,551.0,utj,7,,True,2026_main,2026,2026_main:0:12
2026_20260819_maagarmochot,2026,Maagar Mochot,Channel 16,2026-08-19,551.0,yashar,25,,True,2026_main,2026,2026_main:0:12
2026_20260819_maagarmochot,2026,Maagar Mochot,Channel 16,2026-08-19,551.0,yisrael_beytenu,9,,True,2026_main,2026,2026_main:0:12
2026_20260819_midgamproject,2026,Midgam Project,Channel 13,2026-08-19,1247.0,balad,0,1.0,True,2026_main,2026,2026_main:0:11
2026_20260819_midgamproject,2026,Midgam Project,Channel 13,2026-08-19,1247.0,blue_white,0,1.8,True,2026_main,2026,2026_main:0:11
2026_20260819_midgamproject,2026,Midgam Project,Channel 13,2026-08-19,1247.0,democrats,11,,True,2026_main,2026,2026_main:0:11
2026_20260819_midgamproject,2026,Midgam Project,Channel 13,2026-08-19,1247.0,hadash_taal,5,,True,2026_main,2026,2026_main:0:11
2026_20260819_midgamproject,2026,Midgam Project,Channel 13,2026-08-19,1247.0,likud,23,,True,2026_main,2026,2026_main:0:11
2026_20260819_midgamproject,2026,Midgam Project,Channel 13,2026-08-19,1247.0,otzma,8,,True,2026_main,2026,2026_main:0:11
2026_20260819_midgamproject,2026,Midgam Project,Channel 13,2026-08-19,1247.0,raam,5,,True,2026_main,2026,2026_main:0:11
2026_20260819_midgamproject,2026,Midgam Project,Channel 13,2026-08-19,1247.0,rzp,5,,True,2026_main,2026,2026_main:0:11
2026_20260819_midgamproject,2026,Midgam Project,Channel 13,2026-08-19,1247.0,shas,7,,True,2026_main,2026,2026_main:0:11
2026_20260819_midgamproject,2026,Midgam Project,Channel 13,2026-08-19,1247.0,together,13,,True,2026_main,2026,2026_main:0:11
2026_20260819_midgamproject,2026,Midgam Project,Channel 13,2026-08-19,1247.0,unity,0,1.2,True,2026_main,2026,2026_main:0:11
2026_20260819_midgamproject,2026,Midgam Project,Channel 13,2026-08-19,1247.0,utj,8,,True,2026_main,2026,2026_main:0:11
2026_20260819_midgamproject,2026,Midgam Project,Channel 13,2026-08-19,1247.0,yashar,26,,True,2026_main,2026,2026_main:0:11
2026_20260819_midgamproject,2026,Midgam Project,Channel 13,2026-08-19,1247.0,yisrael_beytenu,9,,True,2026_main,2026,2026_main:0:11
2026_20260819_midgamproject,2026,Midgam Project,Channel 13,2026-08-19,1247.0,zionist_home,0,1.6,True,2026_main,2026,2026_main:0:11
2026_20260820_kantar,2026,Kantar,Israel Hayom,2026-08-20,553.0,balad+hadash_taal,8,,True,2026_main,2026,2026_main:0:7
2026_20260820_kantar,2026,Kantar,Israel Hayom,2026-08-20,553.0,blue_white,0,2.1,True,2026_main,2026,2026_main:0:7
2026_20260820_kantar,2026,Kantar,Israel Hayom,2026-08-20,553.0,democrats,10,,True,2026_main,2026,2026_main:0:7
2026_20260820_kantar,2026,Kantar,Israel Hayom,2026-08-20,553.0,likud,22,,True,2026_main,2026,2026_main:0:7
2026_20260820_kantar,2026,Kantar,Israel Hayom,2026-08-20,553.0,otzma,9,,True,2026_main,2026,2026_main:0:7
2026_20260820_kantar,2026,Kantar,Israel Hayom,2026-08-20,553.0,raam,5,,True,2026_main,2026,2026_main:0:7
2026_20260820_kantar,2026,Kantar,Israel Hayom,2026-08-20,553.0,rzp,5,,True,2026_main,2026,2026_main:0:7
2026_20260820_kantar,2026,Kantar,Israel Hayom,2026-08-20,553.0,shas,7,,True,2026_main,2026,2026_main:0:7
2026_20260820_kantar,2026,Kantar,Israel Hayom,2026-08-20,553.0,together,13,,True,2026_main,2026,2026_main:0:7
2026_20260820_kantar,2026,Kantar,Israel Hayom,2026-08-20,553.0,unity,0,1.7,True,2026_main,2026,2026_main:0:7
2026_20260820_kantar,2026,Kantar,Israel Hayom,2026-08-20,553.0,utj,8,,True,2026_main,2026,2026_main:0:7
2026_20260820_kantar,2026,Kantar,Israel Hayom,2026-08-20,553.0,yashar,23,,True,2026_main,2026,2026_main:0:7
2026_20260820_kantar,2026,Kantar,Israel Hayom,2026-08-20,553.0,yisrael_beytenu,10,,True,2026_main,2026,2026_main:0:7
2026_20260820_kantar,2026,Kantar,Israel Hayom,2026-08-20,553.0,zionist_home,0,2.5,True,2026_main,2026,2026_main:0:7
2026_20260820_lazar,2026,Lazar,Maariv,2026-08-20,501.0,balad,0,1.2,True,2026_main,2026,2026_main:0:9
2026_20260820_lazar,2026,Lazar,Maariv,2026-08-20,501.0,blue_white,0,1.1,True,2026_main,2026,2026_main:0:9
2026_20260820_lazar,2026,Lazar,Maariv,2026-08-20,501.0,democrats,10,,True,2026_main,2026,2026_main:0:9
2026_20260820_lazar,2026,Lazar,Maariv,2026-08-20,501.0,hadash_taal,6,,True,2026_main,2026,2026_main:0:9
2026_20260820_lazar,2026,Lazar,Maariv,2026-08-20,501.0,likud,20,,True,2026_main,2026,2026_main:0:9
2026_20260820_lazar,2026,Lazar,Maariv,2026-08-20,501.0,otzma,9,,True,2026_main,2026,2026_main:0:9
2026_20260820_lazar,2026,Lazar,Maariv,2026-08-20,501.0,raam,5,,True,2026_main,2026,2026_main:0:9
2026_20260820_lazar,2026,Lazar,Maariv,2026-08-20,501.0,rzp,5,,True,2026_main,2026,2026_main:0:9
2026_20260820_lazar,2026,Lazar,Maariv,2026-08-20,501.0,shas,7,,True,2026_main,2026,2026_main:0:9
2026_20260820_lazar,2026,Lazar,Maariv,2026-08-20,501.0,together,14,,True,2026_main,2026,2026_main:0:9
2026_20260820_lazar,2026,Lazar,Maariv,2026-08-20,501.0,unity,0,1.1,True,2026_main,2026,2026_main:0:9
2026_20260820_lazar,2026,Lazar,Maariv,2026-08-20,501.0,utj,8,,True,2026_main,2026,2026_main:0:9
2026_20260820_lazar,2026,Lazar,Maariv,2026-08-20,501.0,yashar,26,,True,2026_main,2026,2026_main:0:9
2026_20260820_lazar,2026,Lazar,Maariv,2026-08-20,501.0,yisrael_beytenu,10,,True,2026_main,2026,2026_main:0:9
2026_20260820_lazar,2026,Lazar,Maariv,2026-08-20,501.0,zionist_home,0,2.9,True,2026_main,2026,2026_main:0:9
2026_20260820_tatika,2026,Tatika,Zman Yisrael,2026-08-20,500.0,balad+hadash_taal,7,,True,2026_main,2026,2026_main:0:8
2026_20260820_tatika,2026,Tatika,Zman Yisrael,2026-08-20,500.0,blue_white,0,2.4,True,2026_main,2026,2026_main:0:8
2026_20260820_tatika,2026,Tatika,Zman Yisrael,2026-08-20,500.0,democrats,8,,True,2026_main,2026,2026_main:0:8
2026_20260820_tatika,2026,Tatika,Zman Yisrael,2026-08-20,500.0,likud,21,,True,2026_main,2026,2026_main:0:8
2026_20260820_tatika,2026,Tatika,Zman Yisrael,2026-08-20,500.0,otzma,7,,True,2026_main,2026,2026_main:0:8
2026_20260820_tatika,2026,Tatika,Zman Yisrael,2026-08-20,500.0,raam,5,,True,2026_main,2026,2026_main:0:8
2026_20260820_tatika,2026,Tatika,Zman Yisrael,2026-08-20,500.0,rzp,6,,True,2026_main,2026,2026_main:0:8
2026_20260820_tatika,2026,Tatika,Zman Yisrael,2026-08-20,500.0,shas,9,,True,2026_main,2026,2026_main:0:8
2026_20260820_tatika,2026,Tatika,Zman Yisrael,2026-08-20,500.0,together,15,,True,2026_main,2026,2026_main:0:8
2026_20260820_tatika,2026,Tatika,Zman Yisrael,2026-08-20,500.0,unity,0,0.8,True,2026_main,2026,2026_main:0:8
2026_20260820_tatika,2026,Tatika,Zman Yisrael,2026-08-20,500.0,utj,8,,True,2026_main,2026,2026_main:0:8
2026_20260820_tatika,2026,Tatika,Zman Yisrael,2026-08-20,500.0,yashar,23,,True,2026_main,2026,2026_main:0:8
2026_20260820_tatika,2026,Tatika,Zman Yisrael,2026-08-20,500.0,yisrael_beytenu,11,,True,2026_main,2026,2026_main:0:8
2026_20260820_tatika,2026,Tatika,Zman Yisrael,2026-08-20,500.0,zionist_home,0,3.0,True,2026_main,2026,2026_main:0:8
2026_20260823_kantar,2026,Kantar,Kan 11,2026-08-23,552.0,balad+hadash_taal,7,,True,2026_main,2026,2026_main:0:5
2026_20260823_kantar,2026,Kantar,Kan 11,2026-08-23,552.0,blue_white,0,1.8,True,2026_main,2026,2026_main:0:5
2026_20260823_kantar,2026,Kantar,Kan 11,2026-08-23,552.0,democrats,10,,True,2026_main,2026,2026_main:0:5
2026_20260823_kantar,2026,Kantar,Kan 11,2026-08-23,552.0,likud,22,,True,2026_main,2026,2026_main:0:5
2026_20260823_kantar,2026,Kantar,Kan 11,2026-08-23,552.0,otzma,9,,True,2026_main,2026,2026_main:0:5
2026_20260823_kantar,2026,Kantar,Kan 11,2026-08-23,552.0,raam,5,,True,2026_main,2026,2026_main:0:5
2026_20260823_kantar,2026,Kantar,Kan 11,2026-08-23,552.0,rzp,5,,True,2026_main,2026,2026_main:0:5
2026_20260823_kantar,2026,Kantar,Kan 11,2026-08-23,552.0,shas,7,,True,2026_main,2026,2026_main:0:5
2026_20260823_kantar,2026,Kantar,Kan 11,2026-08-23,552.0,together,14,,True,2026_main,2026,2026_main:0:5
2026_20260823_kantar,2026,Kantar,Kan 11,2026-08-23,552.0,unity,0,1.6,True,2026_main,2026,2026_main:0:5
2026_20260823_kantar,2026,Kantar,Kan 11,2026-08-23,552.0,utj,8,,True,2026_main,2026,2026_main:0:5
2026_20260823_kantar,2026,Kantar,Kan 11,2026-08-23,552.0,yashar,24,,True,2026_main,2026,2026_main:0:5
2026_20260823_kantar,2026,Kantar,Kan 11,2026-08-23,552.0,yisrael_beytenu,9,,True,2026_main,2026,2026_main:0:5
2026_20260823_kantar,2026,Kantar,Kan 11,2026-08-23,552.0,zionist_home,0,2.8,True,2026_main,2026,2026_main:0:5
2026_20260824_midgam,2026,Midgam,HaHadashot 12,2026-08-24,500.0,balad+hadash_taal,7,,True,2026_main,2026,2026_main:0:4
2026_20260824_midgam,2026,Midgam,HaHadashot 12,2026-08-24,500.0,blue_white,0,0.4,True,2026_main,2026,2026_main:0:4
2026_20260824_midgam,2026,Midgam,HaHadashot 12,2026-08-24,500.0,democrats,11,,True,2026_main,2026,2026_main:0:4
2026_20260824_midgam,2026,Midgam,HaHadashot 12,2026-08-24,500.0,likud,22,,True,2026_main,2026,2026_main:0:4
2026_20260824_midgam,2026,Midgam,HaHadashot 12,2026-08-24,500.0,otzma,9,,True,2026_main,2026,2026_main:0:4
2026_20260824_midgam,2026,Midgam,HaHadashot 12,2026-08-24,500.0,raam,4,,True,2026_main,2026,2026_main:0:4
2026_20260824_midgam,2026,Midgam,HaHadashot 12,2026-08-24,500.0,rzp,4,,True,2026_main,2026,2026_main:0:4
2026_20260824_midgam,2026,Midgam,HaHadashot 12,2026-08-24,500.0,shas,7,,True,2026_main,2026,2026_main:0:4
2026_20260824_midgam,2026,Midgam,HaHadashot 12,2026-08-24,500.0,together,15,,True,2026_main,2026,2026_main:0:4
2026_20260824_midgam,2026,Midgam,HaHadashot 12,2026-08-24,500.0,unity,0,0.8,True,2026_main,2026,2026_main:0:4
2026_20260824_midgam,2026,Midgam,HaHadashot 12,2026-08-24,500.0,utj,8,,True,2026_main,2026,2026_main:0:4
2026_20260824_midgam,2026,Midgam,HaHadashot 12,2026-08-24,500.0,yashar,24,,True,2026_main,2026,2026_main:0:4
2026_20260824_midgam,2026,Midgam,HaHadashot 12,2026-08-24,500.0,yisrael_beytenu,9,,True,2026_main,2026,2026_main:0:4
2026_20260824_midgam,2026,Midgam,HaHadashot 12,2026-08-24,500.0,zionist_home,0,2.9,True,2026_main,2026,2026_main:0:4
